customer_id,age,income,city,education,experience_years,employment_type,credit_score,loan_amount,default
101872,33,59985,Jaipur,Graduate,7,Salaried,790,,No
100356,25,63499,Delhi,Postgraduate,4,Salaried,666,75592,No
101342,35,48128,Mumbai,Postgraduate,9,Business,689,36649,No
100910,57,109811,Mumbai,Graduate,31,Salaried,742,129423,No
101297,44,138290,Hyderabad,10th,17,Salaried,764,,No
101280,32,74594,Pune,10th,6,Salaried,736,41080,No
100943,42,78226,Delhi,10th,16,Salaried,850,23758,No
101743,36,65645,Mumbai,Graduate,13,Salaried,637,78358,Yes
100067,34,14382,Pune,Postgraduate,7,Salaried,701,14419,No
101331,50,90913,Bangalore,Graduate,27,Self-Employed,675,,No
100057,27,42326,Mumbai,Graduate,6,Contract,709,1780,No
101300,38,102807,Mumbai,Postgraduate,18,Salaried,850,101769,No
101124,24,45169,Hyderabad,Graduate,4,Salaried,807,32322,No
100588,27,49190,Mumbai,Postgraduate,3,Salaried,794,46879,No
100377,44,45126,Delhi,12th,23,Salaried,814,50329,No
100277,37,79917,Delhi,Graduate,12,Salaried,,32259,No
100750,21,49150,Kolkata,Diploma,0,Self-Employed,674,46180,No
100130,30,81641,Bangalore,Graduate,3,Salaried,600,44465,Yes
101658,48,17458,Chennai,12th,23,Unemployed,728,21754,No
101864,18,48850,Bangalore,Graduate,,Salaried,784,41428,No
100678,53,23259,Delhi,Postgraduate,31,Contract,542,1811,Yes
101676,32,57249,Kolkata,Graduate,8,Contract,578,8999,Yes
101994,42,83133,Mumbai,Postgraduate,23,Salaried,778,91480,No
101089,32,18807,Hyderabad,Graduate,9,Salaried,781,11347,No
101934,34,83580,Pune,Graduate,15,Self-Employed,661,33783,No
100101,21,67651,Kolkata,Graduate,0,Salaried,643,41820,No
101185,25,35810,Bangalore,12th,0,Self-Employed,802,21029,No
100969,35,20206,Chennai,12th,11,Self-Employed,774,10317,No
100797,35,75381,Chennai,10th,15,Unemployed,,70997,No
100030,32,41969,Jaipur,Graduate,7,Salaried,730,,No
100632,50,70958,,Graduate,29,Contract,762,61551,No
100949,35,,Pune,Graduate,9,Salaried,678,14326,No
100576,18,29837,Hyderabad,Graduate,0,Salaried,747,29649,No
100912,37,66986,,12th,13,Contract,533,13032,Yes
101086,39,65224,Hyderabad,Diploma,12,Salaried,717,60244,No
100454,40,37102,Pune,Graduate,19,Business,581,15496,Yes
101620,46,89962,Hyderabad,12th,19,Self-Employed,604,97801,Yes
101298,32,32698,Pune,Graduate,14,Salaried,736,14224,No
101084,56,29752,Pune,Graduate,37,Business,585,18776,Yes
100256,30,67177,Chennai,12th,9,Contract,758,61198,No
100126,57,74310,Hyderabad,Graduate,32,Business,761,39390,No
101939,46,45383,Mumbai,Graduate,19,Salaried,626,1000,No
100253,56,24759,Delhi,Graduate,35,Salaried,684,14926,No
100589,43,35421,Chennai,Postgraduate,,Salaried,674,28713,No
101579,28,35124,Hyderabad,Diploma,10,Salaried,735,45074,No
100829,31,92817,Kolkata,Diploma,10,Business,628,94387,No
100511,38,71691,Bangalore,Graduate,17,Salaried,710,1000,No
100894,47,,Pune,10th,21,Salaried,743,70742,No
100072,50,108549,Mumbai,Graduate,31,Salaried,628,64102,No
101619,31,106108,Hyderabad,Graduate,9,Salaried,621,89572,No
101543,52,89212,Kolkata,Graduate,27,Self-Employed,576,98065,Yes
100249,53,49567,Jaipur,Graduate,34,Business,719,33920,No
101460,42,28873,Pune,Graduate,17,Salaried,679,16532,No
100214,42,42892,Pune,Postgraduate,17,Salaried,732,47692,No
100914,51,83445,Bangalore,Diploma,31,Business,684,84073,No
101753,28,109552,Jaipur,Graduate,10,Self-Employed,687,126730,No
101250,19,19796,Pune,Graduate,0,Unemployed,688,17881,No
101708,54,115705,Kolkata,10th,30,Salaried,741,31272,No
101188,33,89915,Chennai,10th,11,Business,746,47464,No
100364,39,101424,Delhi,Graduate,15,Contract,644,62099,No
101483,52,45088,Chennai,,33,Contract,705,37212,No
100682,24,46582,Mumbai,Graduate,3,Self-Employed,720,23753,No
101633,29,48306,Hyderabad,Diploma,8,Self-Employed,707,1000,No
101095,42,34199,Jaipur,12th,24,Salaried,737,22007,No
102000,28,67067,Jaipur,12th,4,Contract,763,58906,No
101859,38,36934,Mumbai,Postgraduate,11,Salaried,705,18091,No
100992,18,76592,Hyderabad,10th,0,Salaried,689,71522,No
101522,41,13958,Delhi,Graduate,21,Contract,684,12669,No
100113,36,56252,Delhi,Diploma,14,Salaried,697,43901,No
101497,56,86130,Chennai,Graduate,,Contract,786,62286,No
101463,33,,Mumbai,Postgraduate,10,Salaried,724,31064,No
100386,37,36240,Chennai,Postgraduate,11,Salaried,702,23970,No
101404,42,52090,Pune,10th,21,Self-Employed,679,14408,No
101059,40,28393,Pune,12th,16,Salaried,,22914,No
100759,26,29533,Chennai,Diploma,7,Salaried,763,1000,No
100326,23,,Jaipur,Postgraduate,1,Contract,837,58304,No
101635,32,,Bangalore,Diploma,8,Contract,578,45113,No
100792,37,40478,kolkata,Graduate,14,Salaried,621,50715,No
100371,35,50481,Hyderabad,Graduate,14,Self-Employed,735,17645,No
101831,42,49203,Bangalore,Graduate,22,Salaried,774,44337,No
100071,39,93532,Mumbai,Diploma,14,Business,656,115649,No
100862,20,71770,Jaipur,Postgraduate,2,Salaried,683,80814,No
101493,29,72258,Bangalore,Graduate,2,Business,736,81702,No
101566,32,56585,Hyderabad,12th,10,Self-Employed,648,10540,No
101703,41,33227,Bangalore,Graduate,18,Unemployed,667,21320,No
101484,31,53092,Jaipur,10th,8,Salaried,714,,No
101810,44,85908,Jaipur,Postgraduate,23,Contract,722,37006,No
100482,,141598,Delhi,Postgraduate,6,Contract,755,29531,No
100283,51,106069,CHENNAI,Graduate,33,Salaried,749,60298,No
101659,25,,Chennai,Diploma,7,Business,691,50473,No
101567,36,62385,Pune,Graduate,13,Unemployed,719,26785,No
101741,34,37124,Bangalore,Graduate,7,Business,644,20393,Yes
100212,46,,Pune,Postgraduate,27,Unemployed,663,71409,No
100299,,78656,Hyderabad,Diploma,22,Salaried,645,77810,No
101896,31,95415,Pune,Graduate,4,Self-Employed,652,18615,No
101845,37,133241,Hyderabad,Graduate,18,Salaried,,96727,No
100655,61,38303,Bangalore,Postgraduate,34,Salaried,791,23151,No
101239,,60881,Hyderabad,Postgraduate,22,Salaried,628,15363,No
101512,33,33957,Pune,12th,7,Business,665,23817,No
101943,38,39607,Hyderabad,Graduate,18,Salaried,630,24128,No
100921,46,37039,Mumbai,Postgraduate,25,Salaried,677,55634,No
100998,41,27781,Kolkata,Graduate,22,Salaried,818,17688,No
100432,18,31391,Kolkata,Graduate,,Salaried,761,34955,No
101379,29,72647,Mumbai,Graduate,4,Salaried,729,,No
100241,27,58298,pune,12th,3,Salaried,,23006,No
100884,45,70744,Delhi,Postgraduate,21,Business,774,70540,No
100624,48,119472,Mumbai,Diploma,22,Contract,764,137540,No
100258,28,43637,Pune,Postgraduate,4,Self-Employed,720,21314,No
100615,59,76453,Chennai,Diploma,32,Unemployed,850,47311,No
100548,33,40314,Pune,Postgraduate,11,Salaried,688,29373,No
100775,41,41980,Mumbai,Graduate,19,Salaried,765,12147,No
101428,24,117781,Hyderabad,Postgraduate,0,Salaried,691,136563,No
101046,44,17812,Bangalore,12th,21,Business,644,1069,No
101801,54,25627,Delhi,Graduate,33,Unemployed,686,31201,No
100763,61,89997,Mumbai,Graduate,37,Contract,713,71090,No
100385,27,,Mumbai,Graduate,0,Self-Employed,553,36311,Yes
101109,29,,Pune,Graduate,3,Salaried,598,72521,No
100978,18,34531,Hyderabad,12th,0,Salaried,711,30939,No
100355,35,107115,Mumbai,Diploma,8,Business,,115242,No
101616,67,82383,Hyderabad,Diploma,44,Salaried,693,34844,No
101837,24,108640,Kolkata,Graduate,5,Self-Employed,753,84763,No
101041,52,76934,Mumbai,Postgraduate,28,Self-Employed,821,58918,No
101113,44,46612,Hyderabad,12th,24,Business,719,50850,No
100498,33,47156,Hyderabad,Postgraduate,12,Salaried,670,16200,No
100396,30,24780,Bangalore,Postgraduate,5,Salaried,634,7094,No
101557,44,78228,Mumbai,Graduate,18,Unemployed,651,86123,No
100468,43,56160,Mumbai,Graduate,20,Salaried,662,53211,No
100891,43,59443,Chennai,Graduate,25,Self-Employed,651,42999,No
101199,37,44816,Hyderabad,Graduate,11,Contract,658,34906,No
100369,36,29762,Mumbai,Postgraduate,18,Salaried,640,28662,No
101905,34,133682,Hyderabad,Graduate,13,Self-Employed,697,123831,No
101885,35,53095,CHENNAI,10th,13,Salaried,689,46084,No
100748,27,29203,Bangalore,Graduate,3,Salaried,720,22889,No
100533,34,74654,Kolkata,Graduate,13,Salaried,749,15816,No
100807,37,52615,Jaipur,10th,,Self-Employed,593,28191,Yes
101229,45,84434,Hyderabad,Postgraduate,24,Self-Employed,806,100146,No
101991,43,21721,Mumbai,Graduate,22,Self-Employed,625,1000,No
101917,27,52418,Hyderabad,Postgraduate,6,Unemployed,715,43232,No
101711,46,24968,Kolkata,Graduate,22,Salaried,622,28057,No
101555,33,19991,Delhi,Postgraduate,15,Salaried,629,16478,Yes
101321,36,61265,Jaipur,Diploma,12,Business,765,,No
100308,29,49728,Mumbai,Graduate,4,Contract,717,18311,No
101678,50,50638,Kolkata,10th,27,Salaried,803,12477,No
100867,38,34678,Chennai,Postgraduate,19,Contract,711,32669,No
101577,19,34805,Delhi,12th,0,Contract,720,23259,No
100534,23,33184,Chennai,Graduate,0,Self-Employed,723,41358,No
100658,35,89745,Bangalore,Postgraduate,16,Salaried,,61418,Yes
101265,37,79306,Chennai,Postgraduate,13,Self-Employed,657,58130,No
100235,56,28253,Delhi,Graduate,38,Unemployed,692,3663,No
100122,26,84679,Pune,Graduate,2,Salaried,626,74423,No
101709,34,69447,Hyderabad,12th,16,Self-Employed,694,26941,No
100954,49,126962,Jaipur,Graduate,25,Unemployed,716,142632,No
100621,27,81029,Jaipur,10th,5,Contract,709,89466,No
101184,,45851,Jaipur,Diploma,0,Salaried,778,51295,No
100309,40,73796,Kolkata,Graduate,16,Contract,725,35907,No
100137,27,58169,BANGALORE,Postgraduate,4,Contract,696,31099,No
100558,31,55102,Kolkata,Graduate,6,Salaried,728,53105,No
101685,23,76634,Mumbai,Graduate,0,Contract,785,64349,No
100587,30,26622,Jaipur,12th,8,Business,718,30113,No
101652,38,,Kolkata,Postgraduate,17,Salaried,624,24739,Yes
100674,31,40893,pune,Graduate,4,Business,684,31305,No
100839,45,186357,Chennai,Postgraduate,20,Salaried,700,174802,No
100111,18,40775,Delhi,Postgraduate,0,Salaried,618,15623,No
101170,44,43753,Mumbai,Graduate,19,Salaried,800,15484,No
101972,18,29997,Hyderabad,Graduate,0,Business,810,24371,No
101474,35,30692,Hyderabad,Postgraduate,8,Business,584,14864,Yes
101740,52,26204,,Graduate,26,Contract,615,16579,No
101248,27,36748,Bangalore,Diploma,9,Contract,615,39122,No
100213,45,89355,Chennai,Graduate,27,Business,683,92721,No
101779,31,17562,Kolkata,Postgraduate,4,Salaried,725,4776,No
101126,24,82611,Jaipur,Postgraduate,0,Contract,735,85530,No
100683,30,45885,Kolkata,Graduate,5,Business,639,40907,No
101963,40,56512,Hyderabad,Postgraduate,13,Self-Employed,729,18587,No
101850,39,25006,Chennai,12th,19,Salaried,711,23856,No
100414,48,33205,Chennai,Graduate,25,Business,557,15120,No
101332,47,23504,Jaipur,,23,Salaried,697,9250,No
100787,43,36011,Hyderabad,10th,18,Business,669,18935,No
101354,43,57384,,Postgraduate,20,Business,738,24242,No
100879,35,64589,Mumbai,Graduate,15,Salaried,735,15565,No
101664,29,65310,Pune,Diploma,5,Salaried,740,76412,No
101285,27,23301,Jaipur,Graduate,4,Salaried,,25436,No
100790,18,60771,Delhi,Postgraduate,0,Self-Employed,671,66582,No
101830,35,71653,Mumbai,Graduate,11,Salaried,,36648,No
101204,40,111131,Mumbai,Diploma,18,Self-Employed,717,123966,No
100812,31,38775,Chennai,Graduate,7,,781,35783,No
100716,46,17328,Hyderabad,12th,23,Salaried,710,14262,No
101450,35,43809,Pune,Postgraduate,11,Salaried,678,25703,No
101671,33,96886,Delhi,Graduate,10,Salaried,680,91947,No
101196,39,19557,Hyderabad,Postgraduate,12,Unemployed,709,22955,No
101231,29,43706,Jaipur,Graduate,5,Business,773,7936,No
100606,54,49692,Bangalore,Postgraduate,32,Salaried,715,29798,No
100272,21,42071,Pune,Graduate,0,Salaried,724,40080,No
101393,55,52807,Hyderabad,,31,Salaried,672,7030,No
100233,35,18611,Mumbai,Postgraduate,16,Salaried,741,1000,No
100050,18,59901,Mumbai,Postgraduate,0,Salaried,650,27307,No
100466,33,,Jaipur,Graduate,13,Salaried,646,99302,No
101111,33,29031,Hyderabad,Postgraduate,11,Salaried,585,30406,Yes
100860,41,61197,Bangalore,Graduate,14,Salaried,686,25767,No
100697,38,99714,Hyderabad,Graduate,14,Salaried,666,120168,No
101562,28,36274,Bangalore,Graduate,4,Contract,817,37600,No
101884,29,33705,Pune,Postgraduate,11,Salaried,743,30540,No
100530,26,29528,Hyderabad,Postgraduate,0,Salaried,758,20633,No
100175,38,34744,Hyderabad,Graduate,18,Salaried,587,6969,Yes
100724,42,124244,Mumbai,Graduate,19,Salaried,726,87444,No
100417,51,74489,Mumbai,10th,30,Salaried,,44457,No
100239,28,43968,,Graduate,7,Salaried,765,15030,No
101482,31,13139,Bangalore,10th,9,Contract,709,15891,No
101344,47,108184,Bangalore,Postgraduate,28,Salaried,502,69017,Yes
101068,47,55559,Chennai,Postgraduate,24,Salaried,813,36705,No
100024,21,26775,Mumbai,10th,0,Business,613,10238,Yes
101778,35,27986,Jaipur,Graduate,11,Salaried,704,38453,No
100065,43,,Hyderabad,Postgraduate,21,Salaried,724,84407,No
100291,150,143126,Mumbai,12th,10,Business,826,131949,No
100190,20,76023,Bangalore,Graduate,1,Salaried,708,42860,No
100705,19,63083,Chennai,12th,0,Salaried,727,68403,No
101826,39,104771,Bangalore,Graduate,19,Self-Employed,,99946,Yes
101143,33,52083,Jaipur,Graduate,10,Salaried,640,67471,No
100357,35,44891,Hyderabad,Postgraduate,9,Self-Employed,757,17842,No
100419,47,68184,Kolkata,Graduate,24,Salaried,652,16466,Yes
101251,38,76640,Jaipur,Graduate,17,Salaried,777,64221,No
100935,39,89047,Bangalore,Graduate,17,Business,714,44442,No
100198,37,55582,Pune,Postgraduate,10,Business,687,46614,No
100583,41,53416,Bangalore,Postgraduate,20,Salaried,783,44389,No
101140,42,47472,Bangalore,Graduate,15,Salaried,733,36361,No
101825,37,38045,Delhi,Graduate,11,Business,715,19976,No
101946,31,90899,Hyderabad,Graduate,13,Contract,625,83212,No
100436,36,44885,Jaipur,Graduate,12,Unemployed,704,35341,No
100102,31,33489,Pune,Graduate,4,Salaried,668,18924,No
101666,35,27536,Mumbai,Graduate,9,Salaried,765,15816,No
100397,18,33126,Pune,Graduate,0,Salaried,627,5139,No
101951,18,73021,Chennai,Graduate,0,Self-Employed,,8762,No
100222,18,38520,BANGALORE,Graduate,0,Self-Employed,596,23535,Yes
101687,30,,Delhi,Diploma,9,Self-Employed,603,239644,Yes
101507,42,65691,Bangalore,Graduate,16,Salaried,686,39231,No
101796,27,45982,Mumbai,Diploma,7,Salaried,599,25066,Yes
100347,21,42266,Mumbai,Postgraduate,3,Salaried,709,33617,No
101032,18,38294,Pune,Graduate,0,Salaried,774,39946,No
100893,46,83919,Mumbai,Diploma,19,Salaried,636,84492,No
101359,20,70762,Bangalore,Graduate,0,Unemployed,717,84319,No
100556,31,73802,Delhi,12th,12,Salaried,624,78350,No
100747,37,62807,Bangalore,Postgraduate,19,Business,755,5210,No
101552,33,23220,Mumbai,Graduate,15,Salaried,571,19888,No
100542,24,27527,Pune,Graduate,0,Salaried,,1000,No
100911,32,40972,Jaipur,Postgraduate,14,Salaried,768,15141,No
101403,47,61243,,Postgraduate,,Salaried,587,72567,Yes
100117,35,48502,Hyderabad,12th,8,Salaried,816,51289,No
100834,27,47306,Mumbai,Diploma,7,Contract,770,54535,No
101950,34,27218,Chennai,Graduate,8,Business,607,3831,Yes
100813,49,143123,Hyderabad,Diploma,31,,720,73932,No
101318,32,32043,Chennai,,12,Contract,795,1754,No
101009,,99765,Delhi,Graduate,21,Salaried,654,128048,No
100307,48,76787,Hyderabad,Diploma,26,Contract,786,82489,No
101106,25,67095,Chennai,Postgraduate,3,Salaried,708,68591,No
100483,19,164550,Hyderabad,Graduate,0,Salaried,794,162611,No
101432,43,115325,Hyderabad,12th,18,Self-Employed,674,16896,No
101081,32,106445,Hyderabad,Graduate,11,Salaried,523,91292,Yes
100574,33,53502,Kolkata,Postgraduate,10,Salaried,827,36691,No
100622,40,84886,Kolkata,,13,Salaried,730,56488,No
101909,23,75912,Chennai,Postgraduate,1,Business,735,51778,No
101272,41,34029,Hyderabad,Postgraduate,17,Salaried,772,12303,No
100080,18,42937,Delhi,Graduate,0,Unemployed,,22677,No
101923,24,45458,Delhi,Graduate,0,Business,712,17935,No
100033,35,71474,mumbai,Graduate,10,Salaried,763,23525,No
101548,38,123215,Jaipur,Graduate,13,Contract,661,59711,No
101038,20,60406,Bangalore,Graduate,1,Salaried,601,35788,No
101573,38,65612,Chennai,Postgraduate,13,Business,534,40932,Yes
100354,33,25947,Chennai,Postgraduate,6,Salaried,755,11740,No
100165,45,131188,Bangalore,Graduate,22,Self-Employed,714,67880,No
100205,21,32502,Delhi,Postgraduate,0,Business,524,21999,Yes
101058,47,61544,Hyderabad,Graduate,29,Salaried,758,22217,No
101373,,122161,Hyderabad,Diploma,0,Salaried,716,35138,No
101979,27,75173,Jaipur,Graduate,4,Self-Employed,689,8852,No
100499,26,84948,Kolkata,Diploma,1,Salaried,666,73936,No
101636,31,63694,Hyderabad,Diploma,8,Unemployed,648,52956,Yes
101978,44,121918,Pune,Diploma,21,Unemployed,665,67856,No
101975,35,66883,Pune,Graduate,10,Salaried,680,73889,No
100614,24,54803,Pune,Graduate,0,Unemployed,760,48366,No
100435,50,62256,Hyderabad,Postgraduate,27,Unemployed,735,2195,No
101501,43,105287,Delhi,Diploma,19,Business,789,92691,No
100220,36,48013,Delhi,Graduate,12,Business,582,38714,No
101942,31,108197,Mumbai,Graduate,11,Salaried,742,16231,No
101475,27,37076,Chennai,Graduate,1,Contract,671,16628,No
100634,,65271,Hyderabad,Diploma,,Business,797,20215,No
101390,27,59372,Hyderabad,Graduate,5,Salaried,693,55927,No
101309,46,144892,Jaipur,Graduate,20,Salaried,758,155842,No
100060,45,61179,Mumbai,Graduate,19,Salaried,644,40384,No
100300,41,24062,Bangalore,Graduate,14,Self-Employed,746,26039,No
101722,32,140341,Bangalore,Graduate,7,Salaried,748,135155,No
100075,18,39159,Pune,Diploma,0,Business,,24295,No
100164,27,102968,Bangalore,,0,Salaried,709,120936,No
101281,36,34240,Pune,Graduate,18,Self-Employed,659,34185,No
101604,27,55021,,Graduate,1,Contract,776,1000,No
101442,47,39235,Jaipur,Graduate,24,Self-Employed,747,23633,No
101624,28,56438,Bangalore,Graduate,10,Self-Employed,731,31745,No
100595,45,87704,Chennai,Diploma,,Self-Employed,660,75460,No
100318,32,39167,Kolkata,12th,13,Contract,685,19230,No
100046,28,101891,Hyderabad,12th,9,Salaried,723,98357,No
101731,33,88168,Kolkata,Graduate,10,Salaried,637,25449,No
101843,30,94228,Pune,Diploma,6,Business,637,37857,No
100430,18,45768,Pune,Graduate,0,Salaried,750,29522,No
100585,37,100523,Pune,Graduate,14,Salaried,765,117557,No
100078,32,106641,Hyderabad,12th,10,Salaried,732,,No
101928,32,,Mumbai,10th,6,Self-Employed,710,66092,No
101423,31,69515,Kolkata,Postgraduate,10,Self-Employed,684,103751,No
100785,41,42072,Hyderabad,Postgraduate,14,Salaried,655,,No
101931,23,79573,Mumbai,Graduate,4,Contract,594,25553,No
101179,25,94043,Bangalore,Diploma,0,Salaried,720,27754,No
101327,26,54927,Kolkata,Graduate,7,Contract,767,55529,No
100942,,42553,Bangalore,Graduate,17,Salaried,641,29651,Yes
100031,29,85734,Pune,Postgraduate,5,Salaried,671,24307,No
101097,,97542,Mumbai,12th,16,Contract,611,49476,Yes
101627,31,34760,Hyderabad,12th,10,,638,10375,No
101235,27,27196,Delhi,Diploma,2,Salaried,591,5000000,Yes
100979,19,74162,Bangalore,Diploma,0,Contract,,25050,No
101090,33,59520,Pune,Postgraduate,13,Contract,713,43374,No
100518,25,16228,Bangalore,Graduate,7,Self-Employed,738,7064,No
101561,35,62512,Delhi,Postgraduate,10,Salaried,629,34357,No
101578,47,38717,Pune,10th,27,Salaried,684,21081,No
101822,36,63780,,,12,Contract,675,64122,No
101584,36,28071,,Graduate,11,Salaried,718,27834,No
100045,,34988,Delhi,10th,,Salaried,655,19180,No
101698,28,66040,Pune,Graduate,8,Business,746,56093,No
100170,27,71082,Jaipur,Graduate,1,Salaried,698,45525,No
100305,35,,Bangalore,Graduate,11,Salaried,639,117704,No
100995,25,32583,Bangalore,Diploma,3,Salaried,781,8284,No
100559,39,65867,Mumbai,12th,15,Self-Employed,766,42485,No
101936,20,68095,Hyderabad,Graduate,2,Salaried,698,52831,No
100611,42,78702,Bangalore,Graduate,17,Salaried,596,53999,Yes
101630,44,38835,Bangalore,12th,23,Salaried,732,33249,No
100761,29,77756,Hyderabad,Graduate,2,Salaried,741,25281,No
100441,39,143970,Kolkata,Graduate,15,Business,687,178741,No
100586,37,38986,Bangalore,Graduate,18,Salaried,850,17363,No
101529,30,20084,Hyderabad,Diploma,8,Salaried,,29917,No
100531,41,71367,Delhi,Graduate,16,Salaried,824,55162,No
100345,30,16827,Delhi,Diploma,6,Self-Employed,689,2501,No
101748,40,,Bangalore,Graduate,18,Salaried,650,71529,No
100370,27,108530,Chennai,Graduate,3,Contract,576,135081,Yes
100187,40,25132,Delhi,Diploma,13,Contract,702,17761,No
101122,47,,Bangalore,Postgraduate,20,Contract,755,42984,No
101766,27,55535,Chennai,Graduate,7,Salaried,590,26123,Yes
101434,29,52116,Hyderabad,10th,10,Salaried,628,20023,No
100302,29,31766,Delhi,Graduate,6,Salaried,773,24815,No
101915,18,24116,Mumbai,Postgraduate,0,Self-Employed,704,14870,No
100837,51,156743,Bangalore,Graduate,31,Self-Employed,734,60979,No
100547,41,25781,Pune,Diploma,16,Salaried,633,5856,No
101611,32,56039,Hyderabad,,5,Self-Employed,706,38003,No
100353,44,80102,Chennai,Postgraduate,21,Business,630,66040,No
101944,32,14771,Hyderabad,Graduate,14,Salaried,705,3759,No
101520,54,16250,Kolkata,Graduate,33,Salaried,784,7259,No
100983,25,82286,Hyderabad,Graduate,7,Salaried,684,22818,No
100177,35,22717,Chennai,Postgraduate,13,Salaried,721,4933,No
100486,21,88244,Chennai,12th,0,Self-Employed,747,29660,No
101421,40,39381,Delhi,12th,17,Salaried,827,35139,No
101622,21,66729,Mumbai,Graduate,0,Salaried,747,63313,No
100125,41,55684,Bangalore,Diploma,20,Unemployed,645,76195,No
100603,44,38779,Jaipur,Graduate,25,Salaried,779,14546,No
101806,19,750000,Bangalore,Graduate,0,Salaried,789,9039,No
101757,34,58220,Hyderabad,10th,10,Salaried,589,55521,Yes
101387,48,35107,Pune,Graduate,22,Salaried,612,11947,No
101191,36,43904,Pune,Graduate,15,Salaried,713,51248,No
100489,52,55773,Chennai,Diploma,29,Self-Employed,830,58151,No
100333,,23867,Hyderabad,Postgraduate,12,Salaried,578,6830,Yes
100793,38,43824,Delhi,Graduate,12,Salaried,833,30282,No
100196,39,38216,Mumbai,Graduate,14,Unemployed,725,39398,No
100641,32,148777,Chennai,Graduate,11,Salaried,682,117023,No
100475,51,65003,Hyderabad,Diploma,28,Contract,721,24413,No
101725,26,39064,Pune,Graduate,4,Salaried,679,19119,No
100324,56,,Mumbai,Graduate,36,Salaried,812,130915,No
101202,31,69500,Pune,Graduate,13,Salaried,679,34751,No
100268,21,65572,Chennai,Postgraduate,0,Salaried,850,65267,No
101554,135,218916,Hyderabad,Graduate,5,Salaried,674,183049,No
101815,32,27436,Bangalore,Graduate,8,Salaried,667,12468,No
100069,39,120283,Chennai,12th,16,Contract,663,115952,No
101749,37,120688,Delhi,12th,18,Salaried,702,118755,No
101603,29,169818,Hyderabad,Graduate,8,Salaried,582,140909,Yes
101574,21,61195,Jaipur,12th,2,Salaried,683,23339,No
100484,37,36078,Chennai,Graduate,10,Unemployed,654,37037,No
101768,33,112647,Chennai,Graduate,12,Salaried,,43517,No
101924,37,22668,Pune,Graduate,16,Salaried,764,1000,No
101449,47,44438,Bangalore,Graduate,23,Salaried,765,34941,No
101470,39,,Pune,Postgraduate,21,Contract,778,49618,No
100892,40,17039,Pune,Graduate,18,Unemployed,680,12964,No
100425,41,23694,Mumbai,Diploma,22,Salaried,708,15048,No
101686,47,34451,Bangalore,Graduate,29,Salaried,736,13630,No
101459,48,55572,Kolkata,Graduate,29,Salaried,821,66515,No
100768,53,70629,Bangalore,Graduate,29,Contract,743,37116,No
100523,28,67319,Delhi,Postgraduate,9,Salaried,730,28742,No
101440,42,64607,Delhi,Postgraduate,23,Self-Employed,709,35131,No
100617,36,36728,Bangalore,Graduate,13,,768,27001,No
101541,35,65977,Hyderabad,Postgraduate,16,Salaried,646,18302,No
101794,42,48181,Delhi,12th,23,Salaried,708,22923,No
101670,40,66262,Jaipur,Graduate,13,Salaried,799,46536,No
100457,34,39977,Hyderabad,12th,14,Salaried,597,22648,Yes
100734,18,33901,Bangalore,Postgraduate,0,Self-Employed,584,38274,Yes
100538,31,91148,Hyderabad,Postgraduate,9,Self-Employed,736,104238,No
100970,21,63807,Chennai,Graduate,0,Contract,761,36056,No
101292,60,14000,Hyderabad,Diploma,39,Self-Employed,515,6552,Yes
101751,18,39848,Mumbai,Graduate,0,Contract,668,30640,No
100263,,108529,Pune,Graduate,0,Business,634,110581,No
100539,45,27721,Jaipur,Postgraduate,20,Salaried,675,6291,No
100973,43,25913,Bangalore,12th,23,Contract,691,6402,No
100242,34,75850,delhi,Graduate,11,Unemployed,793,18330,No
100824,31,25393,Chennai,Postgraduate,10,Self-Employed,772,30545,No
100696,32,120854,Hyderabad,Postgraduate,10,Contract,753,36474,No
100423,33,48481,Pune,Postgraduate,13,Salaried,758,,No
101091,34,20236,Delhi,Postgraduate,7,Self-Employed,793,1485,No
101717,38,327351,Chennai,Postgraduate,11,Unemployed,729,144233,No
100368,35,21505,Pune,Postgraduate,11,Self-Employed,745,4897,No
101027,35,61073,Mumbai,,8,Salaried,611,57716,No
101246,23,84090,Bangalore,10th,0,Salaried,659,59520,No
100592,30,42769,Mumbai,Graduate,8,Self-Employed,731,32907,No
100740,,87972,Pune,Postgraduate,24,Contract,652,26596,No
101773,29,35774,Bangalore,12th,9,Salaried,656,12713,No
100946,24,29257,Delhi,Graduate,5,Salaried,747,19680,No
100073,35,57748,Mumbai,Postgraduate,13,Self-Employed,667,51476,No
101416,44,50728,Kolkata,Postgraduate,24,Contract,766,3468,No
100261,26,69933,Chennai,10th,5,Salaried,677,36762,No
100052,31,34138,Hyderabad,Postgraduate,10,Salaried,720,24771,No
100200,24,71928,Hyderabad,Graduate,0,Self-Employed,727,,No
101800,35,31456,Mumbai,Graduate,16,Salaried,768,10100,No
100654,24,96946,Jaipur,10th,5,Contract,730,100125,No
100334,28,45194,,Diploma,7,Salaried,746,36125,No
101368,26,60649,Pune,12th,5,Salaried,,67211,No
100597,32,39395,Kolkata,Graduate,13,Self-Employed,553,30838,No
101400,28,44032,Mumbai,Graduate,7,Business,711,,No
101812,36,69300,Mumbai,Graduate,14,Salaried,755,23032,No
101322,40,33451,Mumbai,Diploma,22,Salaried,777,25821,No
101117,59,49426,Bangalore,Postgraduate,32,Self-Employed,799,70253,No
101011,48,52239,Pune,10th,21,Self-Employed,690,24957,No
101334,50,75420,Hyderabad,,25,Self-Employed,850,60078,No
100429,46,102077,Mumbai,12th,25,Salaried,734,73727,No
101569,19,62223,Pune,Diploma,0,Contract,542,11412,Yes
101301,28,66257,Jaipur,Graduate,1,Business,727,73240,No
100594,38,56783,Hyderabad,Graduate,18,Salaried,566,51104,Yes
101970,46,111853,,10th,23,Self-Employed,617,15950,No
101989,29,158417,Chennai,Graduate,5,Salaried,730,153187,No
101138,23,31365,Mumbai,Postgraduate,3,Contract,642,7883,No
100990,35,207215,,Graduate,13,Salaried,777,195965,No
100401,,36980,Hyderabad,Diploma,1,Self-Employed,585,42399,Yes
101521,47,72519,Hyderabad,Graduate,27,Business,678,75502,No
100439,18,43255,Hyderabad,Diploma,0,Salaried,768,15206,No
100194,23,25987,Chennai,Graduate,0,Salaried,577,16855,Yes
101444,22,131773,Pune,Graduate,0,Self-Employed,776,99750,No
100618,42,57537,Pune,,,Contract,749,62186,No
101503,27,,Kolkata,Graduate,8,Salaried,723,,No
100580,46,144687,Hyderabad,Postgraduate,21,Salaried,599,64142,No
100991,37,126640,Pune,Graduate,16,Salaried,740,98895,No
101441,42,59583,Bangalore,Postgraduate,17,Salaried,785,67174,No
100710,52,129958,Bangalore,12th,26,Salaried,605,100735,Yes
101264,26,104831,Mumbai,Graduate,8,Self-Employed,678,2500000,No
100143,19,60502,Hyderabad,Graduate,0,Salaried,712,15543,No
101366,33,161036,Jaipur,12th,6,Business,646,116074,No
100003,41,750000,Delhi,Graduate,14,Salaried,725,22535,No
101227,35,34521,Pune,10th,14,Self-Employed,757,37345,No
101881,45,64927,Mumbai,12th,26,Contract,627,56814,No
101634,45,82817,Chennai,Postgraduate,24,Salaried,792,59356,No
100342,37,69329,Hyderabad,Graduate,17,Business,681,27292,No
101781,,50636,Hyderabad,GRADUATE,0,Business,726,29008,No
101547,25,80256,Mumbai,12th,2,Salaried,636,57311,Yes
100487,29,44452,Bangalore,10th,11,Salaried,592,25036,Yes
100267,51,20679,Chennai,Graduate,24,Salaried,777,13612,No
100379,57,43813,Hyderabad,Diploma,31,Self-Employed,612,28317,No
100745,40,13682,Chennai,10th,14,Salaried,644,,No
101018,30,11584,Chennai,12th,10,Salaried,752,10774,No
100442,35,117582,Bangalore,12th,9,Salaried,735,100309,No
100273,47,37928,Kolkata,Graduate,20,Salaried,796,31721,No
100186,42,,Chennai,10th,23,Salaried,714,136380,No
100944,34,49529,Pune,Graduate,8,Salaried,850,41441,No
100246,32,58249,Bangalore,12th,10,Salaried,603,14179,No
100936,30,123631,Delhi,Graduate,4,Salaried,684,101424,No
100448,26,48347,Hyderabad,Diploma,2,Salaried,659,23474,No
100600,39,41963,Delhi,Postgraduate,16,Salaried,,19878,No
100822,49,87546,Mumbai,10th,30,Self-Employed,504,7981,Yes
101279,37,57461,Chennai,Graduate,18,Salaried,562,15581,Yes
101688,37,63622,Hyderabad,10th,19,Salaried,724,14575,No
100490,44,19135,Hyderabad,Postgraduate,24,Self-Employed,638,1000,No
100684,40,82258,Mumbai,Postgraduate,16,Contract,713,40527,No
100418,36,66331,Pune,Graduate,17,Self-Employed,769,31531,No
100275,25,30246,Hyderabad,Graduate,5,Business,791,37692,No
101481,42,46578,Chennai,12th,18,Salaried,755,36812,No
101841,34,39231,Chennai,Postgraduate,8,Salaried,764,36785,No
101464,26,96571,Chennai,Postgraduate,4,Salaried,638,17159,No
100252,44,126276,Pune,Graduate,25,Business,767,124378,No
100416,28,63858,Pune,12th,4,Contract,614,80058,No
101394,36,52758,Bangalore,Postgraduate,10,Unemployed,708,6959,No
101315,35,45084,Hyderabad,Postgraduate,9,Salaried,707,2500000,No
100719,31,39707,Delhi,Postgraduate,7,Salaried,607,24593,No
100312,46,147629,Jaipur,Postgraduate,23,Unemployed,744,27193,No
100931,29,88710,Mumbai,12th,4,Salaried,649,55844,No
100384,30,53548,Delhi,Diploma,11,Salaried,717,59999,No
101576,35,64403,Kolkata,12th,10,Self-Employed,667,75535,No
100428,42,53151,Pune,Graduate,18,Self-Employed,748,14897,No
101886,38,73869,Delhi,Graduate,,Contract,750,52027,No
100536,35,46760,Chennai,Diploma,9,Salaried,644,47442,No
100756,61,42902,Bangalore,Graduate,34,Unemployed,804,13651,No
100769,29,41401,Bangalore,Graduate,4,Self-Employed,611,28607,Yes
101365,47,37240,Mumbai,Graduate,28,Self-Employed,656,33840,No
100411,42,86285,Chennai,Graduate,24,Business,662,43890,No
101626,46,32655,Kolkata,Diploma,23,Salaried,637,20218,No
100698,22,26725,Jaipur,Graduate,0,Salaried,700,17201,No
101750,45,24448,Delhi,Graduate,26,Contract,673,6927,No
100552,33,19558,Mumbai,10th,8,Business,762,22330,No
100941,22,95149,Pune,Graduate,2,Self-Employed,656,100727,No
101398,25,124754,Chennai,10th,2,Salaried,595,143084,Yes
101618,27,47042,Jaipur,Postgraduate,3,Business,697,19690,No
101952,48,34760,Bangalore,12th,27,Self-Employed,689,29286,No
101491,29,45946,Chennai,Graduate,7,Self-Employed,777,11242,No
100184,40,117026,Chennai,Postgraduate,19,Salaried,693,27698,No
101953,26,,Mumbai,Postgraduate,0,Salaried,769,68939,No
101166,59,20985,Delhi,Postgraduate,37,Self-Employed,736,15979,No
100172,27,52750,Bangalore,Graduate,8,Self-Employed,724,23919,No
100294,43,35261,Delhi,Graduate,24,Salaried,735,46378,No
100565,47,33612,Kolkata,Graduate,28,Contract,685,23304,No
101466,41,26368,Pune,Graduate,20,Salaried,781,16455,No
101888,39,1000000,Pune,12th,18,Contract,759,1000,No
101663,18,67537,Hyderabad,Diploma,,Salaried,692,69590,No
100854,47,62093,Chennai,Graduate,28,Business,791,37416,No
100274,35,56043,Hyderabad,Graduate,12,Salaried,827,39355,No
101560,32,26917,Bangalore,10th,6,Contract,819,24788,No
101039,37,32389,Jaipur,Graduate,,Salaried,686,7967,No
101755,40,37585,Jaipur,Diploma,21,Salaried,679,39325,No
100374,45,72480,Hyderabad,12th,22,Salaried,571,48779,Yes
101681,39,29713,Hyderabad,Graduate,17,Salaried,751,31755,No
100725,37,161864,Delhi,Postgraduate,15,Salaried,648,138333,No
100737,38,45742,Mumbai,Diploma,11,Salaried,788,4774,No
100782,22,38473,Hyderabad,12th,0,Salaried,742,18283,No
100522,40,284071,Mumbai,Graduate,19,Unemployed,695,269096,No
100336,,75467,Delhi,Graduate,15,Salaried,637,51830,No
100850,30,40887,Chennai,Graduate,11,Salaried,617,7200,Yes
101257,52,33877,Delhi,Diploma,33,Business,751,26812,No
101057,35,40519,Bangalore,Diploma,8,Contract,700,35848,No
101935,61,56848,Hyderabad,Postgraduate,38,Salaried,627,35702,No
100016,29,49438,Pune,Postgraduate,3,Contract,654,13393,No
100711,37,35065,Delhi,Graduate,10,Contract,779,33212,No
100905,37,23876,Chennai,Graduate,12,Salaried,771,38831,No
101992,43,42442,Pune,Postgraduate,22,Salaried,774,29460,No
101583,25,158149,Kolkata,Graduate,3,Salaried,676,81524,No
100908,42,29541,Jaipur,Graduate,23,Salaried,794,33365,No
100469,30,80091,Pune,12th,11,Salaried,632,27679,No
101990,39,35920,Mumbai,Diploma,15,Salaried,696,11974,No
100201,39,148372,Delhi,Diploma,12,Salaried,709,43455,No
101212,28,28772,Kolkata,Graduate,5,Contract,704,1691,No
101060,31,44244,Chennai,Postgraduate,4,Salaried,,56191,No
101137,47,92822,Kolkata,Diploma,25,Salaried,783,35254,No
101388,51,,Delhi,Graduate,31,Salaried,695,27250,No
101003,36,43809,Kolkata,Diploma,11,Salaried,749,20027,No
100731,37,108236,Bangalore,Graduate,10,Salaried,675,29913,No
101783,20,30998,Pune,Postgraduate,1,Self-Employed,728,,No
101921,18,152606,Mumbai,Graduate,0,Business,646,,No
101833,45,97240,Hyderabad,Graduate,23,Salaried,760,84372,No
100571,35,56169,Chennai,12th,12,Salaried,,21351,No
100044,32,59807,Kolkata,10th,13,Salaried,717,57721,No
100276,40,,Kolkata,Diploma,18,Salaried,755,25682,No
101102,18,88049,Bangalore,Graduate,0,,712,48439,No
100103,32,34090,Hyderabad,Graduate,11,Salaried,721,46223,No
101237,52,95720,Bangalore,Graduate,28,Salaried,780,64045,No
101733,35,18123,Hyderabad,Graduate,10,Unemployed,700,12282,No
101844,36,25865,Bangalore,Diploma,15,Salaried,675,13001,No
100109,38,45906,Kolkata,Postgraduate,14,Salaried,741,22136,No
101629,36,23542,Bangalore,10th,16,Salaried,705,1603,No
100501,,75277,Jaipur,Diploma,24,Self-Employed,636,81167,No
101993,47,18556,Pune,Postgraduate,29,Salaried,643,1000,No
100886,53,41783,Jaipur,12th,31,Business,548,38262,Yes
100760,42,77465,Hyderabad,Postgraduate,15,Business,825,92704,No
100623,54,57595,Chennai,Graduate,34,Salaried,744,29391,No
101112,37,47069,Kolkata,12th,12,Contract,714,50055,No
101947,39,73923,,Diploma,14,Contract,651,22082,No
100814,37,46092,Kolkata,12th,10,Salaried,639,49007,No
101042,30,59959,Mumbai,Postgraduate,12,Salaried,732,45213,No
100074,51,61305,Bangalore,Postgraduate,25,Salaried,614,62795,No
101291,39,120004,Bangalore,,13,Contract,695,37607,No
101278,39,59216,Bangalore,Graduate,14,Salaried,731,46780,No
101343,39,31275,Chennai,Graduate,,Self-Employed,667,15189,No
101468,39,,Kolkata,Postgraduate,,Business,730,24040,No
100485,27,40653,Bangalore,Graduate,3,Salaried,703,10914,No
101074,22,134943,mumbai,Graduate,0,Salaried,621,105719,Yes
100510,27,26575,Kolkata,Postgraduate,2,Salaried,683,30591,No
101243,29,21968,Pune,Postgraduate,6,Salaried,677,15783,No
101873,32,30078,Kolkata,Graduate,10,Salaried,754,1000,No
101780,120,52457,Mumbai,Graduate,5,Contract,583,74421,Yes
101486,44,41428,Jaipur,Postgraduate,17,Salaried,719,30448,No
101878,33,62865,Hyderabad,Graduate,15,Unemployed,794,14884,No
101465,29,60566,Chennai,Postgraduate,4,Salaried,741,68796,No
100313,43,62419,Chennai,Graduate,,Salaried,597,,Yes
100967,28,66767,Kolkata,Postgraduate,9,Business,596,58049,No
100408,34,86807,Hyderabad,Postgraduate,15,Salaried,702,65803,No
101339,31,72520,Mumbai,Postgraduate,4,Salaried,666,65016,No
101661,48,45119,Delhi,Graduate,21,Salaried,713,61219,No
100311,33,46107,Delhi,10th,12,Contract,614,25642,Yes
100228,24,39532,Hyderabad,Diploma,1,Contract,703,32988,No
101869,24,59399,Chennai,Diploma,0,Salaried,,45625,No
100714,39,25475,Delhi,Postgraduate,18,Salaried,674,14888,No
101956,49,39294,Bangalore,Postgraduate,22,Salaried,654,45781,No
101392,28,35367,Chennai,Graduate,3,Business,661,38792,No
101797,32,50247,Bangalore,10th,12,Salaried,651,,No
100150,38,,jaipur,Graduate,20,,638,26101,No
101565,42,93172,Jaipur,Graduate,18,Salaried,679,53222,No
101969,33,166623,Bangalore,Graduate,14,Self-Employed,791,65355,No
100930,34,94569,Chennai,Graduate,12,Self-Employed,820,75060,No
100947,20,57639,Delhi,Graduate,0,Business,647,34050,No
100841,35,64711,Bangalore,Graduate,13,Business,679,65350,No
100579,20,64179,Hyderabad,Graduate,2,Salaried,692,32695,No
100561,38,31491,Pune,Graduate,15,Business,827,19454,No
101241,31,55379,mumbai,Diploma,13,Salaried,606,14442,Yes
101369,31,68552,Hyderabad,Graduate,10,Salaried,715,38920,No
101356,18,50211,Bangalore,Postgraduate,0,Business,702,49394,No
101167,49,44384,Mumbai,Graduate,29,Contract,604,24193,No
101451,38,42293,Chennai,Graduate,16,Salaried,665,8420,No
100288,41,47894,Bangalore,Diploma,15,Salaried,797,13788,No
101615,33,80512,Delhi,12th,7,Salaried,653,35010,No
101062,18,45799,Mumbai,Graduate,0,Unemployed,742,56915,No
100602,26,77337,Delhi,Graduate,6,Self-Employed,789,88273,No
100937,25,39454,Mumbai,Diploma,0,Salaried,675,27453,No
101471,,52304,Hyderabad,Diploma,28,Salaried,715,58691,No
101649,47,84598,Hyderabad,Diploma,28,Self-Employed,699,55331,No
101598,56,95704,Pune,10th,33,Salaried,777,90229,No
101045,33,81481,Bangalore,Graduate,15,Salaried,724,36539,No
101236,51,61041,Mumbai,Postgraduate,32,Salaried,755,60643,No
100811,33,51579,Hyderabad,Graduate,13,Business,731,45597,No
100909,41,,Pune,Graduate,22,Self-Employed,678,20376,No
101691,41,73750,Bangalore,Graduate,16,Business,676,3887,No
101210,52,70493,Kolkata,Graduate,30,Salaried,674,17980,No
100771,42,49112,Mumbai,Graduate,24,Contract,718,64673,No
100613,38,49230,Mumbai,12th,11,Self-Employed,803,41603,No
101010,30,42445,Hyderabad,12th,5,Self-Employed,750,16487,No
101575,40,27352,Kolkata,Diploma,17,Self-Employed,670,1000,No
101431,38,71089,Chennai,Diploma,18,Self-Employed,683,6433,No
101015,52,39899,Kolkata,10th,28,Salaried,630,41011,No
100497,25,47177,Chennai,Graduate,2,Contract,695,42783,No
101328,34,39775,Hyderabad,Graduate,7,Business,748,24374,No
100279,36,79345,Delhi,Graduate,18,Self-Employed,694,80011,No
101858,32,76140,Mumbai,Graduate,9,Contract,715,76444,No
100361,40,31224,Delhi,Graduate,20,Salaried,735,32385,No
101116,39,63158,Kolkata,Diploma,15,Business,625,65285,No
100238,37,32546,Mumbai,Postgraduate,12,Business,649,45460,No
100555,38,34116,Delhi,Postgraduate,17,Salaried,614,23844,Yes
101879,18,23673,Pune,Graduate,0,Business,707,15416,No
101824,28,60807,Delhi,Postgraduate,3,Contract,766,11962,No
100210,74,54979,Mumbai,Postgraduate,50,Self-Employed,633,3752,No
101395,31,162753,Pune,10th,9,Salaried,684,106479,No
101571,43,46699,Pune,Diploma,23,Contract,582,33844,Yes
100059,38,63545,Delhi,Graduate,13,Salaried,591,7207,No
100635,25,140093,Hyderabad,Diploma,0,Business,666,121182,No
101974,37,57686,Mumbai,12th,10,Salaried,688,19933,No
101871,24,25603,Pune,Postgraduate,6,Salaried,735,18201,No
101828,49,71915,Jaipur,Diploma,28,Salaried,691,83551,No
100366,31,127853,Pune,Diploma,9,Salaried,715,52249,No
100509,35,26160,Bangalore,Graduate,9,Salaried,773,10090,No
101171,43,32693,Bangalore,Postgraduate,25,Business,658,5483,No
101127,38,19244,Kolkata,Diploma,14,Self-Employed,697,1000,No
101641,35,41847,Hyderabad,Postgraduate,11,Self-Employed,595,41741,Yes
101222,38,83426,Kolkata,Graduate,15,Salaried,629,17459,Yes
101157,28,27848,Jaipur,Postgraduate,8,Self-Employed,636,23538,Yes
101130,38,43860,Chennai,Graduate,18,Business,715,36212,No
101605,30,84564,Delhi,Postgraduate,5,Salaried,788,110224,No
100120,43,49515,Hyderabad,Graduate,21,Salaried,701,52156,No
101255,47,67324,Mumbai,10th,27,Salaried,759,25440,No
101841,34,39231,Chennai,Postgraduate,8,Salaried,764,36785,No
100526,18,71723,Bangalore,Graduate,0,Salaried,666,59083,No
100517,,57661,Chennai,Postgraduate,20,Salaried,739,36187,No
100083,50,24859,Bangalore,12th,23,,641,14340,No
100920,37,112175,Bangalore,Graduate,10,Salaried,710,100552,No
101023,35,43862,chennai,Graduate,11,Salaried,623,17262,Yes
100383,18,66448,Mumbai,,0,Contract,737,56466,No
101034,41,32043,Hyderabad,Postgraduate,23,Contract,647,1000,No
101700,37,48659,Hyderabad,10th,12,Salaried,700,35741,No
100086,30,28105,Delhi,Diploma,3,Unemployed,695,22314,No
101689,38,110919,Delhi,Graduate,20,Salaried,707,96215,No
100331,35,46789,Chennai,Graduate,9,Salaried,728,38704,No
100007,51,55036,Hyderabad,Postgraduate,26,Self-Employed,663,16996,No
100749,29,68021,Mumbai,12th,2,Salaried,794,17116,No
101564,44,106098,Hyderabad,Postgraduate,25,Salaried,694,56004,No
100919,31,58048,Delhi,Postgraduate,12,Salaried,689,42295,No
100878,37,38094,Pune,Graduate,11,Salaried,640,30628,No
100455,30,,Delhi,Graduate,6,Business,681,83526,No
100494,26,121672,Kolkata,Postgraduate,6,Contract,705,117129,No
101490,48,22843,Mumbai,12th,25,Self-Employed,639,10877,No
100289,38,39595,Delhi,Graduate,17,Salaried,699,23331,No
100953,22,71094,Pune,Postgraduate,0,Self-Employed,840,4208,No
101998,26,46116,Chennai,12th,1,Salaried,789,24699,No
101377,28,47155,Bangalore,Graduate,3,Contract,646,38538,No
101152,18,44892,,Graduate,0,Salaried,592,47782,No
100709,18,45334,Hyderabad,Postgraduate,0,Salaried,703,20422,No
101738,24,50385,Pune,Postgraduate,2,Contract,684,58439,No
101713,18,64193,Pune,Postgraduate,0,Contract,806,64251,No
101640,24,70748,Hyderabad,Graduate,0,Contract,672,48499,No
101610,32,43771,,Diploma,12,Salaried,673,59135,No
101549,43,29843,Bangalore,Graduate,23,Contract,753,12346,No
101414,57,34803,Hyderabad,12th,39,Self-Employed,708,13473,No
101662,34,36851,Hyderabad,Graduate,12,Unemployed,601,23030,Yes
100329,41,80631,Delhi,Diploma,16,Salaried,725,57411,No
100445,22,41708,Pune,Diploma,3,Salaried,708,47484,No
100779,34,53163,Kolkata,Postgraduate,10,Business,706,58016,No
101093,42,52216,Chennai,Postgraduate,19,Salaried,625,47021,No
101226,34,31945,Bangalore,Postgraduate,15,Salaried,781,11496,No
101647,33,63408,Chennai,Postgraduate,7,Unemployed,715,43169,No
100179,32,167388,Hyderabad,Graduate,12,Self-Employed,799,199743,No
101330,41,87047,Delhi,,14,Salaried,599,50611,No
100708,53,55728,Hyderabad,Graduate,34,Salaried,674,52923,No
100088,38,50706,Bangalore,12th,19,Contract,732,36042,No
101895,34,44308,Pune,12th,12,Salaried,696,44107,No
101960,37,60938,Hyderabad,Graduate,12,Salaried,637,43458,No
100461,55,57346,Delhi,Diploma,36,Salaried,747,,No
101840,33,46371,Bangalore,Graduate,9,Salaried,680,22354,No
100055,45,26235,Pune,Diploma,18,Salaried,689,20180,No
101511,24,107639,Chennai,12th,0,Business,668,113920,No
100647,18,44860,Bangalore,12th,0,Self-Employed,765,34492,No
100681,42,79907,Hyderabad,10th,22,Salaried,614,52008,Yes
100223,42,82817,Pune,Postgraduate,15,Salaried,650,45093,No
100115,33,82664,Bangalore,Graduate,15,Salaried,772,46363,No
100987,50,51411,Mumbai,Graduate,31,Self-Employed,704,41208,No
101234,61,157372,Chennai,Graduate,35,Salaried,584,86460,Yes
101004,29,155331,Jaipur,Graduate,3,Contract,675,48872,No
100176,43,173570,Delhi,Graduate,17,Salaried,735,200914,No
100786,46,45321,Delhi,Graduate,26,Salaried,720,62957,No
100593,40,53720,Bangalore,Graduate,18,Salaried,724,62944,No
101570,30,90427,Jaipur,Postgraduate,4,Contract,850,98321,No
100019,26,78008,Bangalore,Postgraduate,0,Salaried,749,68542,No
100426,49,72979,Pune,Diploma,27,Business,659,60237,No
101352,18,45597,Delhi,Graduate,0,Salaried,641,3367,No
100287,33,84622,Kolkata,Postgraduate,,Salaried,715,32168,No
101594,44,24377,Mumbai,Graduate,17,Salaried,743,21949,No
100431,23,75028,Mumbai,12th,4,Salaried,656,46339,No
101519,25,111171,Bangalore,Graduate,,Salaried,775,107717,No
101326,18,71427,Jaipur,12th,0,Self-Employed,683,89887,No
100673,32,63471,Hyderabad,Graduate,10,Business,693,58926,No
100032,54,32197,Chennai,Graduate,30,Salaried,679,6132,No
100945,53,65731,Delhi,Graduate,26,Salaried,738,38416,No
100726,33,55112,Pune,Diploma,15,Salaried,680,44284,No
100999,29,66097,Kolkata,Diploma,3,Contract,702,41069,No
100216,43,63661,Delhi,Graduate,19,Salaried,711,69991,No
100818,44,67366,Hyderabad,Graduate,18,Self-Employed,658,34606,No
100328,43,44453,Pune,Diploma,17,Salaried,714,16352,No
100564,32,63294,Bangalore,12th,6,Self-Employed,707,27550,No
101118,34,36294,Bangalore,10th,14,Contract,611,43259,No
100704,21,96580,Bangalore,Diploma,0,Contract,776,30651,No
101589,27,108756,Bangalore,Postgraduate,4,Salaried,747,39244,No
101195,19,23643,Chennai,Diploma,0,Salaried,698,19846,No
100344,30,41183,Bangalore,Diploma,12,Business,648,36366,No
100633,33,61304,Kolkata,Graduate,15,Self-Employed,648,66244,No
100149,40,51964,Chennai,Graduate,18,Self-Employed,655,35383,No
101317,24,53393,Chennai,Diploma,1,Contract,686,53392,No
100363,34,23808,Mumbai,Graduate,12,Self-Employed,639,,Yes
100085,27,40631,Kolkata,Diploma,0,Salaried,704,35127,No
100049,38,45924,Pune,Graduate,16,Salaried,601,22809,No
100472,18,201838,Jaipur,Postgraduate,0,Contract,592,71857,Yes
100157,54,44745,Delhi,Graduate,27,Self-Employed,800,1000,No
100776,19,47024,Bangalore,Graduate,0,Contract,804,14160,No
101245,29,50013,Hyderabad,Postgraduate,2,Salaried,822,36681,No
101206,35,37901,Hyderabad,12th,9,Salaried,801,6269,No
101411,,37944,Pune,Graduate,26,Self-Employed,812,,No
101208,28,86829,Chennai,Diploma,8,Salaried,599,78051,No
101642,49,49746,Bangalore,Diploma,25,Contract,809,40179,No
100504,41,39276,Delhi,Postgraduate,19,Salaried,737,32391,No
101776,22,,Chennai,Graduate,4,Salaried,665,68772,No
100181,41,49542,Jaipur,Graduate,17,Business,783,36049,No
101052,39,37231,Delhi,Graduate,12,Salaried,661,18250,No
101767,57,32165,Mumbai,Postgraduate,34,Self-Employed,698,12251,No
100955,34,32636,Hyderabad,Graduate,8,Salaried,599,1000,Yes
101324,40,63385,Bangalore,Diploma,22,Salaried,741,31812,No
101631,40,76354,Pune,Graduate,17,Business,670,53247,No
100532,18,33043,Mumbai,Graduate,0,Self-Employed,759,23896,No
100349,28,80539,Kolkata,Diploma,8,Contract,714,78784,No
101396,37,25663,Chennai,Postgraduate,10,Unemployed,620,5652,No
101973,42,66586,Pune,Postgraduate,16,Salaried,729,26552,No
101055,29,142815,Hyderabad,Postgraduate,3,Salaried,655,87595,No
101985,45,62861,Bangalore,Graduate,18,Self-Employed,695,52867,No
101450,35,43809,Pune,Postgraduate,11,Salaried,678,25703,No
100605,,39015,Hyderabad,12th,13,Self-Employed,708,46479,No
101289,24,38942,Bangalore,Postgraduate,5,Salaried,688,24224,No
100245,23,133861,Hyderabad,12th,0,Self-Employed,788,26333,No
101345,44,32354,Delhi,Postgraduate,25,Salaried,735,13091,No
101072,40,140291,Hyderabad,Postgraduate,15,Salaried,814,157914,No
101485,37,31548,Delhi,Diploma,16,Contract,703,37686,No
100314,43,72319,Mumbai,Graduate,17,Salaried,672,9345,No
100438,21,86631,Chennai,12th,0,Business,629,20956,No
101910,36,36676,Chennai,Postgraduate,13,Salaried,664,20441,No
101337,29,25949,Hyderabad,Diploma,4,Contract,669,9626,No
100310,33,89617,Hyderabad,12th,12,Salaried,,78167,No
100433,32,54292,Bangalore,12th,8,Self-Employed,801,16699,No
100664,30,32647,Bangalore,Diploma,7,Salaried,715,33804,No
100373,50,60060,Mumbai,Diploma,29,Salaried,768,48234,No
100570,31,48342,Pune,Diploma,13,Salaried,731,68451,No
100984,35,750000,Delhi,Graduate,14,Contract,707,70682,No
100183,24,49805,Chennai,Graduate,0,Self-Employed,656,47337,No
101371,33,52707,Hyderabad,,10,Self-Employed,802,30083,No
100625,51,68903,Chennai,Graduate,28,Self-Employed,706,67330,No
100823,58,53541,Jaipur,Graduate,36,Salaried,690,45370,No
101198,41,19523,Delhi,Graduate,15,Business,683,18340,No
100957,38,91839,Jaipur,Diploma,15,Contract,641,68190,No
101430,32,100792,Mumbai,12th,9,Salaried,731,52055,No
101852,53,72157,Jaipur,Postgraduate,30,Self-Employed,640,51566,No
100927,29,51594,Mumbai,Postgraduate,5,Salaried,,27203,No
101079,50,62555,Hyderabad,Graduate,26,Self-Employed,850,68258,No
100298,38,118892,Pune,Graduate,20,,711,77446,No
100971,36,19213,Kolkata,Graduate,13,Salaried,717,,No
100465,34,88710,Jaipur,Graduate,7,Salaried,698,23840,No
101310,40,54991,Jaipur,Graduate,17,Salaried,590,44076,Yes
101182,49,73296,Hyderabad,Graduate,25,Self-Employed,780,57171,No
100380,27,63465,Kolkata,Postgraduate,6,Salaried,719,33854,No
100803,36,66668,Kolkata,Postgraduate,,Salaried,674,22800,No
101108,24,75350,Pune,Postgraduate,5,Salaried,663,52938,No
100107,54,33515,Chennai,Diploma,27,Salaried,629,29079,No
100128,29,101515,Bangalore,Postgraduate,,Salaried,608,15777,No
100415,38,96259,Mumbai,Graduate,19,Self-Employed,752,101131,No
100843,,123921,Hyderabad,Diploma,3,Salaried,631,106119,Yes
100358,32,59513,Kolkata,Graduate,14,Contract,664,35342,No
101628,48,83726,Mumbai,Graduate,23,Salaried,709,40757,No
100686,42,65446,Pune,10th,23,Business,,28351,No
100817,38,71699,Bangalore,Graduate,19,Salaried,703,29944,No
101692,30,87273,Kolkata,Postgraduate,6,Self-Employed,644,55415,No
100211,41,,Bangalore,10th,17,Self-Employed,630,16883,No
101502,29,38951,Pune,Graduate,5,Self-Employed,662,48404,No
100142,48,56561,Bangalore,Diploma,29,Salaried,645,33910,No
101987,42,74557,Bangalore,Graduate,15,Salaried,574,39204,No
101348,44,131914,Pune,Postgraduate,18,Salaried,716,111777,No
101809,19,78852,Mumbai,Graduate,1,Self-Employed,738,36578,No
101585,39,57198,Hyderabad,Graduate,20,Salaried,667,26995,No
101187,25,28477,Bangalore,10th,4,Salaried,681,36717,No
101402,40,75241,Bangalore,12th,16,Salaried,667,73509,No
101827,24,28802,Bangalore,Postgraduate,3,Business,741,26893,No
100715,35,67326,Hyderabad,Graduate,14,Unemployed,698,36879,No
101805,18,33660,Hyderabad,Postgraduate,0,Salaried,632,20370,No
100897,,17480,Pune,Graduate,12,Salaried,674,27859,No
100864,53,80004,Bangalore,Graduate,27,,741,46680,No
100011,30,22718,Hyderabad,Postgraduate,6,Salaried,654,5483,No
101706,33,65139,Hyderabad,Postgraduate,12,Contract,527,86762,Yes
101436,38,89685,Hyderabad,Graduate,16,Salaried,648,39510,No
100284,23,32063,Kolkata,12th,0,Unemployed,682,7442,No
100815,45,150692,Pune,Graduate,27,Salaried,824,131507,No
101350,33,51008,Chennai,Postgraduate,8,Business,590,40810,No
100293,29,57642,Kolkata,Graduate,8,Salaried,738,36916,No
100758,37,36244,Delhi,Graduate,15,Self-Employed,689,45197,No
100630,46,42250,Hyderabad,Postgraduate,26,Salaried,636,25902,No
100948,28,10614,Pune,Graduate,7,Salaried,623,8190,No
100866,31,46434,Mumbai,10th,9,Salaried,734,45840,No
100131,19,70000,Bangalore,Graduate,0,Contract,809,75591,No
101181,37,94204,Delhi,Postgraduate,18,Business,779,,No
100325,25,54831,Jaipur,Postgraduate,0,Business,826,48660,No
101096,34,111168,Pune,Graduate,14,Business,572,59152,Yes
100848,60,34703,Mumbai,Graduate,38,Contract,767,45155,No
100968,53,40191,Chennai,Graduate,31,Contract,675,4621,No
101876,49,105941,Chennai,Diploma,23,Salaried,716,105628,No
100870,55,108123,Mumbai,Graduate,35,Contract,564,51940,Yes
100926,20,63185,Mumbai,Graduate,0,Salaried,708,64288,No
100699,44,77438,Chennai,Diploma,22,Salaried,749,13229,No
100217,27,43256,Bangalore,12th,2,Salaried,816,41019,No
101792,36,43838,Kolkata,Graduate,16,Contract,812,34393,No
101267,34,33929,Pune,12th,16,Salaried,695,39573,No
100160,42,74744,Jaipur,Postgraduate,20,Salaried,633,13821,No
101063,46,,Delhi,Graduate,23,Self-Employed,758,43340,No
100993,33,57223,Bangalore,10th,12,Self-Employed,684,35375,No
100846,40,30079,Hyderabad,Graduate,19,Salaried,657,12455,No
100638,36,92301,Hyderabad,Diploma,12,Contract,634,100213,No
100520,43,34435,Mumbai,Graduate,24,Business,727,19893,No
101437,33,75406,Mumbai,Graduate,8,Salaried,600,63136,No
101759,51,64064,Bangalore,Graduate,33,Self-Employed,676,21276,No
100601,43,19594,Hyderabad,Graduate,20,Self-Employed,649,1000,No
100197,26,69517,Jaipur,Diploma,6,Self-Employed,677,44775,No
101795,37,55239,Hyderabad,10th,15,Salaried,729,25441,No
100874,28,39877,Mumbai,10th,8,Salaried,749,5627,No
100413,20,29664,Pune,12th,0,Business,845,16264,No
100098,38,30503,Delhi,Graduate,13,Contract,580,1000,Yes
101005,42,74697,Hyderabad,Postgraduate,22,Salaried,773,68245,No
101515,34,69857,Hyderabad,Postgraduate,14,Contract,694,8668,No
100158,40,46182,Mumbai,Graduate,14,Salaried,566,47945,Yes
100422,53,104649,Pune,Graduate,28,Salaried,713,,No
101814,44,58035,Kolkata,Postgraduate,19,Business,,22155,No
100481,34,39414,Hyderabad,Postgraduate,9,Contract,614,34092,Yes
101867,45,65567,Delhi,Graduate,25,Business,593,9029,Yes
100672,18,75751,,Graduate,0,Salaried,608,20346,No
101426,18,98741,Pune,Postgraduate,0,Salaried,765,68910,No
101883,23,19950,Hyderabad,10th,5,Contract,620,28601,Yes
101307,35,73695,Hyderabad,Graduate,14,Business,705,83575,No
100450,24,37620,Bangalore,12th,5,Business,593,22945,Yes
100557,30,12906,Chennai,Postgraduate,10,Self-Employed,600,1000,No
100180,62,55206,Bangalore,Diploma,36,Salaried,657,39978,Yes
100393,22,24149,Hyderabad,Graduate,4,Salaried,673,,No
100582,31,68127,Hyderabad,Diploma,13,Contract,684,33978,No
101487,21,127605,Hyderabad,Graduate,2,,819,38749,No
101718,37,195720,Chennai,Graduate,16,Salaried,806,156140,No
101295,36,28317,Mumbai,10th,11,Contract,755,9306,No
101656,32,67196,Hyderabad,Postgraduate,13,Contract,696,40711,No
101028,36,70415,Delhi,Graduate,14,Salaried,839,53446,No
100825,31,53437,Bangalore,Graduate,13,Salaried,636,56340,No
101836,39,44198,Hyderabad,Diploma,21,Contract,,10910,No
100989,33,29539,Pune,Diploma,14,Salaried,651,14013,No
101347,18,47036,Mumbai,10th,0,Salaried,608,34903,No
100668,50,27923,Hyderabad,Graduate,32,Salaried,688,18497,No
100144,37,62898,,Diploma,10,Salaried,700,49358,No
101527,54,49327,Jaipur,Postgraduate,31,Business,660,6326,No
101438,,27259,Mumbai,Graduate,26,Contract,765,5234,No
100869,42,73809,Delhi,Graduate,24,Salaried,650,53511,No
100424,45,53700,Hyderabad,10th,25,Salaried,705,18829,No
100640,22,68456,Pune,Postgraduate,3,Salaried,718,30194,No
101415,29,40641,Delhi,Diploma,4,Self-Employed,724,36241,No
100804,30,31662,Chennai,Graduate,6,Salaried,733,21255,No
101412,41,44064,Delhi,Postgraduate,14,Salaried,602,47803,Yes
100619,40,70728,Mumbai,Diploma,16,Self-Employed,681,44031,No
100296,28,73311,Hyderabad,Graduate,3,Self-Employed,654,58463,No
100928,39,61894,Pune,Diploma,21,Salaried,752,36582,No
101275,47,33228,Delhi,Graduate,23,Business,644,25239,Yes
101914,40,34557,Jaipur,Postgraduate,13,Salaried,686,37609,No
100090,40,122265,Hyderabad,Postgraduate,17,Business,743,89272,No
100042,37,43914,Hyderabad,Graduate,17,Unemployed,749,46999,No
101813,51,34338,Mumbai,Graduate,30,Salaried,625,28637,No
101945,41,43843,Mumbai,12th,21,,850,37160,No
100133,24,79631,Mumbai,12th,0,Unemployed,661,,No
101006,39,26386,Mumbai,Graduate,17,Contract,600,20231,Yes
101163,21,42727,Mumbai,Graduate,0,Business,,31275,No
101100,,75660,Bangalore,,12,Contract,727,78934,No
101866,18,36844,Kolkata,Postgraduate,0,Self-Employed,675,1000,No
101353,40,69610,Hyderabad,Graduate,13,Salaried,742,18176,No
101508,45,53185,Delhi,Graduate,25,Salaried,,,No
100166,39,31470,Pune,Graduate,18,Contract,795,14264,No
100728,38,115024,Delhi,Graduate,12,Contract,761,32266,No
100292,30,,Delhi,Graduate,10,Salaried,778,83681,No
101214,44,127118,Delhi,12th,18,Salaried,,33145,Yes
101599,35,66169,Mumbai,Graduate,10,Self-Employed,640,41562,No
101908,24,25370,Mumbai,Graduate,3,Salaried,580,16637,No
101653,37,70243,Pune,Graduate,11,Contract,705,63638,No
101370,26,59111,Chennai,12th,5,Contract,665,32195,No
100783,39,28377,Bangalore,Graduate,21,Salaried,644,20627,No
100844,39,28935,Hyderabad,Diploma,18,Salaried,652,14235,No
100351,38,98524,Chennai,Diploma,13,Self-Employed,681,111147,No
101957,18,52259,Delhi,Postgraduate,0,Self-Employed,678,66443,No
100575,43,232472,Kolkata,Diploma,24,Salaried,628,206174,Yes
100922,25,82855,Bangalore,Diploma,0,Salaried,771,86208,No
100981,43,63596,Kolkata,Graduate,25,Salaried,831,63338,No
101925,56,47602,Jaipur,Graduate,31,Salaried,695,26689,No
101478,39,17274,Mumbai,Graduate,15,Salaried,718,1000,No
101602,49,37034,Hyderabad,Graduate,31,Business,620,12879,No
101325,36,100934,Mumbai,Diploma,14,Salaried,775,84908,No
101856,28,50608,Jaipur,Postgraduate,2,Salaried,850,24133,No
100138,32,128933,Chennai,Diploma,7,Salaried,636,66200,No
100462,35,82749,Mumbai,Postgraduate,12,Salaried,717,91478,No
100378,37,26523,Hyderabad,Graduate,12,Contract,690,5000000,No
101351,23,41333,Mumbai,Diploma,2,Salaried,765,16151,No
100335,45,89751,Bangalore,Postgraduate,24,Salaried,677,102704,No
101165,45,29149,Pune,10th,23,Salaried,721,1000,No
101772,52,41832,Hyderabad,Graduate,25,Salaried,710,50653,No
101467,52,43852,Jaipur,Graduate,31,Salaried,607,39634,Yes
100821,30,47179,Jaipur,Graduate,,Salaried,621,33679,Yes
101120,46,136703,Jaipur,Graduate,19,Salaried,,128895,No
101010,30,42445,Hyderabad,12th,5,Self-Employed,750,16487,No
101868,46,136568,Delhi,Diploma,25,Contract,721,95080,No
101967,33,65264,Kolkata,Graduate,15,Salaried,699,42468,No
101862,43,35630,Hyderabad,Postgraduate,19,Salaried,,19785,No
100915,34,80187,Bangalore,Graduate,15,Contract,543,93019,Yes
101941,38,67753,Delhi,12th,13,Self-Employed,663,25320,No
101131,38,52366,Chennai,Diploma,13,Contract,696,26557,No
100330,41,87737,Kolkata,Postgraduate,21,Contract,676,51478,No
101253,18,78147,Bangalore,Graduate,0,Self-Employed,696,45475,No
100320,34,30032,Pune,Postgraduate,8,Salaried,644,43658,No
101701,39,98808,Mumbai,Diploma,14,Business,734,23889,No
101367,35,41186,Hyderabad,Diploma,16,Salaried,634,4671,No
101744,47,60326,Mumbai,12th,22,Business,650,12896,No
100169,33,48358,Chennai,Graduate,12,Salaried,792,32651,No
100013,37,36028,Pune,Postgraduate,19,Salaried,593,7437,Yes
101938,40,26425,Jaipur,Graduate,18,Salaried,709,8851,No
100173,34,46128,Hyderabad,Postgraduate,13,Business,615,6304,No
100653,32,72840,Mumbai,Diploma,13,Salaried,775,55774,No
101066,24,65642,Bangalore,Diploma,0,Self-Employed,681,22533,No
100262,34,68696,Bangalore,Postgraduate,15,Unemployed,653,1000,No
101375,50,21799,Chennai,Postgraduate,23,Contract,656,19845,No
101559,50,51682,Delhi,Diploma,31,Contract,696,49767,No
100906,35,83109,Pune,Diploma,8,Salaried,719,33944,No
100676,27,18688,Mumbai,Postgraduate,0,Salaried,826,12058,No
100260,43,61360,Hyderabad,Graduate,21,Salaried,706,76595,No
100849,29,39370,Kolkata,Graduate,10,Self-Employed,703,36253,No
100872,27,70771,Bangalore,Postgraduate,3,Salaried,583,25334,No
101811,30,31840,Mumbai,10th,8,Salaried,702,38331,No
100140,23,24537,Hyderabad,Graduate,1,Business,792,5047,No
100898,36,142013,Bangalore,Graduate,15,Salaried,796,161543,No
101849,45,50646,Hyderabad,Graduate,23,Self-Employed,779,45004,No
100553,47,153909,Kolkata,12th,20,Business,734,71656,No
100321,36,70039,Mumbai,Graduate,16,Salaried,654,,No
101537,40,79898,Delhi,Graduate,14,Contract,659,55198,No
101817,18,44558,Kolkata,Graduate,,Business,821,27411,No
101183,44,29974,Bangalore,Postgraduate,22,Salaried,768,23000,No
100562,56,57654,Mumbai,Postgraduate,30,Salaried,671,24028,No
100141,37,60217,Mumbai,Graduate,18,Salaried,686,24600,No
101746,37,49775,Hyderabad,Graduate,17,Salaried,718,13300,No
100535,28,43719,Mumbai,Graduate,4,Salaried,650,38710,No
100226,46,113755,Chennai,Diploma,25,Self-Employed,770,49957,No
100727,35,95932,Hyderabad,Graduate,9,Business,768,63458,No
100791,39,76294,Hyderabad,Postgraduate,19,Business,611,70292,Yes
101729,39,28432,Delhi,Graduate,12,Salaried,711,22946,No
101012,37,114037,Delhi,Graduate,17,Salaried,730,66179,No
100412,24,128149,Hyderabad,10th,5,Salaried,585,143776,Yes
100327,47,30171,Kolkata,10th,27,Contract,696,11763,No
101777,29,20090,Chennai,Graduate,8,Salaried,687,18359,No
100301,27,98092,Pune,Diploma,0,Contract,682,95603,No
101268,26,44676,Hyderabad,Graduate,0,Unemployed,678,44851,No
101958,66,48212,Hyderabad,Graduate,43,Salaried,621,25960,No
100026,36,60852,Pune,12th,12,Salaried,766,53692,No
101870,31,95126,Hyderabad,12th,8,Salaried,707,111343,No
100718,37,89497,Hyderabad,Diploma,14,Salaried,765,47222,No
101014,28,25506,Hyderabad,Postgraduate,1,Salaried,751,17028,No
100195,37,61049,Pune,Postgraduate,19,Salaried,720,75065,No
100443,18,27020,Hyderabad,Diploma,0,Salaried,692,19928,No
100577,37,123055,,Postgraduate,16,Contract,727,42311,No
100951,33,106765,Chennai,Postgraduate,9,Contract,746,124906,No
101002,44,34265,Bangalore,Diploma,,Contract,636,11076,No
100507,29,278477,Hyderabad,Graduate,9,Salaried,826,333634,No
100609,18,90082,Hyderabad,Graduate,0,Salaried,791,75109,No
101728,43,99058,Delhi,Graduate,17,Salaried,612,84905,No
101169,41,52153,Jaipur,Graduate,22,Self-Employed,850,46562,No
101798,27,61805,Pune,Postgraduate,4,Salaried,647,27549,No
100851,150,40682,Jaipur,Graduate,3,Self-Employed,609,47492,No
100004,50,46430,Mumbai,Graduate,25,Salaried,704,49696,No
101294,43,66237,Delhi,Postgraduate,16,Business,707,29407,No
101228,34,109358,Pune,Diploma,15,Unemployed,722,61693,No
100471,32,99233,Bangalore,Graduate,13,Salaried,734,105085,No
100323,27,70747,Bangalore,Diploma,9,Self-Employed,678,27776,No
100006,33,61846,Delhi,Postgraduate,11,Salaried,668,61413,No
100224,19,49782,Mumbai,Graduate,0,Salaried,752,21018,No
101383,57,61821,Hyderabad,,38,Salaried,696,13116,No
100551,36,22990,Hyderabad,Graduate,14,Contract,625,9713,No
100230,42,95724,Mumbai,GRADUATE,19,Salaried,789,61756,No
100040,37,20787,Bangalore,Postgraduate,18,Business,745,21323,No
100546,27,69788,Mumbai,Graduate,7,Self-Employed,687,55564,No
100244,44,23266,Hyderabad,12th,23,Salaried,675,11367,No
100903,35,40202,Mumbai,Graduate,9,Salaried,658,21345,No
101139,41,71360,Delhi,Postgraduate,18,Salaried,628,56118,Yes
101458,,44718,Mumbai,10th,20,Contract,731,39960,No
101880,27,49372,Pune,Postgraduate,4,Salaried,639,13972,No
100847,38,39784,Delhi,Diploma,17,Self-Employed,681,9331,No
101427,56,63196,Jaipur,Diploma,38,Salaried,667,42184,No
101665,48,105989,Bangalore,Graduate,23,Salaried,731,110197,No
101982,21,135595,Delhi,12th,0,Contract,652,112280,No
100665,28,70959,mumbai,Graduate,6,Salaried,676,62049,No
101216,47,146544,Chennai,Diploma,27,Unemployed,641,133490,No
100316,35,,Hyderabad,Diploma,10,Salaried,756,15476,No
100695,41,66086,Hyderabad,12th,23,Business,633,21139,No
101513,28,141028,Mumbai,,7,Business,719,180524,No
100427,25,75337,Bangalore,Diploma,4,Salaried,825,21779,No
100598,25,61777,Pune,Diploma,1,Salaried,694,50284,No
101976,31,61112,Bangalore,12th,11,Business,715,25398,No
100626,30,34252,Pune,Graduate,3,Salaried,816,18048,No
101176,32,36361,Pune,Graduate,6,Salaried,683,49835,No
101048,19,45713,Bangalore,10th,1,Contract,705,20184,No
100229,28,19702,Delhi,12th,10,Salaried,771,3217,No
101123,41,72060,Hyderabad,12th,23,Salaried,736,74105,No
101340,37,147722,Pune,Graduate,12,Salaried,766,36398,No
101323,34,23463,Chennai,10th,10,Salaried,804,11235,No
100068,45,51084,Chennai,Diploma,21,Salaried,667,47885,No
100025,30,10450,Chennai,Graduate,4,Business,566,1000,Yes
100146,,124806,Bangalore,Graduate,16,Salaried,667,68345,No
100540,29,56687,Delhi,Postgraduate,2,Salaried,698,42311,No
100816,20,86066,Delhi,Graduate,0,Self-Employed,689,59924,No
101476,41,27135,,Graduate,19,Business,760,20006,No
100087,44,41590,Hyderabad,10th,25,Salaried,729,37833,No
101672,31,88864,Chennai,Postgraduate,9,,636,31463,No
101657,37,55218,Bangalore,Graduate,18,Salaried,850,14138,No
101816,26,20514,Delhi,12th,0,Self-Employed,694,17049,No
101829,34,105359,Hyderabad,10th,8,Self-Employed,628,45831,No
101587,37,37514,Mumbai,12th,19,Salaried,625,9245,No
101150,27,33588,Chennai,Postgraduate,4,Business,512,1000,Yes
100365,42,38909,Pune,Graduate,23,Self-Employed,682,10137,No
101623,44,18528,Hyderabad,Graduate,19,Unemployed,647,4428,No
101877,29,92744,Hyderabad,Diploma,11,Salaried,639,28640,Yes
101031,32,13996,Chennai,Postgraduate,5,Unemployed,774,,No
101035,30,56814,Mumbai,Diploma,6,Business,747,36198,No
101311,35,28712,Chennai,12th,10,Salaried,832,22819,No
101364,25,26097,Mumbai,Diploma,3,Contract,757,20466,No
101742,33,73262,Hyderabad,Diploma,10,Self-Employed,671,7852,No
100669,18,74522,Mumbai,Diploma,0,Salaried,626,48293,Yes
100367,37,40962,Delhi,12th,14,Salaried,650,16834,No
100079,36,50939,Hyderabad,Graduate,9,Salaried,799,76034,No
100028,39,108718,Mumbai,10th,13,Salaried,757,82923,No
101445,39,80625,Chennai,Graduate,21,Self-Employed,763,35378,No
100529,38,170448,Bangalore,Graduate,18,Self-Employed,668,,No
101846,25,86735,Pune,Graduate,1,Salaried,571,77078,Yes
100056,44,35049,Mumbai,Graduate,17,Salaried,810,54528,No
100642,52,48784,Jaipur,10th,33,Business,732,38401,No
100304,41,63114,Bangalore,10th,23,Salaried,691,41183,No
100722,18,41645,Delhi,Diploma,0,Salaried,721,29266,No
100628,34,80736,Delhi,Diploma,10,Self-Employed,822,89358,No
100008,43,35091,Bangalore,Postgraduate,20,Salaried,716,24660,No
100808,30,,Chennai,Graduate,6,Self-Employed,717,11035,No
101054,38,35740,Delhi,Graduate,19,Salaried,671,6853,No
100339,39,55214,Hyderabad,Diploma,15,Contract,730,37702,No
100048,46,54719,Bangalore,Diploma,21,Salaried,673,15094,No
101775,28,20765,Jaipur,10th,9,Salaried,629,6566,Yes
100108,37,78136,Delhi,Graduate,12,Self-Employed,664,13350,No
100352,50,77222,Pune,Postgraduate,26,Salaried,667,81385,No
101085,39,49656,Hyderabad,Postgraduate,19,Business,767,29068,No
100240,44,80223,Hyderabad,Diploma,17,Contract,711,74781,No
100215,32,42471,Pune,Postgraduate,7,Contract,708,23432,No
101787,32,65453,Pune,Graduate,7,Salaried,751,69710,No
101144,36,39480,Bangalore,12th,12,Salaried,688,24430,No
100798,42,20596,Chennai,Graduate,21,,846,3821,No
101597,41,32200,,Postgraduate,14,Salaried,731,31017,No
101593,39,195260,Hyderabad,Graduate,17,Salaried,770,156363,No
101683,26,60680,Hyderabad,Graduate,7,Contract,658,26084,No
100527,19,69296,Pune,Graduate,0,Salaried,686,55233,No
100234,28,89861,Pune,Diploma,4,Business,609,77725,Yes
100648,34,25388,Chennai,12th,8,Salaried,651,18509,No
101517,50,35509,Hyderabad,Postgraduate,26,Business,719,24467,No
100537,26,94069,Mumbai,Postgraduate,0,Self-Employed,643,20994,No
101954,28,75272,Hyderabad,Postgraduate,2,Salaried,685,80004,No
100607,27,39438,Delhi,Graduate,3,Self-Employed,799,3193,No
101338,32,50673,Kolkata,12th,,Salaried,790,63001,No
101080,44,47973,Delhi,Diploma,18,Salaried,648,26324,No
101312,43,70425,Delhi,Postgraduate,22,Salaried,732,34615,No
100062,33,50998,Pune,Graduate,6,Salaried,829,30805,No
101269,28,62466,Mumbai,10th,7,Unemployed,742,82470,No
100094,32,29399,Hyderabad,Graduate,5,Salaried,835,42911,No
100670,46,77589,Delhi,Postgraduate,,Contract,614,75201,No
100282,42,,Hyderabad,Diploma,20,Self-Employed,653,33187,No
101119,37,97917,Delhi,,14,Contract,833,107781,No
100362,50,26137,Chennai,Postgraduate,32,Contract,794,43366,No
101134,40,125155,Pune,12th,13,Business,619,11628,No
101175,27,31694,Bangalore,Graduate,3,Business,673,21991,No
100852,29,86979,Kolkata,Postgraduate,10,Contract,673,27052,No
101532,18,152791,Jaipur,12th,0,Salaried,731,58611,No
100112,35,50290,Jaipur,12th,14,Salaried,732,21939,No
100043,34,41227,Mumbai,12th,14,Self-Employed,702,11805,No
100127,25,28728,Jaipur,Graduate,3,Salaried,602,28771,Yes
100206,150,71319,Delhi,Graduate,5,Self-Employed,669,46578,No
100053,28,38297,Chennai,Postgraduate,10,Unemployed,739,25662,No
100549,39,96457,Pune,10th,,Salaried,807,39071,No
100070,29,91538,Mumbai,12th,11,Salaried,723,103255,No
101752,42,65913,Pune,Postgraduate,17,Business,679,62151,No
101558,27,58852,Mumbai,Postgraduate,0,Contract,608,30711,No
100185,33,16294,Jaipur,Graduate,7,Salaried,619,21010,No
100139,43,27822,Hyderabad,Graduate,23,Self-Employed,741,27313,No
100904,48,65928,Kolkata,Graduate,25,Salaried,647,49173,No
100801,44,60852,Hyderabad,Graduate,17,Salaried,600,13744,No
100134,40,,Bangalore,12th,18,Salaried,730,93535,No
100082,39,76554,Pune,12th,19,Salaried,561,42257,Yes
101999,33,135801,Bangalore,Diploma,7,Salaried,681,62866,No
101551,34,41060,Mumbai,Graduate,13,Contract,709,46880,No
100545,18,208936,Hyderabad,Graduate,0,Self-Employed,681,144348,No
101680,31,52525,Hyderabad,Postgraduate,7,Salaried,612,31026,Yes
100988,44,57898,Delhi,,17,Self-Employed,636,9522,No
100167,43,35211,Bangalore,Postgraduate,24,Self-Employed,850,28008,No
100250,39,91308,Hyderabad,Graduate,17,Self-Employed,737,23452,No
100449,30,35740,Bangalore,Postgraduate,11,Salaried,618,32161,Yes
101525,31,39939,Bangalore,12th,4,Contract,680,19612,No
100863,50,29996,Pune,Postgraduate,30,Business,775,1000,No
101217,28,22114,Bangalore,12th,6,Contract,805,10381,No
100099,35,,Delhi,Postgraduate,9,Salaried,591,2783,Yes
101986,,17500,Jaipur,Postgraduate,17,Business,810,18196,No
100741,18,69097,Mumbai,12th,0,Business,602,68347,Yes
101261,41,48249,Pune,Graduate,23,Self-Employed,640,32559,No
100104,27,102138,Chennai,Graduate,1,Self-Employed,780,101467,No
100437,51,51163,Mumbai,Postgraduate,30,Salaried,666,50767,No
100076,43,46224,Hyderabad,12th,24,,739,39632,No
101803,28,28158,Hyderabad,12th,10,Salaried,714,8412,No
101240,51,92129,Pune,Graduate,30,Contract,,61214,No
100923,36,49415,Chennai,12th,10,Salaried,734,50643,No
101723,42,22341,Jaipur,Diploma,19,Business,805,22650,No
101682,35,,Hyderabad,Diploma,11,Contract,686,,No
101632,27,38802,Chennai,Graduate,3,Self-Employed,645,40515,Yes
100766,28,86360,Pune,Graduate,6,Contract,630,42522,No
100994,28,48941,Hyderabad,12th,5,Salaried,689,17793,No
100391,26,19924,Bangalore,Graduate,6,Salaried,676,2242,No
100237,18,55433,Mumbai,12th,0,Business,676,35369,No
101516,34,71437,Kolkata,Postgraduate,10,Salaried,663,44047,No
100269,31,41681,Mumbai,12th,7,Salaried,727,49098,No
101193,29,192913,Pune,Graduate,3,Salaried,704,33605,No
100119,46,13438,Hyderabad,Graduate,22,Salaried,728,21084,No
101617,38,,Mumbai,12th,17,Salaried,715,24614,No
100677,24,66662,Hyderabad,12th,0,Salaried,705,17696,No
100251,22,51274,Chennai,Graduate,2,Salaried,741,17568,No
101462,23,156154,Hyderabad,Graduate,0,Salaried,812,43710,No
100580,46,144687,Hyderabad,Postgraduate,21,Salaried,599,64142,No
100096,20,52755,Pune,Postgraduate,0,Salaried,648,21253,No
100034,24,72627,Delhi,Graduate,6,Salaried,690,30017,No
101473,34,56604,DELHI,Postgraduate,,Unemployed,686,19689,No
101679,45,105929,Pune,Graduate,25,,711,106615,No
100451,34,33229,Mumbai,Diploma,7,Salaried,730,14898,No
100720,34,58867,Hyderabad,Postgraduate,10,Business,654,13896,No
101821,34,44141,Chennai,Postgraduate,16,Business,645,27055,No
101528,50,171517,Hyderabad,Graduate,30,Self-Employed,590,28266,Yes
100001,40,37939,Mumbai,Postgraduate,15,Business,765,1829,No
101384,29,96754,Mumbai,Diploma,6,Business,580,90761,Yes
101107,41,27007,Jaipur,12th,23,Unemployed,641,17284,No
101114,40,28279,Pune,Postgraduate,17,Salaried,765,25501,No
101232,21,18050,Mumbai,Graduate,0,Business,,19552,No
100084,30,15556,Kolkata,Diploma,5,Salaried,702,8969,No
101296,34,30445,Jaipur,12th,12,Business,719,25810,No
100680,48,47581,Bangalore,Diploma,26,Self-Employed,687,31348,No
101932,40,127453,Hyderabad,Graduate,17,Salaried,783,33895,No
101051,29,25866,Bangalore,Graduate,6,Salaried,687,23857,No
100774,45,23467,Pune,Diploma,27,Business,724,9022,No
101959,46,101656,Kolkata,Graduate,25,Salaried,690,39712,No
101288,40,48956,Mumbai,Graduate,18,Business,664,36890,No
101591,24,98982,Chennai,Postgraduate,6,Salaried,684,68284,No
101498,47,53564,Hyderabad,Postgraduate,27,Contract,627,24345,No
100407,24,26912,Jaipur,Graduate,1,Contract,620,11076,No
101739,45,44858,Mumbai,Postgraduate,21,Contract,668,11508,No
101306,26,98602,,12th,7,Salaried,727,12000,No
101349,21,79898,Mumbai,Graduate,,Unemployed,767,14830,No
100106,39,135748,Bangalore,Graduate,20,Business,727,118920,No
100692,47,48091,,12th,21,Salaried,771,26584,No
101313,49,173237,Mumbai,Postgraduate,23,Salaried,674,159759,No
100831,22,21546,Chennai,Graduate,0,Self-Employed,693,14519,No
100064,23,51965,Hyderabad,Graduate,4,Salaried,703,20589,No
100857,27,37058,Mumbai,12th,3,Salaried,674,44646,No
101362,41,21743,Delhi,Graduate,21,Salaried,766,11288,No
100225,30,38482,Kolkata,12th,9,Salaried,674,44476,No
100147,23,,Mumbai,Graduate,0,Salaried,816,13066,No
101094,36,69277,Hyderabad,Graduate,12,Salaried,757,62093,No
100376,27,121998,Bangalore,Postgraduate,5,Salaried,684,80010,No
101429,33,70221,Hyderabad,Graduate,15,Self-Employed,716,70618,No
101148,21,37175,Mumbai,Graduate,0,Salaried,691,7008,No
101838,36,,Delhi,Postgraduate,12,Self-Employed,759,36969,No
101504,35,56571,Pune,Graduate,8,Self-Employed,744,45029,No
101612,19,58474,Pune,12th,0,Salaried,721,35334,No
101277,58,104684,Delhi,Postgraduate,34,Self-Employed,804,21735,No
100010,40,92111,Delhi,12th,14,Salaried,672,79915,No
100453,25,53005,Jaipur,Graduate,7,Business,768,57177,No
100712,34,127758,Chennai,Graduate,7,Self-Employed,767,121040,No
100257,48,89579,Delhi,Graduate,28,Salaried,615,34135,Yes
100887,41,41178,Jaipur,Graduate,23,Business,681,9109,No
100392,40,32987,Hyderabad,Graduate,16,Business,768,22502,No
100913,37,36793,Hyderabad,Graduate,17,Self-Employed,730,16218,No
100929,51,131013,Mumbai,Graduate,30,Salaried,652,45520,No
101715,30,95994,Chennai,Graduate,11,Salaried,750,92389,No
101238,29,27581,Kolkata,Graduate,10,Salaried,654,11733,No
100464,37,27844,Mumbai,Postgraduate,14,Salaried,767,22858,No
101276,36,750000,Pune,Diploma,18,Contract,754,28148,No
101771,35,95425,Hyderabad,Graduate,17,,750,28999,No
101174,34,84280,Pune,Postgraduate,14,Salaried,730,39761,No
100963,37,41116,Mumbai,12th,10,Contract,745,16961,No
100505,28,30280,Pune,Postgraduate,3,Salaried,720,20163,No
100743,29,56332,Delhi,Graduate,10,Salaried,784,12687,No
101861,34,42895,Hyderabad,Postgraduate,8,Contract,663,34239,No
100873,21,17452,Hyderabad,Graduate,0,Self-Employed,773,19441,No
100735,45,164057,Mumbai,12th,21,Salaried,643,117653,No
100543,40,48812,Mumbai,Graduate,15,Salaried,667,3850,No
101207,28,35959,Delhi,Diploma,2,Self-Employed,716,10118,No
100701,30,68039,Hyderabad,Postgraduate,10,Self-Employed,734,76200,No
101401,25,72069,Chennai,,6,Business,744,97931,No
101385,42,101046,Mumbai,12th,15,Self-Employed,627,127683,No
101151,25,87394,Bangalore,Graduate,1,Self-Employed,682,112826,No
101036,51,70324,JAIPUR,Postgraduate,33,Unemployed,780,20237,No
100375,57,101687,Hyderabad,Postgraduate,31,Contract,657,82626,No
100671,47,37491,pune,12th,25,Unemployed,683,5942,No
101536,19,132195,Mumbai,Postgraduate,0,Self-Employed,697,103338,No
100360,27,68861,Pune,,6,Business,683,92759,No
100972,28,52963,Chennai,Graduate,4,Salaried,725,33635,No
100788,,26963,Bangalore,Graduate,19,Salaried,502,1000,Yes
100739,52,129298,Hyderabad,Postgraduate,25,Salaried,800,44316,No
101040,45,49092,Bangalore,Postgraduate,18,Salaried,645,31538,No
100975,31,90793,Kolkata,Graduate,,Contract,652,20068,No
101535,30,174173,Hyderabad,Graduate,5,Salaried,781,70288,No
101496,55,159440,Pune,Graduate,35,Salaried,666,115136,No
101534,34,27823,Delhi,Graduate,11,Salaried,701,15346,No
101500,41,45203,Bangalore,12th,17,Salaried,596,46225,Yes
101654,31,34926,Pune,Postgraduate,6,Salaried,666,35675,No
101258,39,37174,Pune,Diploma,15,Salaried,666,6503,No
101705,39,50913,Hyderabad,10th,13,Contract,553,30905,Yes
101761,51,65659,Mumbai,Graduate,27,Salaried,699,32492,No
101242,33,266388,Pune,diploma,11,Salaried,689,121265,No
100890,46,67896,,10th,19,Salaried,643,37679,No
100081,33,55016,Mumbai,Graduate,13,Self-Employed,747,25799,No
101178,34,41744,Pune,12th,9,Contract,771,41051,No
100819,36,68301,Mumbai,Diploma,12,Salaried,630,57474,Yes
101293,35,111015,Hyderabad,Graduate,8,Salaried,706,84698,No
100675,21,31583,Chennai,Diploma,0,Salaried,541,41572,Yes
101542,53,122166,Hyderabad,Graduate,29,Business,727,,No
100058,32,88965,Pune,Graduate,14,Contract,665,99247,No
100135,26,45268,Chennai,Postgraduate,3,Business,757,30978,No
101146,35,,Bangalore,Graduate,9,Business,706,39776,No
100938,42,48477,Pune,Graduate,24,,614,51698,Yes
101696,54,46249,Hyderabad,Graduate,33,Salaried,735,50933,No
100828,30,53156,Bangalore,Graduate,7,Contract,699,30871,No
101220,56,81789,Pune,Postgraduate,31,Self-Employed,763,71282,No
100508,26,109061,Bangalore,Postgraduate,,Self-Employed,640,41479,No
101786,20,40631,Kolkata,Diploma,2,Self-Employed,656,1000,No
100350,33,44333,Hyderabad,12th,13,Salaried,587,22459,Yes
100389,45,89742,Hyderabad,Postgraduate,27,Contract,746,75399,No
101029,41,41552,Hyderabad,Graduate,19,Salaried,743,19039,No
100899,47,46957,Hyderabad,Postgraduate,28,Salaried,734,15969,No
100833,25,129920,Mumbai,Graduate,0,Salaried,1100,41691,No
101904,39,32751,Chennai,12th,17,Self-Employed,735,21652,No
100479,66,26340,Mumbai,Postgraduate,48,Contract,679,24255,No
101480,31,117899,Mumbai,Diploma,7,Business,735,46264,No
101457,43,100099,Hyderabad,10th,16,Business,850,32280,No
101592,18,76677,Pune,Graduate,0,Contract,693,72932,No
100656,36,87999,Hyderabad,Postgraduate,14,,687,75280,No
100174,38,59788,Hyderabad,Postgraduate,16,Salaried,619,13229,No
101155,51,31067,Jaipur,Postgraduate,24,Self-Employed,,34770,No
100039,22,54232,Bangalore,Postgraduate,0,Salaried,649,11728,No
100717,36,77584,Jaipur,Graduate,14,Self-Employed,680,,No
100092,45,64884,Chennai,,23,Unemployed,779,39865,No
101948,35,69605,Chennai,Postgraduate,17,Salaried,694,13162,No
101211,23,105452,Hyderabad,Postgraduate,4,Unemployed,724,70827,No
100880,47,,Bangalore,Postgraduate,25,Business,741,48591,No
101360,37,32088,Mumbai,Diploma,16,Unemployed,640,24866,No
101901,42,40507,Jaipur,10th,23,Contract,658,21646,No
101099,44,51218,Bangalore,Diploma,20,Salaried,640,16596,Yes
101161,18,39400,Delhi,Graduate,0,Self-Employed,634,15637,Yes
101793,33,63357,Hyderabad,Graduate,13,,655,74087,No
101971,41,44207,Pune,Graduate,15,Contract,634,35943,No
100503,21,45838,Chennai,12th,0,Business,637,35717,No
100341,27,80777,Mumbai,Diploma,4,Salaried,623,85594,Yes
101194,38,39159,Hyderabad,Graduate,19,Business,626,,No
100029,29,61722,Hyderabad,Graduate,8,Self-Employed,652,33454,Yes
101223,41,116878,Pune,Graduate,23,Self-Employed,764,124601,No
101408,50,58952,Delhi,Postgraduate,30,Self-Employed,729,57391,No
101832,37,41131,Jaipur,Graduate,10,Business,700,41703,No
100950,,22434,Mumbai,Postgraduate,17,Salaried,700,14632,No
100171,26,,Chennai,Postgraduate,2,Salaried,647,41376,No
101413,40,164463,Pune,12th,21,Salaried,673,32290,No
101203,36,62153,Pune,10th,16,Salaried,667,34692,No
101259,28,105640,Kolkata,10th,6,Salaried,706,76460,No
101625,54,156195,Pune,Postgraduate,29,Salaried,706,39590,No
100917,41,49938,Bangalore,12th,18,Business,670,13000,No
100495,50,27557,Bangalore,Diploma,28,Business,698,33458,No
100958,40,48290,Kolkata,Graduate,14,Business,637,48364,No
101103,56,136258,Hyderabad,Diploma,36,Salaried,692,103670,No
101037,23,45555,Jaipur,Graduate,4,Salaried,802,49403,No
100591,36,108627,Bangalore,Graduate,13,,667,109650,No
100754,46,50621,,Postgraduate,26,Self-Employed,687,31753,No
100661,29,28811,Mumbai,Postgraduate,2,,725,12896,No
100236,41,82208,Mumbai,Graduate,17,Unemployed,698,39353,No
100736,40,41071,Pune,Graduate,18,Salaried,773,9520,No
100116,38,,Bangalore,Diploma,17,Business,771,16109,No
101644,40,53951,Mumbai,10th,13,Salaried,698,47988,No
101162,58,70674,Hyderabad,Graduate,34,Unemployed,675,23659,No
101479,26,103732,Delhi,Postgraduate,1,Salaried,655,34738,No
101433,44,73301,Mumbai,Diploma,21,Unemployed,667,24010,No
101639,56,51382,Hyderabad,Postgraduate,29,Contract,739,25097,No
100939,37,22323,Mumbai,Diploma,17,Salaried,627,19269,No
101215,32,82428,Mumbai,,9,Self-Employed,,66677,No
101070,38,80506,Hyderabad,10th,14,Self-Employed,739,97775,No
100110,34,76637,Pune,Diploma,9,Contract,646,27428,No
101553,26,66555,Hyderabad,Graduate,1,Contract,737,30256,No
100572,52,24794,Pune,Graduate,28,Contract,624,7949,No
101173,36,26653,Mumbai,Graduate,14,,698,11866,No
101180,24,73034,Bangalore,Graduate,4,,721,12083,No
100895,49,72739,Chennai,Graduate,31,Salaried,644,,No
100952,39,84344,Bangalore,Diploma,19,Self-Employed,581,79183,Yes
101053,40,46929,Bangalore,Graduate,15,Business,703,34149,No
101361,35,29166,Mumbai,Graduate,11,Self-Employed,612,29354,Yes
101789,38,60759,Mumbai,Graduate,15,Salaried,707,57562,No
101456,18,170114,Bangalore,Postgraduate,0,Salaried,631,139859,No
100889,41,44504,Delhi,Postgraduate,14,Salaried,648,63515,No
101684,38,108137,Hyderabad,Diploma,15,Unemployed,663,78391,No
100855,49,107470,Delhi,Diploma,27,Unemployed,597,16470,No
100738,45,66395,Mumbai,Postgraduate,21,Salaried,695,31469,No
100721,38,161115,Delhi,Graduate,12,Unemployed,750,84964,No
100458,25,62740,Mumbai,Graduate,1,Self-Employed,700,23129,No
100266,23,105976,Bangalore,Graduate,0,Business,661,69743,No
100077,36,77170,hyderabad,Diploma,10,Contract,805,26957,No
101669,43,50864,Chennai,Graduate,21,Contract,609,22806,Yes
100447,39,64661,Mumbai,Graduate,16,Salaried,585,43246,Yes
100398,49,31663,Kolkata,Postgraduate,,Salaried,788,9987,No
100178,50,60882,Bangalore,Graduate,31,Contract,647,15121,No
101047,42,104045,Delhi,Graduate,23,Salaried,671,76680,No
101747,45,16609,Chennai,Graduate,21,Self-Employed,771,,No
101410,32,169543,Mumbai,Graduate,10,Unemployed,774,112772,No
101389,35,88344,Hyderabad,Diploma,15,Self-Employed,562,16926,Yes
100599,31,106418,Hyderabad,Graduate,13,Salaried,766,91061,No
100063,24,68176,Mumbai,Postgraduate,4,Salaried,645,56667,No
101304,27,31286,Bangalore,Graduate,9,Salaried,670,25454,No
100877,30,32860,Chennai,12th,10,Salaried,,23587,No
101499,45,49730,Mumbai,Postgraduate,21,Salaried,668,49381,No
101890,35,87761,Bangalore,Graduate,16,Unemployed,719,56782,No
100280,31,70935,Delhi,10th,7,Salaried,686,17491,No
100037,37,68249,Chennai,Graduate,18,Salaried,723,51961,No
101988,,40684,Chennai,Graduate,21,,606,5829,No
100666,36,25930,pune,Graduate,18,Business,705,27366,No
101966,36,67158,Chennai,Graduate,13,Salaried,640,76444,No
101454,61,40407,Pune,Graduate,34,Self-Employed,604,12110,Yes
100982,39,110734,Jaipur,12th,12,Business,850,43115,No
101582,46,114385,Delhi,Diploma,23,Self-Employed,659,37474,No
100742,22,70962,Delhi,Graduate,0,Contract,751,44763,No
100193,37,167453,Mumbai,Postgraduate,13,Unemployed,701,141673,No
100924,28,53092,Hyderabad,12th,2,Salaried,711,36743,No
100460,23,71303,Chennai,12th,0,Self-Employed,714,48658,No
100679,44,57961,Jaipur,Postgraduate,26,Business,716,20912,No
100764,34,38860,Bangalore,Graduate,15,Unemployed,762,14938,No
101819,33,44195,Delhi,Graduate,,Salaried,766,16199,No
101613,44,49841,Chennai,12th,26,Business,711,51142,No
100732,25,138947,Hyderabad,Postgraduate,5,Salaried,706,,No
100415,38,96259,Mumbai,Graduate,19,Self-Employed,752,101131,No
101104,34,99104,Delhi,Graduate,8,Business,763,115706,No
100830,32,44959,Chennai,Diploma,6,Salaried,596,40404,No
101651,41,68838,Delhi,10th,17,Salaried,760,44008,No
100620,37,122491,Jaipur,Graduate,18,Salaried,750,58484,No
100116,38,,Bangalore,Diploma,17,Business,771,16109,No
100420,36,26517,Pune,10th,10,Salaried,742,6178,No
101922,42,62219,Mumbai,Postgraduate,20,Salaried,663,64803,No
100974,28,164077,Mumbai,Postgraduate,8,Contract,669,92442,No
100608,23,16351,Chennai,Graduate,1,Salaried,719,1000,No
101930,55,60466,Pune,Postgraduate,37,Salaried,597,51336,No
100091,36,65828,Bangalore,Graduate,17,,778,9870,No
100853,29,29954,Jaipur,Postgraduate,6,Business,754,24736,No
101530,24,30849,Chennai,Graduate,0,Salaried,703,4112,No
101929,46,28751,Hyderabad,Postgraduate,26,,837,5804,No
100757,40,61228,Bangalore,Postgraduate,17,Salaried,666,27226,No
100502,54,93675,delhi,Graduate,33,Salaried,646,2500000,No
101283,42,16836,Hyderabad,Graduate,24,Business,712,12111,No
101333,33,131861,Mumbai,Graduate,6,Salaried,735,133473,No
100012,30,36156,Kolkata,Graduate,5,Unemployed,709,10971,No
100399,34,61641,Kolkata,Graduate,14,Salaried,661,73138,No
100286,18,70914,Chennai,Postgraduate,0,Salaried,653,70519,Yes
101071,35,27363,Pune,12th,11,Salaried,745,29185,No
101197,35,81396,Bangalore,12th,12,Contract,805,35586,No
101756,49,18624,Delhi,Postgraduate,30,Business,780,4962,No
100694,41,51078,Bangalore,Graduate,16,Salaried,670,46948,No
101764,,86499,Mumbai,10th,0,Self-Employed,657,67292,No
101887,27,,Hyderabad,Graduate,9,Salaried,776,10221,No
100693,24,53824,Bangalore,Graduate,0,Contract,788,56615,No
100856,29,41474,Hyderabad,Graduate,8,Business,724,43692,No
100161,25,29845,Hyderabad,Postgraduate,5,Salaried,697,15788,No
100900,27,64416,Hyderabad,Diploma,1,Self-Employed,738,,No
101586,42,27002,Mumbai,12th,24,Salaried,693,12149,No
100259,39,13132,Hyderabad,Postgraduate,13,Salaried,,11148,No
100337,,72436,Chennai,Graduate,5,Contract,645,59565,No
101891,40,80512,Pune,Diploma,14,Salaried,688,12797,No
101044,35,62218,Hyderabad,Diploma,17,Contract,731,85482,No
100519,36,48470,Bangalore,Postgraduate,10,Salaried,803,25792,No
101357,30,57429,Bangalore,12th,10,Salaried,674,49963,No
101020,,74499,Hyderabad,12th,19,Salaried,713,73894,No
100772,29,36478,Hyderabad,Postgraduate,11,Contract,771,31244,No
101758,45,,Hyderabad,12th,18,Salaried,769,203535,No
100765,46,63217,Hyderabad,12th,23,Salaried,,11252,No
101252,43,64801,Pune,Postgraduate,16,Self-Employed,540,91061,Yes
101209,,90247,Mumbai,Diploma,1,Self-Employed,667,108621,No
101477,34,94173,Pune,Postgraduate,15,Contract,830,103333,No
101996,46,55868,Bangalore,Graduate,,Salaried,630,20363,No
100525,27,91316,Kolkata,12th,0,Contract,712,50217,No
100023,36,116244,Bangalore,Postgraduate,9,Contract,732,80511,No
100359,38,20706,Pune,10th,19,Business,651,1000,No
101284,45,89067,Pune,Postgraduate,25,Business,601,52033,Yes
101320,33,197030,Kolkata,Diploma,10,Salaried,664,68058,No
101694,22,98385,,Postgraduate,4,Salaried,719,113367,No
100343,37,72092,Delhi,Graduate,15,Salaried,731,46863,No
100434,42,49971,Hyderabad,Graduate,21,Salaried,610,2891,No
100477,41,48441,Hyderabad,Graduate,21,Salaried,729,42903,No
100219,,174545,Bangalore,10th,11,Salaried,750,34463,No
100916,38,152029,Chennai,Graduate,11,Salaried,626,72086,No
101233,34,30519,Bangalore,Diploma,9,Business,749,1000,No
101607,36,35817,Pune,Diploma,10,Salaried,607,6297,Yes
101016,37,,Bangalore,Postgraduate,11,Unemployed,665,89455,No
101962,38,155567,Pune,Graduate,14,Business,658,92708,No
100095,31,97402,Hyderabad,Diploma,,Self-Employed,788,107848,No
101013,56,27096,Chennai,Postgraduate,37,,782,9453,No
101076,30,149496,Mumbai,Graduate,4,Self-Employed,850,180270,No
101098,18,75814,Kolkata,Graduate,0,Business,850,58217,No
101926,26,45710,Delhi,10th,1,Self-Employed,772,52078,No
101316,22,69157,Delhi,Graduate,0,Salaried,708,40661,No
100700,33,114234,Kolkata,Graduate,8,Salaried,831,17868,No
101839,35,32295,Delhi,12th,16,Salaried,752,35637,No
101001,49,19260,Hyderabad,Postgraduate,29,Business,744,22578,No
100155,38,27502,Hyderabad,Postgraduate,16,Salaried,713,20916,No
101105,46,36820,Hyderabad,Postgraduate,25,Self-Employed,761,22877,No
101730,53,15386,Jaipur,Graduate,32,Contract,678,2949,No
100453,25,53005,Jaipur,Graduate,7,Business,768,57177,No
100794,22,33038,Hyderabad,12th,3,Salaried,699,15991,No
100584,58,107802,Jaipur,Postgraduate,40,Salaried,753,78088,No
100707,22,59562,Pune,Graduate,0,Business,671,50046,No
101218,38,41218,hyderabad,10th,17,Business,650,27988,No
101303,33,61959,Hyderabad,Diploma,13,Contract,777,4757,No
101677,47,57259,Jaipur,Graduate,,Salaried,653,53074,No
101266,21,159973,Delhi,Graduate,0,Salaried,563,129355,Yes
100491,35,54583,Pune,Diploma,13,Contract,676,30923,No
100563,44,33061,Delhi,Graduate,23,Salaried,679,21968,No
101147,24,37268,Mumbai,Graduate,6,Business,615,16306,Yes
101125,,50941,Bangalore,Diploma,32,Contract,577,19771,Yes
100806,32,20705,Delhi,Graduate,5,Unemployed,604,14524,Yes
100516,43,65869,Mumbai,Diploma,25,Salaried,563,41018,Yes
100637,43,61080,Hyderabad,Graduate,21,Salaried,742,28212,No
101933,30,89609,Jaipur,Graduate,3,Self-Employed,714,23050,No
101799,46,31848,Hyderabad,Diploma,21,Salaried,850,23427,No
101556,39,54032,Hyderabad,Diploma,14,Salaried,648,1000,No
101156,45,22424,Bangalore,Graduate,24,Business,806,1000,No
100795,24,54057,Hyderabad,Graduate,6,Business,675,18024,No
100118,23,31831,Jaipur,Graduate,1,Business,658,15783,No
100744,35,74762,Bangalore,Graduate,9,Salaried,783,52409,No
101702,40,122275,Bangalore,Graduate,17,Salaried,1100,47280,No
101087,45,53315,Bangalore,Graduate,26,Salaried,561,13851,Yes
100835,35,48109,Mumbai,Graduate,17,Salaried,797,30788,No
100121,43,207322,Kolkata,Diploma,25,Salaried,722,107468,No
100660,34,74561,Delhi,Graduate,11,Contract,711,33962,No
101919,33,92722,Bangalore,Graduate,8,Self-Employed,622,62452,No
100639,22,31170,Delhi,10th,0,Salaried,610,9001,Yes
100372,40,40682,Delhi,Graduate,15,Unemployed,742,29353,No
100270,36,52588,Mumbai,Diploma,14,Self-Employed,697,58320,No
100659,37,,Kolkata,Postgraduate,18,Salaried,659,64302,No
100940,29,44322,Jaipur,Graduate,10,Contract,722,34691,No
100827,51,109194,Kolkata,Postgraduate,31,Salaried,790,90734,No
100871,33,38738,Kolkata,Graduate,6,Salaried,752,22084,No
100047,30,55006,Bangalore,Graduate,5,Contract,661,22208,No
101382,30,105862,Delhi,10th,6,Contract,711,40654,No
101720,31,51876,Kolkata,Postgraduate,12,Salaried,750,55028,No
100996,32,57394,Kolkata,Graduate,13,Salaried,649,56261,No
100881,60,16060,DELHI,Graduate,41,Business,606,19714,Yes
100778,33,48159,Delhi,,13,,567,5728,Yes
101225,33,64289,Hyderabad,Postgraduate,8,Business,558,8224,Yes
101817,18,44558,Kolkata,Graduate,,Business,821,27411,No
100005,33,19411,Bangalore,Graduate,8,Salaried,652,32697,No
101008,41,23484,Delhi,Graduate,21,Salaried,685,22898,No
101735,43,85079,Delhi,Postgraduate,21,Unemployed,624,109358,Yes
100265,32,79954,Chennai,Graduate,8,Self-Employed,723,87706,No
101580,27,30597,Delhi,Postgraduate,4,Salaried,620,36637,Yes
101842,18,37224,Hyderabad,10th,0,Salaried,725,21475,No
100446,42,63577,Pune,Diploma,15,Salaried,698,86167,No
101007,44,71855,Hyderabad,Postgraduate,19,Contract,729,58713,No
101083,32,18643,Hyderabad,Diploma,6,Salaried,648,8367,No
100842,42,23883,Hyderabad,Graduate,20,Self-Employed,743,25565,No
101802,34,22810,Delhi,Graduate,10,Salaried,751,4775,No
100306,36,304231,Hyderabad,Graduate,9,Unemployed,50,96224,No
101374,19,148605,Delhi,Diploma,0,Contract,643,83120,No
101568,40,99306,,10th,19,Contract,734,96660,No
100315,48,79328,Kolkata,Graduate,26,Self-Employed,626,9304,No
100151,38,49930,Kolkata,Graduate,14,Contract,644,25478,No
101154,22,44754,Mumbai,Diploma,0,Contract,602,,Yes
101219,27,36705,Bangalore,12th,5,Salaried,704,16900,No
100578,43,95164,Chennai,Postgraduate,17,Salaried,787,95904,No
100051,38,86586,Delhi,Graduate,14,Contract,,98794,No
101563,18,16492,Delhi,Diploma,0,Unemployed,,37708,No
100730,27,42115,Chennai,Diploma,2,Self-Employed,632,14219,No
100838,25,134506,Delhi,Postgraduate,2,Salaried,679,26600,No
101386,38,40333,Bangalore,Postgraduate,18,Business,731,29998,No
101121,46,42156,Bangalore,Graduate,20,Salaried,640,19899,No
101172,38,76851,Chennai,Graduate,14,Business,709,,No
100474,49,25733,Hyderabad,Diploma,26,Salaried,629,1000,No
100976,18,58294,Chennai,Graduate,0,Business,604,31263,No
100657,35,30168,Delhi,Graduate,9,Contract,697,41652,No
100402,29,60618,Kolkata,Postgraduate,7,Salaried,537,14545,Yes
100515,29,51333,Mumbai,Postgraduate,4,Business,642,78103,No
100322,41,84415,Pune,Graduate,23,Contract,786,77232,No
100020,21,27820,Hyderabad,12th,0,Self-Employed,704,24807,No
100688,31,23636,Chennai,Graduate,8,Business,595,,Yes
100036,23,250923,Hyderabad,Postgraduate,4,Salaried,611,87343,No
100907,21,43747,Delhi,Graduate,0,Salaried,592,25769,Yes
101790,48,112633,Delhi,Diploma,,Self-Employed,568,26888,Yes
100832,26,33078,Delhi,12th,0,Contract,704,34671,No
101865,48,44827,Bangalore,Graduate,24,Salaried,805,31818,No
100410,40,29247,Chennai,Postgraduate,16,Salaried,629,27122,Yes
100925,47,57847,Bangalore,Postgraduate,24,Salaried,626,35213,Yes
100541,43,37228,Pune,12th,25,Salaried,727,44348,No
100762,36,35338,Delhi,Postgraduate,17,Salaried,649,19470,No
101916,30,52291,Hyderabad,Graduate,6,Salaried,547,38769,Yes
101067,22,144394,Delhi,12th,2,Self-Employed,816,46649,No
101205,35,32575,Delhi,Graduate,15,,781,18114,No
100247,30,33549,Chennai,Postgraduate,8,Salaried,703,15924,No
101425,,20708,Pune,Graduate,6,Salaried,710,14878,No
101133,51,21225,Mumbai,Postgraduate,31,Salaried,588,20248,Yes
100789,34,42797,Bangalore,10th,9,Self-Employed,623,,No
101754,18,42983,Chennai,Postgraduate,0,Unemployed,716,29312,No
100493,36,41935,Delhi,Graduate,10,Salaried,570,18108,Yes
100156,28,39187,Hyderabad,Postgraduate,8,Business,656,50140,No
100966,49,47702,Mumbai,Graduate,23,Salaried,625,7361,No
100858,40,48451,Hyderabad,Postgraduate,16,Salaried,679,36176,No
101319,29,101937,Kolkata,Graduate,8,Salaried,699,51858,No
100629,36,43106,Hyderabad,Diploma,15,Salaried,627,42149,Yes
100689,42,83393,Delhi,10th,15,Self-Employed,695,95983,No
101572,22,113174,Kolkata,Postgraduate,0,Business,666,135128,No
100573,38,46642,Jaipur,Graduate,15,Unemployed,660,31899,No
101920,30,53232,Mumbai,Diploma,9,Self-Employed,658,59959,No
100018,38,18269,Bangalore,Graduate,11,Self-Employed,767,1000,No
100129,36,81515,Bangalore,Graduate,10,Self-Employed,673,87598,No
101355,29,39676,Kolkata,10th,9,Contract,687,25814,No
101286,22,125740,Hyderabad,Postgraduate,2,Salaried,748,44552,No
101981,25,116366,Bangalore,12th,5,Self-Employed,711,121322,No
100932,54,42811,Delhi,Postgraduate,35,Contract,746,28636,No
100985,35,22135,Hyderabad,Postgraduate,16,Salaried,742,21935,No
101977,46,72658,Kolkata,Postgraduate,21,Business,716,30756,No
100192,44,70918,Jaipur,12th,26,Salaried,761,37365,No
101145,33,69761,Mumbai,Graduate,11,Unemployed,690,47174,No
100997,53,63377,Chennai,12th,28,Business,621,50776,No
101968,33,19453,Pune,12th,10,Salaried,811,1000,No
101668,30,76101,Bangalore,Diploma,8,Unemployed,705,15940,No
100610,50,110887,Pune,Graduate,29,Unemployed,649,115590,No
100182,26,45184,Bangalore,Postgraduate,7,Business,708,5621,No
100303,42,44529,Mumbai,Diploma,16,Salaried,696,14875,No
100500,21,66311,Hyderabad,Postgraduate,1,Salaried,667,45760,No
101732,32,34877,Pune,Diploma,5,Business,50,27994,No
101721,40,95098,Pune,Diploma,17,Business,618,53858,Yes
101899,41,69649,Hyderabad,Graduate,18,Salaried,839,24816,No
100146,,124806,Bangalore,Graduate,16,Salaried,667,68345,No
100521,18,60564,Delhi,Graduate,0,Salaried,743,30284,No
101997,35,17541,Jaipur,Diploma,10,Salaried,657,1000,No
101075,45,36751,Pune,Postgraduate,23,Self-Employed,669,41117,No
100480,46,80515,Mumbai,Graduate,22,Salaried,609,37568,Yes
100159,23,111301,Mumbai,Graduate,0,Self-Employed,744,41603,No
101249,37,62382,Delhi,Graduate,18,Unemployed,761,52849,No
101201,135,60897,Chennai,Graduate,18,Contract,494,5030,Yes
100017,25,47553,Pune,Graduate,4,Salaried,689,4483,No
101546,40,65337,Mumbai,Graduate,22,Self-Employed,675,77306,No
101078,31,74553,Hyderabad,Postgraduate,9,Salaried,703,16647,No
101984,44,29648,Chennai,Graduate,23,Self-Employed,796,27795,No
100550,29,173465,Hyderabad,Graduate,5,Self-Employed,671,198037,No
101550,47,53927,Hyderabad,Graduate,29,Self-Employed,819,47278,No
100662,30,33617,Jaipur,Graduate,11,Salaried,819,25750,No
101637,25,45641,Kolkata,Postgraduate,0,Salaried,738,42836,No
101024,56,103749,Delhi,Graduate,29,Self-Employed,608,124570,Yes
101674,26,86351,Jaipur,Graduate,6,Contract,809,19992,No
101514,18,21034,Delhi,Graduate,0,Salaried,646,15234,No
100964,,30760,Hyderabad,Postgraduate,15,Salaried,761,36305,No
101893,31,35423,jaipur,Graduate,7,Salaried,738,18451,No
100285,56,42602,Hyderabad,12th,38,Self-Employed,677,26398,No
100802,30,,Hyderabad,Graduate,11,Contract,635,185115,No
101638,39,67415,Delhi,Graduate,21,Salaried,714,33534,No
100227,36,120075,Mumbai,12th,16,Salaried,745,46724,No
100027,23,148060,Chennai,12th,4,Business,725,159043,No
101782,34,45954,Delhi,Postgraduate,8,Business,588,47735,Yes
100440,34,22731,Kolkata,Postgraduate,16,Self-Employed,714,5526,No
101961,34,36779,Pune,Diploma,10,Business,621,39410,No
101397,22,72632,Kolkata,12th,2,Salaried,621,79768,No
100231,28,37743,Mumbai,Postgraduate,9,Self-Employed,730,19796,No
100038,18,41571,Bangalore,Graduate,0,Business,769,42363,No
100753,25,42570,Delhi,Graduate,2,Salaried,754,21346,No
101050,49,106253,Hyderabad,Graduate,30,Business,646,128891,No
101407,21,80036,Hyderabad,Postgraduate,0,Salaried,630,17848,No
100473,20,35696,Delhi,Graduate,0,Salaried,646,28950,No
101704,46,34710,Hyderabad,Diploma,24,Salaried,737,39794,No
101980,39,30877,Delhi,Graduate,16,Contract,663,19814,No
100691,31,31442,Mumbai,Graduate,8,Business,783,44787,No
101855,45,44984,Kolkata,Diploma,26,Business,656,20077,No
100643,32,34506,Delhi,12th,14,,613,11573,No
101724,41,20590,Chennai,Postgraduate,15,Salaried,640,1000,No
101224,39,80616,Mumbai,Graduate,14,Contract,723,56773,No
101164,19,37536,Chennai,Diploma,0,Salaried,670,37254,No
101424,27,69224,Hyderabad,Diploma,8,Salaried,630,40467,No
101538,30,35181,Kolkata,12th,11,Salaried,623,,Yes
101667,25,82236,Hyderabad,Graduate,1,Salaried,710,64740,No
101308,35,67104,Kolkata,Graduate,17,Salaried,704,52168,No
101834,38,25146,Hyderabad,Postgraduate,14,Salaried,730,13030,No
100805,31,52187,Pune,Diploma,5,Salaried,706,29074,No
101614,34,68377,Chennai,Graduate,16,Self-Employed,797,38756,No
100162,43,62986,,Graduate,20,Business,737,52647,No
100961,41,34948,Mumbai,Graduate,19,Business,837,13354,No
101192,22,81378,Pune,Graduate,3,Contract,685,90069,No
100826,50,140413,Hyderabad,Graduate,25,Salaried,850,32865,No
101693,44,107484,Hyderabad,Graduate,17,Salaried,657,,No
100882,30,17132,Chennai,Graduate,9,Contract,646,12500,No
100918,37,79447,Mumbai,Graduate,10,Self-Employed,755,47642,No
100154,37,62441,Mumbai,10th,12,Salaried,785,45810,No
101882,51,60575,Mumbai,Graduate,24,Self-Employed,640,38253,No
101788,27,33800,Chennai,Graduate,2,Self-Employed,624,21126,No
100513,33,74382,Mumbai,Diploma,15,Contract,669,50091,No
101141,32,87624,Delhi,Graduate,13,Salaried,691,83082,No
101256,23,59667,Hyderabad,Diploma,0,Salaried,,69852,No
101695,36,88858,Pune,Graduate,17,Salaried,682,50661,No
100105,33,28593,Chennai,Graduate,11,Salaried,776,9660,No
101455,41,10981,Mumbai,Graduate,21,Business,538,10418,Yes
101452,52,27578,Mumbai,Graduate,33,Salaried,672,32032,No
100590,26,53112,BANGALORE,Postgraduate,3,Contract,735,59702,No
101780,120,52457,Mumbai,Graduate,5,Contract,583,74421,Yes
101149,51,51752,Pune,Postgraduate,24,Business,762,46406,No
100054,41,46539,Chennai,Graduate,22,Salaried,660,60722,No
100153,28,55635,Pune,Graduate,2,Salaried,729,27722,No
100406,41,114960,Hyderabad,Graduate,17,Salaried,822,148577,No
101955,29,39964,Delhi,Postgraduate,10,Salaried,679,7942,No
100209,40,46300,Chennai,Graduate,19,Salaried,594,43935,Yes
101906,39,46073,Chennai,Graduate,18,Self-Employed,668,40888,No
101128,27,113568,Jaipur,Graduate,8,Salaried,630,35794,No
101902,32,51203,Delhi,Postgraduate,8,Salaried,704,5482,No
100009,30,79037,Mumbai,Graduate,8,Business,739,68094,No
101019,32,42914,Hyderabad,Graduate,10,Salaried,675,28997,No
101918,29,74359,Jaipur,Graduate,11,Salaried,666,10324,No
101065,31,23912,Hyderabad,Postgraduate,4,Unemployed,653,28053,No
100456,27,124626,Pune,Postgraduate,1,Salaried,660,79626,No
100255,20,27619,Pune,Graduate,0,Business,734,1000,No
101335,36,118761,Mumbai,12th,9,Contract,756,33115,No
100901,39,53640,Chennai,Postgraduate,13,Self-Employed,719,20592,No
101745,26,31817,Bangalore,Postgraduate,5,Salaried,710,18885,No
100885,42,12136,Delhi,10th,22,Salaried,742,9864,No
101606,25,35600,Delhi,Graduate,0,Self-Employed,623,46794,No
101900,32,67771,Mumbai,Graduate,6,Self-Employed,651,29251,No
100627,25,119008,Mumbai,Graduate,5,Salaried,686,95410,No
100348,21,34220,Pune,Graduate,2,Business,544,19366,Yes
101714,43,17020,Jaipur,Graduate,,Contract,655,23999,No
100264,25,30516,,Graduate,3,Self-Employed,690,5076,No
101646,39,29803,Delhi,Diploma,14,Self-Employed,668,28967,Yes
101329,23,30164,,Diploma,0,Self-Employed,734,17224,No
101447,30,51728,Kolkata,Diploma,4,Salaried,759,8669,No
100152,38,137159,Bangalore,Graduate,13,Contract,671,100894,No
100476,33,81793,Delhi,Graduate,6,Unemployed,770,48544,No
100644,20,38424,Hyderabad,Postgraduate,0,Salaried,677,15654,No
101995,39,17664,Kolkata,Graduate,13,Self-Employed,695,7142,No
101894,34,19258,Hyderabad,Postgraduate,13,Unemployed,638,1000,No
100554,38,68144,Hyderabad,Postgraduate,11,Contract,714,72121,No
101791,18,75923,Hyderabad,12th,0,Salaried,757,45078,No
100933,21,33725,Hyderabad,Graduate,0,Business,697,7803,No
100492,50,37637,Hyderabad,12th,,Salaried,661,23374,No
101823,33,53659,Delhi,Graduate,6,Unemployed,737,,No
101177,18,24547,Pune,Graduate,0,Self-Employed,652,32732,No
100148,22,34871,Pune,Postgraduate,1,Self-Employed,612,11786,No
101716,34,50418,Pune,Diploma,11,Self-Employed,701,31169,No
101940,36,35960,Mumbai,Postgraduate,10,Salaried,678,9143,No
100405,30,,Bangalore,Graduate,3,Salaried,724,120029,No
100959,41,102712,Chennai,12th,22,Salaried,631,92917,No
101889,30,59502,Delhi,12th,10,Contract,741,69715,No
100663,35,76387,Chennai,Graduate,14,Salaried,580,53592,Yes
101381,42,180931,Mumbai,Graduate,23,Contract,630,126396,No
100467,41,36145,Hyderabad,Graduate,22,Unemployed,660,7419,No
101358,39,17056,Jaipur,12th,21,Salaried,717,22129,No
100188,34,47497,Mumbai,Graduate,13,Self-Employed,734,13264,No
101153,29,11117,Pune,Graduate,11,Salaried,698,1000,No
101230,57,53832,Pune,Graduate,30,Business,755,34795,No
100612,34,29418,Hyderabad,Postgraduate,7,Salaried,658,2121,No
100145,38,48646,Bangalore,Graduate,11,Salaried,621,27844,Yes
100755,26,52808,Hyderabad,Diploma,3,Salaried,760,39632,No
101545,29,117261,Hyderabad,Postgraduate,6,Salaried,708,42161,No
100986,23,32437,Delhi,12th,0,Business,808,18588,No
100199,36,,Pune,Graduate,13,Salaried,661,13433,No
101645,24,35208,Hyderabad,Postgraduate,0,Business,645,25357,Yes
100888,31,118028,Chennai,Graduate,4,Salaried,731,34565,No
100281,36,21288,Bangalore,Postgraduate,14,Salaried,694,13704,No
100295,39,34834,Bangalore,Diploma,21,Salaried,661,39312,No
101835,29,32258,Hyderabad,12th,4,Salaried,731,,No
100403,35,40718,Mumbai,10th,17,Unemployed,724,47949,No
100124,21,47596,Bangalore,Graduate,0,Contract,697,36285,No
101213,28,137594,Hyderabad,Graduate,4,Contract,655,89216,No
100204,46,27005,Bangalore,Graduate,22,Salaried,657,30672,No
101472,29,52607,Bangalore,Postgraduate,4,Unemployed,741,68217,No
100840,33,50393,Hyderabad,Graduate,12,Unemployed,,31830,No
100248,28,26461,Hyderabad,Graduate,10,Self-Employed,652,4176,No
101448,41,35325,Pune,Graduate,16,Business,670,17537,No
101765,33,62271,Chennai,Postgraduate,7,Self-Employed,733,30328,No
101913,41,95827,Jaipur,Graduate,15,Business,552,118450,Yes
101719,42,49776,Mumbai,Postgraduate,22,Salaried,721,54890,No
101892,,75773,Bangalore,12th,17,Salaried,692,51336,No
101159,45,114215,Hyderabad,12th,26,Business,669,121255,No
101673,31,29332,Bangalore,Graduate,5,Salaried,850,30748,No
101435,33,191938,Delhi,Graduate,8,Salaried,650,110865,No
100387,38,48454,Delhi,Graduate,18,Business,712,27555,No
101770,41,40578,Pune,Postgraduate,23,Self-Employed,593,43713,Yes
100859,29,105234,Bangalore,Postgraduate,6,Unemployed,631,35121,No
101600,28,48532,Kolkata,Graduate,8,Self-Employed,636,31461,No
100221,58,45162,Jaipur,Postgraduate,33,Salaried,651,42257,No
100645,33,30206,Hyderabad,12th,13,Business,688,36824,No
100002,34,,Pune,12th,14,Business,635,73093,Yes
100114,60,31694,Hyderabad,Diploma,37,Business,686,13889,No
100702,45,100220,Jaipur,Diploma,22,Business,713,113627,No
101927,18,93270,Chennai,Postgraduate,0,Business,632,61632,No
100956,46,143794,Chennai,Diploma,27,Salaried,710,126069,No
101660,46,185717,Jaipur,Postgraduate,25,Salaried,820,50585,No
101648,45,61827,Chennai,10th,19,Salaried,684,51551,No
101897,32,118360,Bangalore,Graduate,10,Salaried,776,94834,No
101419,,27015,Mumbai,Graduate,31,Salaried,704,26398,No
101418,38,61659,Chennai,Graduate,20,Salaried,774,40939,No
101544,30,30410,Mumbai,Graduate,8,Contract,660,22589,No
101299,38,29166,Hyderabad,Diploma,14,Business,767,22572,No
101820,25,28678,Hyderabad,Graduate,1,Salaried,,30774,No
100444,34,80373,Mumbai,Diploma,12,Salaried,654,64624,No
101531,36,125326,Hyderabad,Graduate,17,Salaried,705,56024,No
101142,49,17071,Pune,Graduate,23,Salaried,575,10933,No
101727,30,72285,Bangalore,Graduate,5,Salaried,729,64506,No
101262,36,56409,Pune,12th,10,Contract,,40290,No
101875,48,36623,Pune,Graduate,22,Salaried,749,24273,No
101643,34,31908,Hyderabad,Postgraduate,10,Self-Employed,770,22226,No
101707,42,41216,Hyderabad,12th,15,Contract,679,28321,No
101406,27,13662,Kolkata,Graduate,1,Business,624,4357,No
100667,32,87692,Delhi,Graduate,9,Self-Employed,707,69799,No
101847,48,100214,Mumbai,Graduate,26,Salaried,950,93358,No
101263,40,33441,Pune,Diploma,18,Business,722,33535,No
101785,36,71004,Bangalore,Postgraduate,14,Contract,771,37864,No
101712,34,26673,Hyderabad,Postgraduate,7,Salaried,757,29372,No
100319,38,40458,Delhi,Graduate,15,Contract,625,30198,Yes
100652,46,126842,Bangalore,Postgraduate,26,Self-Employed,619,67366,No
101443,37,59434,Jaipur,12th,14,Salaried,649,51384,No
101489,20,33076,Hyderabad,Graduate,0,Salaried,685,10682,No
100713,30,72404,Bangalore,Graduate,7,Business,689,41598,No
101391,40,23104,Chennai,Postgraduate,16,Salaried,567,1000,Yes
101290,18,46942,Hyderabad,,0,Salaried,634,11006,No
100977,30,110208,Pune,10th,5,Salaried,817,126775,No
100631,18,64745,Pune,10th,0,Self-Employed,640,67709,No
100636,18,99155,Hyderabad,Graduate,0,Self-Employed,726,11916,No
101314,41,31476,Hyderabad,12th,22,Business,806,13538,No
101409,32,48666,Chennai,Graduate,12,Business,707,23702,No
101417,36,87334,Delhi,Postgraduate,18,Business,747,47747,No
101254,39,98425,Chennai,Graduate,15,Salaried,709,66970,No
101965,41,39362,Delhi,10th,19,Self-Employed,743,14460,No
101260,34,121185,Jaipur,Postgraduate,16,Salaried,760,127609,No
101506,30,25854,Hyderabad,12th,3,Business,576,18397,No
101380,53,36847,Chennai,Postgraduate,31,Salaried,771,34584,No
101540,18,50357,Hyderabad,Diploma,0,Salaried,589,37514,No
101675,51,53078,Bangalore,12th,31,Contract,671,19138,No
101363,36,20505,Delhi,Diploma,14,Self-Employed,713,21994,No
101937,38,109351,Mumbai,Graduate,20,Salaried,709,70165,No
101912,57,750000,Hyderabad,Graduate,33,Salaried,769,21714,No
101655,38,59709,Chennai,12th,20,Self-Employed,719,67302,No
101860,38,49396,Pune,Diploma,14,Self-Employed,700,19393,No
100800,,64906,Kolkata,Diploma,15,Salaried,728,51528,No
100649,33,55474,Chennai,Postgraduate,10,Salaried,797,54348,No
101017,28,23848,Chennai,Diploma,10,Business,730,10390,No
101851,29,41214,Hyderabad,Diploma,5,Contract,666,25273,No
100560,31,91440,Mumbai,Postgraduate,12,Business,,18313,No
100685,23,66130,Bangalore,Postgraduate,1,Salaried,654,49728,No
100581,38,67491,Hyderabad,,16,Salaried,,17944,No
101115,37,68120,Chennai,Graduate,16,Salaried,621,62370,No
101273,24,89309,Chennai,Graduate,0,Salaried,850,64956,No
101734,32,59568,Pune,10th,6,Contract,764,18122,No
101189,41,89878,Kolkata,12th,20,Salaried,,35704,No
100528,35,76792,Bangalore,Postgraduate,15,Salaried,749,7383,No
101064,18,41108,Hyderabad,Graduate,0,Salaried,770,20152,No
100544,49,46417,Jaipur,Graduate,26,Salaried,,40593,No
101200,49,69955,Kolkata,Diploma,29,Self-Employed,746,24857,No
101690,32,50597,Delhi,Diploma,5,Self-Employed,673,22949,No
100752,21,130646,Mumbai,Graduate,0,Unemployed,715,33993,No
101863,43,54787,Kolkata,,23,Business,671,28439,No
101439,40,27079,Bangalore,Postgraduate,17,Business,723,2104,No
100488,24,,Hyderabad,12th,3,Contract,632,54010,Yes
101769,36,750000,Chennai,Diploma,17,Salaried,634,51397,No
100097,38,79527,Hyderabad,10th,14,Business,726,24163,No
101025,52,19668,Chennai,12th,27,Contract,553,17652,Yes
100567,18,31805,Kolkata,Postgraduate,0,Unemployed,658,14612,No
101270,47,78485,Mumbai,12th,27,Business,735,30939,No
100746,28,46721,Chennai,Diploma,6,,713,6858,No
100868,38,33773,Mumbai,10th,17,Salaried,736,36939,No
101609,38,26182,Mumbai,Graduate,12,Salaried,781,36465,No
101726,46,75780,Hyderabad,Diploma,27,Salaried,745,58687,No
101494,37,40973,Bangalore,Graduate,10,Self-Employed,793,24475,No
100896,41,476641,Hyderabad,Graduate,23,Business,633,352144,Yes
101588,31,33194,Hyderabad,Postgraduate,10,Salaried,771,35732,No
101043,46,39835,Kolkata,Graduate,19,Salaried,758,11823,No
100208,40,66881,Mumbai,Graduate,14,Salaried,687,41149,No
100395,47,52533,Mumbai,Graduate,21,Salaried,758,62441,No
100799,35,45130,Bangalore,Postgraduate,13,Contract,811,21681,No
100875,35,54068,Bangalore,Graduate,14,Contract,645,44362,No
100400,47,57138,Jaipur,Postgraduate,26,Self-Employed,745,50966,No
100770,53,49367,Bangalore,Graduate,32,Salaried,655,38486,No
101853,23,112187,Hyderabad,Graduate,0,Salaried,710,109042,No
101247,35,70109,Bangalore,Graduate,16,Salaried,703,54745,No
101033,39,70581,Chennai,Postgraduate,16,Salaried,779,23410,No
101804,20,,Delhi,12th,2,Salaried,739,45434,No
100646,32,35720,Kolkata,Diploma,8,,542,25506,Yes
101903,47,137734,Delhi,Diploma,24,Contract,653,39991,No
100616,36,79434,Kolkata,12th,14,Self-Employed,606,53604,Yes
101774,37,36216,Mumbai,Postgraduate,16,Self-Employed,689,32193,No
100965,34,107773,,Diploma,9,Salaried,691,72296,No
101581,37,176966,Jaipur,Graduate,12,Self-Employed,705,179808,No
100729,30,36560,Hyderabad,Diploma,4,Salaried,719,23783,No
100687,33,71196,Hyderabad,Postgraduate,10,Salaried,699,14485,No
100100,33,86243,Hyderabad,Graduate,11,Business,668,73885,No
100809,48,90994,Chennai,Postgraduate,24,Business,708,19715,No
101763,36,35169,Pune,Graduate,12,Self-Employed,643,16358,No
101608,51,99726,Delhi,Postgraduate,33,Contract,658,40902,No
100409,36,85936,Delhi,Postgraduate,17,Salaried,796,15035,No
100506,30,34930,Bangalore,Graduate,7,Salaried,702,17673,No
101077,19,84240,Bangalore,Graduate,0,Salaried,618,64328,Yes
101061,43,65492,Kolkata,Graduate,20,Salaried,756,61189,No
100934,18,93014,Jaipur,12th,0,Self-Employed,712,65868,No
100784,41,31007,Pune,Graduate,16,Business,653,10035,No
100202,41,49518,Mumbai,Diploma,23,Business,641,39675,No
100136,50,40119,Hyderabad,Graduate,29,Salaried,713,10644,No
101056,28,34333,Kolkata,Graduate,3,Contract,640,17958,No
100041,42,,Kolkata,Graduate,21,Self-Employed,639,1000,No
101022,29,42632,Hyderabad,12th,5,Contract,722,11419,No
100232,37,84960,Hyderabad,Diploma,11,Contract,715,31550,No
101523,33,32337,Bangalore,Postgraduate,11,Self-Employed,618,5527,No
101808,40,18628,Bangalore,Graduate,22,Salaried,653,9840,No
100381,27,32371,Hyderabad,Postgraduate,7,Contract,785,1500000,No
100290,29,120258,Pune,Postgraduate,4,Contract,718,139442,No
100421,56,97842,Bangalore,Diploma,30,Salaried,790,66442,No
101710,25,56206,Delhi,Graduate,0,Salaried,748,58477,No
100394,53,38468,Chennai,Graduate,35,Salaried,704,16911,No
100596,30,15983,Mumbai,Graduate,,Contract,715,12263,No
101533,38,51959,Bangalore,Postgraduate,15,Salaried,683,45034,No
101168,41,59995,Pune,Graduate,23,Self-Employed,721,68948,No
101092,35,83527,Pune,Graduate,10,Salaried,773,75558,No
101505,33,41735,Pune,12th,13,Salaried,1100,39988,No
100651,53,33384,Jaipur,Postgraduate,33,Salaried,666,,No
101158,58,58411,Hyderabad,Diploma,34,Salaried,646,38205,No
101376,33,31316,Pune,Postgraduate,13,Salaried,694,31687,No
100524,41,46288,Hyderabad,Graduate,20,Self-Employed,771,35064,No
101874,43,24411,Kolkata,Diploma,19,Salaried,735,19719,No
100066,49,39918,,Diploma,29,Salaried,772,46737,No
101848,26,42637,Hyderabad,Postgraduate,8,Salaried,850,11593,No
100015,18,86795,Pune,10th,0,Salaried,802,30557,No
101186,44,114337,Delhi,Postgraduate,22,Contract,637,52133,No
101069,30,62254,Mumbai,10th,10,Salaried,695,50672,No
100496,40,86021,Bangalore,Diploma,15,Contract,712,94729,No
100382,29,32489,Kolkata,Graduate,4,Salaried,771,18569,No
100189,27,43434,Hyderabad,Graduate,5,Salaried,757,34662,No
100767,35,53993,Bangalore,Graduate,14,Salaried,678,54161,No
100218,33,53035,Hyderabad,,13,Salaried,756,49378,No
100796,46,34491,Pune,Postgraduate,19,Salaried,743,22675,No
101082,32,59414,Bangalore,Postgraduate,13,Business,535,37474,Yes
100883,30,39392,Mumbai,Graduate,6,Salaried,698,17063,No
100340,29,38250,Pune,Postgraduate,5,Contract,601,41749,Yes
101784,43,28864,Pune,Graduate,22,Business,686,31780,No
100723,22,30721,Mumbai,Graduate,0,Salaried,656,23535,No
101760,48,54330,Mumbai,Graduate,25,Business,688,14402,No
100297,44,69231,Hyderabad,Graduate,26,Salaried,709,71927,No
101737,24,42756,Bangalore,Graduate,3,Salaried,769,26593,No
101021,40,106429,Delhi,12th,22,Salaried,712,65210,No
101282,33,55916,Delhi,12th,10,Salaried,614,30784,No
101762,42,54665,Chennai,Postgraduate,17,Salaried,746,8407,No
101495,50,72869,Bangalore,Graduate,29,Salaried,630,81238,Yes
100459,29,72397,Mumbai,Postgraduate,5,Unemployed,603,73278,Yes
100037,37,68249,Chennai,Graduate,18,Salaried,723,51961,No
100820,46,19051,Jaipur,12th,25,Salaried,635,4002,No
101898,51,81299,Hyderabad,Diploma,33,Salaried,747,97825,No
100271,49,66590,Chennai,Graduate,22,,641,45579,No
101000,41,50498,Hyderabad,12th,15,Business,695,46284,No
100203,46,81712,Bangalore,Graduate,23,Salaried,805,84701,No
100163,47,72338,Hyderabad,Diploma,27,Self-Employed,596,36691,No
101590,36,44230,Jaipur,Diploma,10,Salaried,706,35907,No
100733,39,74957,Delhi,Graduate,21,Salaried,795,35837,No
100404,35,47367,Bangalore,Graduate,17,Contract,692,24437,No
100706,41,97723,Mumbai,Postgraduate,16,Business,677,53429,No
101510,50,41012,Mumbai,12th,24,Unemployed,696,20669,No
101857,49,25525,Kolkata,Diploma,24,Self-Employed,610,26706,Yes
101807,38,56060,Mumbai,Graduate,14,Self-Employed,650,64228,No
101135,33,56264,Chennai,Graduate,7,Unemployed,678,2497,No
100569,18,88189,,Graduate,0,Salaried,584,74962,Yes
101422,46,52713,Mumbai,12th,26,Salaried,710,50390,No
101026,39,44418,Mumbai,Graduate,17,Contract,707,50290,No
101030,25,56052,Delhi,Graduate,7,Business,623,32332,No
101420,,41044,Hyderabad,Graduate,17,Salaried,659,,No
101907,19,114014,Bangalore,Graduate,0,Salaried,771,59031,No
101596,25,103325,Mumbai,Postgraduate,3,Salaried,678,105237,No
101110,54,19667,Hyderabad,Diploma,35,Contract,678,22670,No
100207,40,124412,Bangalore,Graduate,22,Self-Employed,767,61648,No
100035,43,98539,Kolkata,Postgraduate,21,Business,655,37287,No
100780,41,71595,,Diploma,16,Self-Employed,759,84568,No
100512,34,74316,Hyderabad,12th,11,Business,744,28525,No
101461,34,139768,Delhi,Graduate,9,,670,95319,No
101488,18,79285,Mumbai,12th,0,Salaried,568,86368,Yes
101983,29,311365,Hyderabad,Postgraduate,11,Business,618,139804,No
101399,,191834,Chennai,Graduate,25,Salaried,713,26635,No
100093,28,77443,Pune,Graduate,4,Self-Employed,711,61525,No
101372,52,28500,Delhi,Graduate,33,Business,658,25664,No
100902,31,43554,Chennai,Graduate,12,Business,638,13876,No
100568,25,78685,Mumbai,Graduate,1,Salaried,609,28985,No
101378,45,32357,Pune,Postgraduate,26,Salaried,706,38053,No
100781,37,88972,Hyderabad,Graduate,14,Self-Employed,810,20979,No
100243,40,163102,Hyderabad,Diploma,18,Salaried,687,36314,No
100014,18,32799,Hyderabad,Diploma,0,Salaried,702,28441,No
100317,42,87248,Pune,Diploma,20,Salaried,577,27380,No
100604,49,28589,Chennai,Graduate,30,Salaried,560,26113,Yes
100390,29,97195,Delhi,Diploma,4,Salaried,689,93034,No
101305,40,100764,Delhi,Graduate,18,Salaried,,32852,No
100168,54,27541,Chennai,Diploma,29,Self-Employed,599,1000,Yes
100845,37,61964,Delhi,Graduate,16,Salaried,632,43553,No
100021,50,56843,Hyderabad,Graduate,29,Salaried,696,10460,No
100650,42,90340,Kolkata,Postgraduate,21,Self-Employed,655,42900,No
101854,44,29916,Chennai,Graduate,22,Salaried,763,3381,No
101518,41,69460,Delhi,Postgraduate,16,Salaried,772,73574,No
101160,32,65339,Chennai,12th,7,Salaried,721,63230,No
101539,23,53537,Jaipur,Postgraduate,5,Salaried,752,40406,No
100836,37,46638,Hyderabad,Graduate,15,Contract,731,9930,No
101274,32,81774,Delhi,Graduate,13,Contract,733,80190,No
101601,33,34959,Hyderabad,Graduate,7,Self-Employed,718,26457,No
101911,52,25253,Chennai,Postgraduate,30,Salaried,753,7584,No
100566,31,43942,Hyderabad,12th,12,Business,732,41937,No
101964,41,83948,Bangalore,Graduate,15,Salaried,709,56510,No
100690,39,77030,Delhi,12th,12,Salaried,743,38697,No
100962,48,39354,,Graduate,21,Salaried,706,27109,No
100191,31,22837,Hyderabad,Postgraduate,4,Salaried,604,14653,Yes
101818,28,51382,Kolkata,Graduate,1,Self-Employed,654,12264,No
100980,43,61389,Hyderabad,Graduate,16,Salaried,,52743,No
100703,28,,Hyderabad,Graduate,6,Contract,627,97218,No
101509,36,72419,Hyderabad,12th,17,Salaried,696,67868,No
101717,38,327351,Chennai,Postgraduate,11,Unemployed,729,144233,No
100514,26,47804,Delhi,Graduate,5,Salaried,631,17824,No
101088,37,107530,Kolkata,Graduate,17,Unemployed,596,50469,No
100478,38,122318,Chennai,Postgraduate,18,Salaried,654,102613,No
101595,18,109937,Bangalore,Postgraduate,0,Salaried,771,64806,No
100861,,41065,Kolkata,Graduate,15,Salaried,628,6873,No
100751,26,,Hyderabad,Postgraduate,5,Salaried,695,111521,No
100254,45,54636,Bangalore,Graduate,24,Salaried,688,25753,No
100022,33,64065,,10th,6,Business,620,21553,Yes
101346,20,134692,Pune,Graduate,0,Self-Employed,632,116805,Yes
100463,28,71706,Jaipur,Diploma,9,Unemployed,726,29139,No
101190,25,150449,Hyderabad,,2,Salaried,676,41796,No
100278,29,29239,Pune,12th,11,Self-Employed,632,33508,Yes
100960,39,29930,Pune,Graduate,20,Salaried,683,8591,No
101221,23,30869,Delhi,Graduate,0,Business,713,31258,No
100388,54,33083,Pune,12th,35,Salaried,,9829,No
100810,26,40654,Chennai,Postgraduate,2,Salaried,686,35996,No
101446,28,29364,Delhi,Diploma,9,Salaried,627,,No
101526,46,28838,Delhi,Graduate,26,Salaried,,11151,No
100346,37,100561,Mumbai,Postgraduate,11,Salaried,707,85820,No
100773,41,49904,Hyderabad,Graduate,23,Salaried,719,39621,No
101341,37,81099,Hyderabad,Graduate,14,Business,708,55154,No
101697,25,40160,Bangalore,Graduate,7,Salaried,649,18973,No
100132,36,55597,Mumbai,Postgraduate,18,Salaried,688,29848,No
101699,40,91886,Mumbai,12th,15,Contract,,32446,No
100876,53,33348,Jaipur,Graduate,34,Salaried,672,6444,No
101129,34,57243,Bangalore,12th,11,Self-Employed,822,44224,No
101405,45,69904,Jaipur,Graduate,20,Salaried,100,25958,No
100089,30,42865,Chennai,Postgraduate,8,Salaried,756,43014,No
101492,61,48908,Hyderabad,Postgraduate,41,Salaried,691,55601,No
100332,135,52876,Pune,Graduate,3,,639,24125,No
101244,25,98458,Delhi,12th,,Business,685,84047,No
100470,29,49019,Delhi,Diploma,7,Self-Employed,751,28344,No
100123,49,54420,Hyderabad,Diploma,24,Salaried,609,42703,Yes
101650,61,43389,Kolkata,Graduate,37,Business,805,46474,No
101049,50,69502,Mumbai,Postgraduate,27,Salaried,658,37593,No
101736,19,51429,Bangalore,Graduate,0,Self-Employed,738,8936,No
101101,45,37283,Delhi,Postgraduate,24,Contract,688,24625,No
101136,45,70174,Mumbai,Graduate,27,Salaried,721,,No
101302,45,,Kolkata,12th,20,Contract,712,24962,No
100865,29,68859,Jaipur,10th,11,Salaried,824,65018,No
101469,23,42834,Jaipur,Graduate,5,Salaried,611,38677,No
101132,39,53875,Delhi,Graduate,12,Unemployed,730,47666,No