feature_1,feature_2_mc,feature_3_mc,feature_4,feature_5,feature_6_mc,feature_7,feature_8,noise_1,noise_2,noise_3,noise_4,noise_5,noise_6,noise_7,noise_8,noise_9,noise_10,target
67.54841186120953,136.68111320431865,74.90405816760361,11.160536907441138,394.58848566560494,13.926651696862002,-16.522446694823355,0.4219218196852704,0.6901729991646017,0.1307464077662839,-0.2317928608380212,-0.007802373045508363,0.45775079868034557,1.374572009300586,-0.6777790545610238,-0.19664280086494904,-1.5418753581837614,-0.9685538540896379,134.04308335053997
10.584888371025492,22.233329182852724,10.508897642359887,17.012525825899594,162.19179992471263,28.139001894987732,-16.290166264794085,0.09671637683346401,0.7823268087036421,-1.1132222142481727,0.5682506875853858,-1.5145203917251397,-2.619945422218852,-0.6068907281995026,-0.9158100463459947,0.8760122430564063,0.664265899612895,-1.2190747412956953,-26.81382299446374
87.55362102796995,172.34567218845768,94.7510657288631,2.2912191827831108,191.15931026061872,3.1371314363623193,-10.688364545558793,0.10100142940972912,-0.24848979310693248,1.3991863970860492,-0.6351465733703081,0.7219656022559836,0.19836504637641378,0.762764675805098,1.3321850763038776,-0.5601180160332138,-0.47422103639618063,-0.38796801331754316,251.91393697515298
75.62141181553143,152.25420901274137,84.3227859575558,49.47616753182976,355.99990394163717,69.94537449832771,13.714076807592384,0.7759999115462448,0.03353132078726135,0.2532373593420619,-0.3155921648136706,0.7236319863680966,0.5807797415265663,2.321408516900731,0.6199677677731354,-0.6094034586430621,-0.5617975923340306,-0.8315811012420066,169.37413735853758
92.30928307664891,183.10170954926636,101.28572862692826,12.331375384699172,324.5472536652603,18.17905202613415,15.912915344099076,0.39940050514039727,0.6639902491785032,3.4018171341494567,-0.4358198571066226,-0.026117399232776985,0.4609881744151699,0.14060305764811384,-1.23382720668917,-1.2723474710528335,-0.31983680087093574,0.17022075505539358,317.86701816784097
44.34573578558831,91.14535467060506,49.48656770129446,48.55391888068091,444.31188089379924,77.61005956381051,7.268414761062992,0.5369703304087952,-0.15103055153883657,1.423321026167184,0.8163744966147283,0.688883864266003,-2.375872573091198,0.7109642045700387,0.5558524109198417,-0.5499262844053271,-0.6273843661803962,-0.002310451813581064,75.79000510064975
92.13650554103384,185.42973913764865,101.08528692818093,31.94747474330026,343.5880845752689,50.83737553719437,1.5751612047850294,0.7786264786305582,-0.033211537364940626,-0.006411960049550972,-0.08910506621924207,0.17719513005076098,1.8536245425133038,-0.8851066243958395,0.42083831608879946,-0.7468801706804445,1.9168856196507298,0.7301885782904612,254.76684389799942
95.22545007681947,192.43213951325657,105.93372090620262,3.4606259234191805,404.24086610289265,5.347152440440616,-0.9887048760507469,0.5498035934949439,-0.19169676899531105,2.0202673380796417,-0.6110248279848474,0.3203918452051127,-1.5690014196757296,-0.39546257832617854,0.26114788009109907,0.8239600125195051,1.4481016868281007,-0.04414817632926931,282.7298863819879
49.429007552305364,97.84842647750811,54.01305841741236,11.234866851577868,235.23422485898215,15.008179867057304,-11.191304621937622,0.07099308600903254,-0.48997109577146797,-0.5290662785418684,1.641936216223938,-1.109535658433972,0.6654394371312096,0.3175215990080355,-0.3384340517190246,-0.6063513996152131,1.5779049936347092,1.7299819532495724,109.6712961793755
61.3938783992756,119.33461726004391,66.7967475298674,40.37484988833217,176.16396574475107,63.17553397562551,-3.0568550792031672,0.467024668036675,-0.1961049589025753,-1.483025270207281,0.45295023306596854,-0.04521462667939092,-0.7452828991898676,0.5229455868967482,0.4880932721923791,-0.5775371839442981,0.4003521905346774,1.015064936192444,123.02998521008612
47.96934758509638,95.66818241238653,53.431153840550735,46.16327996380064,277.2522980213828,71.68729669638272,-17.97646681900475,0.9992824684127266,1.35633711361855,-2.26000980800752,1.739124013293904,-0.8673941421037962,0.5787856914420547,0.997334065730844,0.22863668999296002,0.9863301490711814,0.910597822215023,0.35153012503196746,20.896813228713363
98.67779594017533,197.0215980627881,110.18828289515808,22.750418366957163,269.20299439606515,43.6204538548664,2.2307329362247295,0.718408275296326,0.4724884273226057,0.6933400400612962,1.2903666880214264,-0.2570123983933152,-1.602250759500302,-0.43502980447508566,1.2402226948017574,0.46566265317129135,-1.9569387853750035,-0.0350515116881563,256.8822227737795
24.168945514553492,49.130524741115075,26.723938164153694,9.29124804903616,338.01404258001105,12.942088791016104,-15.204535442115032,0.8902873141294375,0.03194826046036658,1.343258199476305,-0.762709308333937,-0.7106742857141498,-1.0521134927247022,-0.6104293047231848,0.6198971223204403,-0.2696128797064218,-0.15570258393452793,-0.7219247629502821,27.33962522027182
45.620726211212904,90.44344427886362,49.198992402733445,15.8088598135927,400.74579696576086,26.695953152082286,19.93817763417769,0.9960964478550944,0.6203496510288014,0.3075915525585113,-0.22188569012415993,2.316171347771517,1.5066048030371135,-1.3994796346205545,-0.3998463222852154,0.4283365383682873,0.7831832150420476,-1.3484470698133797,168.6084710737817
65.05099891533551,133.00638596800837,72.31067404878097,0.39115535760789744,426.84165404618466,-0.764859040955671,17.557200157084154,0.13429111439336772,0.3560794912205748,0.31563486965690873,-0.7532372697412758,-0.26172300842496693,-1.257598568146699,-0.9733415131212781,0.40767813860100277,1.35843408788842,-0.10161409557825986,1.1535226528864857,264.1786201636427
91.48028419713908,183.4603395778025,100.41597816102819,21.178788628186318,210.67208958890066,36.91879470492255,5.484535092055186,0.2619552624343482,-0.06975643814516222,-1.2647655710414423,-0.12526068819807962,0.06118226433678073,1.84467868776619,0.9434737641133749,1.0340292356498797,-0.71294854109924,0.669921543236243,-1.1393824745499168,257.075372324145
23.32844070107344,47.85223694072738,26.63622474058424,44.9490744371295,418.4489219552167,71.53954677246308,-11.596938466409838,0.24952973922292443,1.3899144549719271,1.047592619619375,0.7623938894603545,-0.679542900199334,-0.42075988583934265,-0.39842378650358823,1.8088197751107,-0.8528182685010018,1.8043657550791203,-0.2717840050820813,-45.402056949186644
89.3274584196992,181.8821182964824,99.48171410161636,16.609273397321434,472.32635441933024,26.84582270685477,12.429972662975558,0.26680570959447203,0.11129547997023954,-0.4651946145553634,1.3734938862686545,-1.4232863881835744,0.3174051682614164,1.8141883405999772,-0.8269602989702713,0.21064867605821866,0.20200164095007708,-0.689702188878588,249.02492222398462
12.129799123130637,24.883631743434094,14.365703864989799,43.217647101514316,486.7556416193445,64.0445161582558,-4.012864625597565,0.9811496871982601,-2.305749653293048,-0.5339209781133185,1.9864976686846687,1.7589286890964109,1.1120702539422957,2.309103604031933,-0.04647910132049474,0.47678167109845915,-1.4803230450261105,0.6454160887672019,-13.566868806177755
38.230958277549206,74.5816765740108,40.749245290837074,19.259771667236357,330.63521739863984,28.749850563323328,-19.93234887125482,0.9255751654990827,-1.5480172023433727,-0.3814535315402815,-0.07534841691644348,-1.488442345152801,-0.2504932773030516,0.2869463091418843,-0.45942784619737587,-0.7684259229128562,-0.758756759562809,1.7866837303594123,75.32480710067328
74.77788367125552,149.02078240282393,82.91279674490858,20.41964543096084,260.96015482308985,30.18653146095332,-3.18214664908367,0.940363670730183,-0.9521277791003999,-1.9379205195972642,-0.6329351386418557,-0.5616571627762932,-0.027213529367592117,-0.00845387754710259,-0.24368016293422226,1.0317293234292801,-1.2780083502103952,-0.7024319035202928,198.94069044287116
51.84893712223128,102.40160573560536,56.89144432169768,23.659309295466315,460.4723303313017,36.0106928023293,-16.60817853099513,0.5154520099152164,-0.6062841454651516,-0.6700166217709237,0.6951514754619285,-1.516073559416074,-0.332622429754111,-0.6310465274746756,0.06987748465396224,0.21112652239076496,0.0367879149642805,1.1348480762194146,85.18524814293515
86.47639251622587,174.8090846228718,96.1379934775231,31.488269036885686,177.77409469588372,46.073686886832,-10.240622416862447,0.6560580111117841,1.6664171655743807,0.05808000774242068,0.059642046846166516,-0.4710160593560476,-0.5544727145437895,0.281876713264455,1.1661868909490642,-0.3153651273721484,0.7197401089397754,0.23495008287499247,174.29218875162624
86.35027126164938,169.2381030778289,94.43233452438076,33.378886629317655,495.1569812265792,44.005831569512665,15.657037032417477,0.6126523227617628,-0.22745765928141864,-1.163512760179894,0.6109504782247451,-1.1019615245008139,1.317652176005165,-0.9931054142672816,-0.764827437978625,0.12274104540243151,0.024711220827863332,1.424690088752885,224.45950320591731
78.92323158674489,155.06372094003726,85.79340421973541,13.729872345876915,130.99334154589434,20.063011841216554,-7.211617263249508,0.5401522225184564,0.4679858584006812,0.5540740223492732,-0.540047507532062,-1.469541782787203,0.9410970210387286,0.4018465653744697,-0.9998531572036918,-0.274279483133215,0.27969416984118334,1.0058431648885071,216.89764783582757
91.43546305061592,180.20705056525463,99.00250433130894,42.83660161519671,406.2378304472278,64.01653731667537,-5.929647893127012,0.7534751250593859,1.4987783023244174,-1.9716175035949517,-1.4489902973985052,0.808232202493007,-1.3030241353673144,-0.3886373535670217,0.12955208833383267,0.6918500823133606,-0.22325259441131012,0.09522091980203824,199.57980828339157
40.25165893285442,79.6266092297574,43.09515144580053,8.25223656017544,286.9560596929241,15.28912607136163,-18.921341923794493,0.3940202563397047,-0.215493005854822,-0.09227635187460954,-0.33700972689985764,-0.42201179351771195,-0.3119685158690517,0.07656077367213306,-0.5000855844940383,0.47493867964182374,-0.7858094598838488,1.4990030396883869,93.83995355868143
44.12135940077226,88.29041551045638,46.65938896198361,12.61357658911903,132.762493104657,22.628307212620403,19.996313140368372,0.3499603437201839,-1.02347634604681,-1.4113797177192944,-0.9697343781372793,-1.3661477186468038,0.6337078105192584,-0.20761468569829772,0.5703148900153162,0.07343142983148367,1.044049544722134,1.0601927908888367,159.5766756456888
60.75726237370172,122.13454512064803,68.53829575027008,38.34490491781204,167.1156573471209,53.62555231742575,-15.418685144844094,0.8193011743110851,0.46662661133225125,-0.10516331321278663,0.8535282446075414,0.13891771689120228,-1.110644331296962,-2.2616117843143146,-1.2620268449859862,0.9580833136808097,1.3604405614857848,0.7039427170598054,75.2169057955518
66.45181560409401,135.6635281155808,74.95296638701195,42.514661954439816,340.16464592673765,70.01452842555972,11.305413854440786,0.347203765308449,-0.8664300835441683,0.4185486310884882,-0.9130141402775723,-0.034210884256722016,1.088644709786763,-1.5068237436831335,2.005728695595723,1.5667084089962464,-1.2370858496374595,-1.4136412942470413,186.94565490506568
73.65777793354692,144.32532521285842,80.76805462781842,48.27368656190389,208.03295855496032,73.74398456556422,-0.6600998446721533,0.4355744930038943,-0.09402757976784176,-0.7849772872021574,1.1242163443047106,-1.512835107154866,1.7671134902769785,1.0701447807327396,0.04309558325442638,1.1171527591313273,-0.7508164403075541,-0.6237696851449995,124.50847289873363
12.582999799308062,25.916914263736256,13.556254507180451,10.605992508986951,419.1329427312386,12.58559017430493,8.047350013288064,0.2762685757561849,2.4272205711517914,0.15502163312524783,1.3704030045911841,0.8175942409178665,-1.6805948250397251,0.12081959865251861,-0.5253197596706631,-1.3417925949959038,-1.7717113663197739,0.10229024372388522,74.1969543714603
18.37480154992045,37.294321619589915,21.885581294278538,15.31030150650442,332.62223413294686,19.326120078850852,-2.9798474917914106,0.7459354367136096,-0.7573050255373749,1.361454662052207,-0.0997234530426657,0.7544309255969194,0.4749615517782617,0.4497163098567735,0.905571505870334,0.8456331539737231,0.04896356596510379,-0.6380475264438189,36.344913914983394
29.474617589074512,55.75322845266881,31.622455584155905,48.83035114415284,309.85474764344315,72.96125238179906,-12.235296876357062,0.2274831634825547,0.07241386408490774,0.1524960703527199,-0.7824444371410331,-0.17043786136210154,1.2531220372686513,-0.20416975565930381,-0.16856427948129626,-0.4915033719195106,0.7871858824407155,-0.8546790776627818,-5.987424861706644
88.54477614986811,175.07734161783165,96.29038347208134,22.023439906800512,173.7454681560327,39.80528366877855,-0.890832509372494,0.8221156452994304,-0.31844085500312846,0.22920513075795432,-0.22808538253273997,-0.24119736201941774,0.7613839452093558,1.0369207689085738,-1.0600809186012095,3.013488373597775,1.2508578601753375,1.1519388472834313,244.0087611066956
64.56858861186666,129.49936518348582,70.44217647083818,26.128626756510894,280.2057859555017,33.62342737692848,19.601250418671917,0.3053802443193604,-0.9937821745519041,-0.9453688204139012,-0.15112305346823743,-2.4237337311695524,0.18047678307435738,0.6644320239800762,-0.3118948485158634,-0.4944023694095982,0.18196725856866128,0.3506440670398949,206.9594040864257
10.240815034259716,17.925736466145796,10.90889159430046,14.56296445155138,192.59049382241034,20.595542774782533,-1.8387469437182702,0.6873849200712427,1.5634536613631347,-0.8101412993713281,-1.039954969755982,-1.0407133104623487,0.9621876268894627,-0.42596815117047826,-1.3881119015378662,-0.3991480884048663,1.5705551116900542,-1.0188348732279278,-12.839841517072188
16.426885317023274,33.71815066108711,19.069447661745606,37.44788610348117,327.68281972763697,55.80042927154056,7.547119648483751,0.6997336849757173,1.1026120608754852,-0.4152476431845003,-0.40923001241477897,0.015962241731200106,1.0304723575092511,0.2636197519566236,-0.33322598635705175,0.6821333452657441,2.1470244928075615,1.3877862581055116,16.02624885857364
85.23627525155632,166.10190062936445,91.33178324405088,49.97862084387257,368.9126337212957,74.86279923346923,10.250753216502282,0.47050082325163356,-1.2913408636113082,-1.813297970940437,0.5536893038148446,1.205807140097986,-0.7705410875531601,-0.8716277115272172,0.7769637727610671,0.5016266283566669,-0.7444680328553671,1.2899232184271505,202.89346967071003
87.19597849603174,172.91317010432502,96.82083092569482,14.410889768072789,478.0774158252842,23.090787355263764,-1.8069636559308222,0.3145171571701679,-1.17764392228478,2.3745786530316004,-0.9908907808932206,0.6809434559506826,1.4601298902601427,-0.10920040700467308,-0.9958611253815084,-0.2730663422746166,0.36221639746740714,0.8757520928615222,229.12956394654339
78.07988386500163,153.77670507020966,83.97528616397474,10.177911917513693,319.6878556341327,18.16115194080446,7.930001164886889,0.12142608336261984,1.35073983809714,-0.2300891155844959,0.03945969675384983,0.5859111834611381,-1.2035663011922757,-0.39808909638116063,2.5983993127634397,1.7234526846974005,0.9501616946381107,-0.5787355234401519,236.10316214428147
20.57195341806018,42.303311560380074,21.955328319925528,35.83016629958956,303.5488060278047,52.91045878888261,19.209785304135018,0.24373090607513836,-0.9331120255863701,-0.31140795947916294,1.0507333277452064,-0.561686810300669,1.4504206575201288,-1.3736363552618314,-0.2900462932852064,1.742764333284221,-2.00783876905368,1.1884131573498202,74.86597557544701
55.696390822869084,112.09224992322007,60.739259351751976,14.92779248858836,334.7750889656644,25.87119112297865,-14.056183264688435,0.5385805777038737,-0.7130346520645928,1.0474430954826721,-1.0615743361964898,-0.2970924879916749,-0.281833905406871,0.5819682165015225,-0.4218913008391635,-1.232203928878689,0.1782158332588275,1.719416911141667,123.68229141544508
13.928256918757173,27.75253274331067,13.72770955334357,40.57044512824384,254.43150099639294,57.984782988375954,19.2327255463914,0.49532864961642353,1.14949198238,0.27230168184814785,-1.7033609262959155,-1.0836964308948651,0.7579319739406098,-0.7656827141910405,-1.0903440488749823,-0.1793791282722899,-0.1769671627562583,-1.011867399093296,-6.509842420388992
68.93031937849605,139.13389546250727,77.13405840077804,48.46018152871086,235.42449362057266,71.15927043820362,14.070611694027654,0.8523413365658931,0.6201568367059719,-0.7559810940703464,-0.6477715313310403,1.4550543167451977,0.11979881464096377,-2.025609017774564,0.36695735449571404,0.0842040580168663,-1.5300836975246408,-1.6533797413200872,137.07492052234127
99.76833306605938,199.4933166255292,108.66550702965465,4.922156319159898,353.4991315123165,9.645347958393042,7.7600465117293815,0.903424062050486,1.7095001419088596,0.508219294296325,-0.26085995051958866,0.9335153435389998,0.7509155366343595,0.9752641947374724,-1.623537444586506,-0.7138359429967399,0.19544198106754554,0.35542114521006973,306.37521412861463
88.37556387803693,175.66700483867766,96.3807069695003,45.64145080117774,157.24708805140386,66.23374079420407,-9.786931673633838,0.009397431454871041,0.7241690989000849,-2.026100993253764,-0.25762373681988304,-0.526804172085983,-0.859819965617669,0.3296627930191538,-1.2167058022926154,-0.7463525049741011,-0.6745049255791523,0.3473747244409885,174.3183301790684
86.07735326283388,172.77301243181336,95.80636514301541,24.160403052960806,194.88228077102985,32.71093546947995,19.707681745075902,0.29523075388326936,1.45129634214403,-0.20241644121068042,-0.19793592747244393,1.2766815477335414,-0.6486165056131792,-1.5197646058401793,1.3012769207885426,0.4141878759428833,-2.165194947578218,0.04452932136918665,254.48974779865785
35.7574736313275,72.34105224374163,38.27812893726819,17.616047791765826,354.6471512023568,23.150193707539096,8.83713506682836,0.6591815403167537,0.741344395011857,-1.1956026401803814,1.1843122402485293,-0.8223420940689614,-0.3901921916201632,1.0051513179317932,-1.4249005099016423,-0.7783840780049914,0.7057511184048995,0.4487133536153713,89.78546893815134
77.27327784445343,155.02618390466188,85.61987242061994,26.970387949221053,488.59583248453595,33.942561571813954,13.218904782695894,0.2569700845632623,0.5186088302423606,-1.0227499750553697,0.5758031475475504,-1.5536093306337848,-0.2616882513082929,0.419807198023843,0.5359207882174326,-0.12726336289101695,1.9397142696305496,-0.4144198369822065,218.08979653210721
75.17950408679664,155.54779006461973,83.92538469508027,40.229382201028095,246.31001976222655,60.47107136923612,1.4628923307623651,0.45478602773387466,-0.6962875342092721,-1.321645233726568,-1.6029043986226643,-0.9419847285650372,0.44560151974249146,-0.17548146026120529,0.022845672159799296,0.22397378250304412,0.9589656289910619,-0.8536705872196372,163.54775754538397
92.37303178688435,184.8753974163799,102.00469876196594,41.19276756952238,463.7550553711568,60.79930229268339,-14.408919499711157,0.9462615328819463,-0.3902191773644836,1.09760525660642,1.7117123424087934,1.1980695233928118,0.7236852620320248,0.8277969278090205,-0.7898843116016183,-1.4472497710144514,0.9828479286400185,-0.3470668083827981,202.9772900350516
76.80421132887842,154.77742607331135,85.68988007853248,4.951081735526425,295.7388151158458,1.2418775916140925,-18.691348525798123,0.3705299587344354,-2.2987675983853477,0.854086105415274,0.28141371077929467,-0.3606850442180733,-0.493108203770782,-1.1530019665444342,0.9334481873096749,-0.13080033801794047,-0.5204141245274304,0.38747718829738476,215.17498941037698
20.994374717853738,43.26130717145,22.576662795519535,33.1384369030989,356.68178689328704,49.19684355642745,11.47178361818467,0.24356889716402363,0.9065245981430602,0.9171108159418699,1.5465188086681005,0.7113078953970193,0.18551123846931586,0.6724239728526512,0.6097517892531971,-0.6518148999055419,1.289385341711685,1.7185181521648585,36.62459260228997
10.255199633201471,21.214485900755516,11.057614623767714,6.49960657217184,200.26167869124953,11.765288221408595,-18.968794008552067,0.014860327230708847,0.18326101444016582,-0.7140401554950354,-0.2766663819663824,0.5535096586193639,1.5570456281046614,0.5319923763200006,-1.6325768589117422,-0.270001720607865,-1.715735561643561,0.25799377891328257,9.762304851537895
56.19141618482725,114.21625063275435,63.109818047838765,47.27078214850531,117.34601475966869,72.15507706136295,0.8580485885233635,0.45804252209768204,0.3452594335425641,-0.07939577220284907,-1.0046101383842825,0.13344603462109247,-0.4537004224688771,-1.0685970433971257,0.32950201508388843,-0.20997820637102263,1.1964831756964511,0.6655320669543341,63.074883100539985
15.911400998810253,31.379481930610638,18.768141464682213,27.417821702418028,230.07417732746717,44.81404074450341,-1.8513832969811332,0.6054267915353129,1.263197422563988,0.9078413913089001,0.8732363608615212,-1.1585971963916872,0.1898838049848637,-1.5861538113237272,0.2389419311084682,1.069692947834255,0.1225708700786644,0.9015388891265812,3.658282568851071
50.81490126167026,100.85744295072263,55.88984024427592,21.3382003130479,366.0431452241236,30.791750291414022,16.919401429375377,0.06713330813664775,0.2174391162949263,-0.38529643595278734,1.3461097503412538,0.9342888546843545,0.48249426079874763,-1.1801404150533439,-1.0993056555807936,-0.6638615693816969,-0.2450025435542981,0.4480156689893388,166.32698023411197
41.823827167039084,81.95787910908497,44.063648903230906,43.404607443453244,388.42427149845975,69.09053177431348,-5.934152572274041,0.5779185183898549,0.33924845257874076,1.4224707905239977,0.07711319509323915,0.47235744248564643,0.5399150156033367,-0.790465019737267,0.10337606311455583,-1.3024648993432237,0.679569848890853,-1.8079956385490727,44.235677071507126
97.70919419131374,196.5679597084934,106.57149089164515,32.13495819149157,110.50153258143337,53.29404992235173,-9.302090993835574,0.1804160719608544,-0.2517774914632372,-0.8220673267654407,-0.05919977985202037,0.09351148585756956,0.884055433909044,-0.9430523456034778,-0.4491305134880514,0.3229426895242536,-0.16716743733737296,-0.18528023098144103,211.73145487096022
77.1500585805136,154.7536782422102,86.0196843880108,17.04479908846664,248.02123699080155,24.644814848120976,2.70374226457589,0.0849570399771793,0.5535923885581646,0.18996004361684882,-1.1052113883017463,-1.009966153978314,-0.20387618268146293,1.4585919709023654,-1.0758742299454171,0.0971887651576897,-0.24325434141263802,1.6593243753967772,190.57064794978047
20.243575729918156,39.01063983827149,22.17286608595201,33.92431273800665,294.6531013457003,50.43144453419154,-4.189464156494843,0.5993249569444504,0.8460124298546868,0.04089368451052054,0.13104036890904666,0.5273080997465787,-0.030922472263587825,0.8912922446426618,1.656008484699485,0.0804930425261346,0.44025342397696143,0.8734516679613615,-1.7863059961575578
73.33041370443974,142.87466331015636,79.52448533894479,40.31000932833819,128.83019863686314,61.03475446457907,-19.250338536574173,0.9211624345024124,0.8480388207736747,-0.9978667717798089,-1.408084159449734,-0.699710837441169,-0.4300095331230741,0.24457904731207347,0.8786283838192456,0.11580406543797502,0.4397277525896466,-1.3160413294129354,113.14236141239351
84.88233217645364,170.5169044163242,93.38875452887943,42.22421799073485,197.32658992909347,60.23630765204975,-4.169332125626681,0.31027456183586133,-0.4799583539738183,0.7614303774911797,0.5880753458049396,1.040596332300466,0.90071902882521,0.7843528239572451,0.7698529690098654,-0.5166922695242262,-0.2618841417402872,-1.8301271358594364,169.56811958701647
83.35333051750128,166.80364372570614,92.27841634199115,9.863590141199163,340.95959410926633,15.076305903476277,-12.914154842110834,0.7728480892475602,-1.6747058934813885,0.06193173935052175,0.06770420217361002,-1.0895472525201602,1.1457131300979229,-0.5914597663158991,-0.9236567125938816,-1.0516500837037286,0.9240274090295916,-1.05815553041088,196.44266138277544
23.58616612537692,49.13750651562981,26.98384702829133,15.141021756950646,209.86946699446366,26.06119528944716,-7.583685975747564,0.4519138637006822,1.7685216261060954,0.6605343187117255,1.770676590400743,0.9265989166637347,0.8488585831285513,-1.090186484917704,-1.1135493459717551,-0.04948348466500732,-1.6694576939036156,-0.5929538129904747,43.70414633016321
90.62890890011224,177.79413942895476,99.21861029904349,32.591872732430495,228.61070515217133,47.1921967575756,-17.52505199595597,0.10350187727039162,0.7391580314216535,-0.5432504217398428,-0.2635034394525667,-1.1554824030161044,0.3528329104350911,0.6669822916069588,-0.9946740765322977,0.41011767569158225,-0.581987068194247,-0.0837546017928607,189.05193185965516
43.55667838911944,86.69258518358522,48.78952698300637,16.918357342070976,339.1543449531958,26.434256517137158,-17.3635258288113,0.09450594751509434,-0.35565634445261957,-0.7362536060315219,-0.240192956823039,-1.442157013194299,1.690719464084124,-1.1282788050680386,-0.6612831040067043,1.1448990480585721,0.585030845605586,0.7202453713222604,56.27178370488028
97.09268569234702,193.55078461464544,105.66587875546745,29.75206140757874,475.20087982630434,43.56142627361932,11.666478314541742,0.813184783814801,-0.9041466986670332,-1.6474897270136513,-0.1071781939277164,-1.5170732396439655,-1.4214279943892831,-0.2379063334849182,-0.8401312943560809,0.43871926009521633,-0.4097778369009149,0.4791924247860644,289.13585429914474
29.27733950880103,60.739363264687945,32.48777622922426,11.327152326694362,155.02614127083172,22.11094420783808,-15.954369453284233,0.770874720363101,1.0572654174733929,-1.7846701659189486,0.8808591942234584,0.2129248467187966,0.054214374395357916,-0.527255138315271,-0.4252740782806449,0.41618073882703194,0.8399757635785043,-1.4977856049331646,57.12110205793196
82.8139347675371,166.7140161158422,92.34659986979122,20.542930574826674,370.54516887541314,31.06888987084748,-8.60288269746567,0.7485365180954363,-1.172711142190798,0.38978932777752395,-0.6637866253834739,1.6930494287320372,-1.862815239685904,0.3673063064229317,-1.6357855296540627,1.7899861894878706,1.1076112030846679,-0.10863490649006602,222.8772524545293
35.35945594333979,68.91414995235469,39.18160418798052,48.313407660297365,426.75649583249606,72.98842461408937,-9.999871536439716,0.6411790362044472,0.8942461977066967,-0.9042249335038824,1.5459043652157056,1.162061328999815,0.48636831873409325,-0.659217416319285,0.06570753973556404,-0.7954659408712335,0.4676057696719486,-0.3164710983237507,4.8832258910022155
49.372530417548276,100.08274221469374,54.476978181381824,22.556399511035448,239.83403125545956,34.81321579753265,0.08028458772941605,0.23577807386343264,0.9688221453749379,-0.03333891989848429,2.275177210369562,0.40721778755005766,0.7700374750005563,-1.227380090898184,0.13988492688710877,-0.5258359143078699,-0.43215539834355,1.8314891363304722,118.30103636327667
72.64647897183852,147.3046762626408,81.71190824610493,22.43007369911233,102.10047932224717,35.67189788345511,13.39852397129524,0.5488042454438354,-0.1746223857264095,-1.2124733597387285,0.6312769520562472,0.5302164622767119,-0.09881499080804336,0.2967992294103342,-1.556516358130969,0.8579252643871412,-0.4672710699218704,0.1290510134157261,216.9115142882938
91.46321970957986,182.62754621731955,100.41590480471139,25.768786510470303,196.77525376839733,40.6228319041754,4.592383311038027,0.24056423880654354,-1.2792369493699565,0.7396299188713479,2.32825532342024,1.3890768855614006,1.1131908932790782,0.5041356856723512,-2.9804136876881535,-0.13731909099698647,-0.9379854401765821,-0.332060474812464,258.59065687380695
52.31215703426374,100.91742672797852,54.311039284899955,12.682513053460637,106.49689244357904,19.68496721506998,9.317640858025666,0.6282569624756564,0.219562310680947,-1.615318854579781,-0.1492427416792045,0.2615793111329703,-1.7566256994238636,-0.5225029255109357,0.7881462464150731,1.5489678835906378,-1.5039602882516212,0.3399184584315507,146.48142380361142
66.8562262982504,133.984582972385,73.2890558906472,38.809519985171086,283.0718309789413,57.97221118425742,-12.021206651392466,0.041905941930381996,1.0997130703837596,-0.4893121459119966,1.248588627160149,-0.08546674811952003,-0.03483202494714466,1.6726857508322202,0.3398810338105752,0.8761402117150727,0.3859544996785977,-1.9666879661763026,121.65407212482694
39.87322177432101,81.1057428555101,44.943514310320765,44.47432585061407,397.3230822078485,69.05113366398528,18.948943372612362,0.49620322653702265,-2.2717792326401027,0.03535397368653716,-1.7841625220166666,-0.21714942594408118,-0.05819163020514709,-0.4013050158100976,-1.4869198852985548,-1.1157289072186787,-0.8445905993324864,-0.24810861102245482,81.29340201363365
17.206201996749574,33.503891426935034,17.929253008083123,30.13108138652999,270.44642915321816,44.16486955442061,-18.30579348599482,0.8700371750563921,-2.1311349401583435,2.8362033587497915,-0.42992554658523435,2.764405870482315,0.374012122950427,-0.12699221309155295,-0.6170719547439667,-0.7226136937932979,0.47598028140767434,-1.431303959745577,-41.79350056727988
95.7510456651647,193.2087227023533,106.90709302857648,39.065598487173325,113.91958631941681,63.34944312923308,-5.346861075714058,0.3828544016887777,-1.2432916297202024,-0.5589679376978514,-1.0511300322009207,-2.200017380038361,-1.1772925474554745,1.2223279030800633,-1.0978218788619438,-0.5500320300032019,-1.1609736833209554,0.8656072166240774,224.1977504003269
32.465048778405816,67.39832993142603,37.51884477716771,24.95219801282334,254.79495201570538,35.26425584702601,-9.588409154403866,0.4462731124056162,0.819883539434048,-0.018728309168422417,1.006066281416121,-0.5824362100856004,1.4046429179041262,1.3635474530679603,-2.043429655076184,0.6350740278169051,-0.4034438135490506,0.1449303925268744,38.98414707391797
71.37363342255735,143.73854013836677,78.08418457406565,17.371264736928225,125.97563132642847,19.956868883760897,14.054482030125037,0.7118091040072126,1.278978307558204,-0.6283151880367162,0.32325734304049125,-1.1476638497082268,0.4843782644284401,0.46272803082578123,1.1363739576155818,1.3540701033107998,1.2535236917029877,0.20891898377787882,210.20486098098704
43.202004895109866,87.24204820947612,46.57830463821351,30.597418131026043,134.4861926607731,41.58009939580311,8.75478639562878,0.5256956548303001,0.22367040109016373,-1.8485186903959783,2.3967084131957694,1.1975807291272182,-0.6845219035328414,-0.8526494145905557,-0.39076744374937494,-0.8319013489963052,1.2536658789255795,-1.2078778998396762,154.95293389541763
67.58145364299966,137.32169093965737,77.3564806515553,21.630914324098743,464.28490837875495,33.898454227166674,-13.879381327591975,0.16465707989012413,-0.6930048353471445,1.4109898381177775,-1.3495241610180455,1.958563370279812,1.527687216214651,-1.1861350466098093,-0.005400131000477191,1.4198589871443197,-0.49099443350484123,-0.16240854473728508,152.97085511223978
37.254214549798846,72.1969583804547,40.03943722738355,8.431795087385341,476.64279514743833,15.138711608297728,8.82531073749092,0.6051389078618554,0.7072442669463416,-1.0762342911970164,0.10924430291196942,-0.21361945751079578,1.3742338589545289,0.403579540704342,-1.2856563937146839,-0.6732008216336941,0.11041059908023754,-1.0322444648650049,146.89789968892427
67.50920729879834,132.20919158384632,73.43467697320183,14.483582840080288,482.660067981762,16.334590160296614,7.399633647827066,0.2974338714297423,0.3152129542921461,0.15558461727451872,-1.0689051640762384,0.4262773588426122,0.38916857866901455,1.3094697232444557,-0.6099712132874227,1.470444438145549,-0.196817358297354,-1.9760123510226113,208.80915426342565
97.78367151233923,196.87788728797068,108.65976209100798,28.08256078741846,227.6463545612629,39.80919459821846,-10.083244698978175,0.09681165256057145,-0.24613857167002537,0.9533724172718302,-0.565510860896167,-0.500953427260948,0.39096757858678677,-0.44174219226295264,-0.61393246201557,1.1606481719138848,-0.6515988863083365,1.5671099808874687,234.66356522642064
54.843898785391794,107.3472428309551,59.517539484082306,15.427024102721465,109.2705192865404,26.491848556094496,18.66746522209902,0.2151444225262411,-0.19401191453756295,0.25706805218789175,-2.067728271529583,0.06635686450734092,-0.6382574745409534,-0.9298385392262319,-1.8869914173722033,-0.4428910909670608,-1.8774360718730723,0.8701231593616141,175.27833336898954
75.47572570234527,151.117461046346,82.12214100163897,20.02908105073783,328.11265755241175,31.341366412229224,-17.058730010286325,0.5042555291232047,0.07321536462421915,-0.8067663226130691,1.5068707847701461,-0.1034507530656744,1.994758514380888,1.845354602334785,-1.3989472615783385,1.1006519705659432,-1.2556043801885863,2.003879949314385,185.72100544449896
77.94686550635146,156.64443157794165,87.09911975744046,25.003895178532193,118.12134098682989,39.26538286943755,-1.050233984192399,0.45698855928287396,-0.945369035582733,-0.7453702060845657,-0.648391176584059,1.2159778500722835,1.5965773341210034,2.605452593879662,-0.056550418380157286,-0.8414068818360764,-0.9694817709901686,1.6074807889844713,204.3357727509843
57.91058468882887,115.38832220396816,62.75575443405236,40.787441662191206,247.34312394630786,57.31807177424007,3.348085673951452,0.7967548139301471,-0.2357042325646457,-1.5080542205354532,1.118663199038902,0.18906665393541536,1.7105307339898916,-0.3590484410929441,0.21484884086225198,-1.2952250517176036,-0.23656621617112944,-1.302261816141034,79.7413327222873
25.34608555719934,48.77592265210578,26.297962443484415,42.05835624791322,159.11028332013274,62.767132561737604,17.92820683137205,0.10989552133369684,0.8615394691474236,0.10299852806451576,0.8890342984703947,1.2470822250051201,-1.4604754563615618,0.9219951214159728,1.7828221484006088,-0.9725291279578072,-0.03187070750064483,-0.3572040941264915,40.92663672030509
22.42742372066892,45.32449950509559,25.666098953757636,33.11133998571745,310.19086056001413,48.945554660277,16.484966436960413,0.34232701768184615,-1.047805058669096,1.3633907174247781,-0.26086030226376833,-1.41199266990099,-0.4785583769086653,-1.2863093393589193,0.26699651383553186,0.7034317131917355,-0.6667402137596966,-0.25475260211346257,60.37409461984921
97.5619564831512,194.63705708298951,107.96134828783447,10.363889742732013,381.9953038960787,14.409686448809353,17.348014990832027,0.7954053560023335,-0.07487166161865964,0.50430630616938,-0.43477945054773337,-0.875244066355259,1.8327329958645378,-0.229650104410584,1.7340930915713035,-0.5084253162339523,-0.2070889175460573,0.7971391463071966,334.04567166899534
74.27271587485558,147.31515389358395,82.21958023217164,12.822198773674105,291.63170520659327,20.340101361377304,17.32095735133231,0.6961713006468226,0.8996518815520252,1.0503192559233483,-0.6370367407714705,-0.38669999676383787,-0.593991457746459,-1.0778015148998512,-0.21257184017073313,-0.2503020676359105,-1.3596078585733333,0.8237810804889028,263.02912453754203
19.04904142996131,38.12460663049023,20.86083858734731,27.517628288980834,471.6398720679911,35.42767567468779,15.135984860569131,0.4774485204408965,0.8048777645556339,2.448647492101617,-0.6230764610587125,1.2992751069068902,0.3625051167411656,-0.23669921987108264,-1.1059105499737532,-0.5559250524055706,-0.3949125162879612,-2.315775631107071,71.68600843671376
92.19067531028672,186.25792241051272,103.8160584296901,8.789435376943128,467.8539247403736,16.20111324188276,-0.1846441071296887,0.9366087447777628,2.2179062943840204,-0.5379082123355009,0.09754130429625389,-0.09542769840108321,-0.43367334091166204,-0.19732810895019753,0.8136966603059214,-0.08727798128042047,1.2490468170098177,-0.08568129384138819,274.47074611579166
54.452117830763726,112.52004193650258,60.24728839062647,23.401038450314505,177.1245593095239,36.459017689970864,-1.6434211587055536,0.2572648802295191,0.6374254086910659,1.5039905960636601,0.32816048821162896,-1.25297943824901,0.02841749723550984,-0.6205935725480949,1.3190309085105703,-1.675422496628599,0.5597331386976768,-1.0653963023523108,132.2978678034742
17.806399286352033,34.99167764284075,18.841999373108376,7.030593781714922,229.4406680340331,10.574506892347067,-10.579149887938645,0.753756651781457,0.8127737371434621,-0.24148710843393995,-0.025717000314796578,-0.14947202394778775,-0.8740273509099961,-1.2634810114506947,0.46390093497666135,0.19087245072163667,-0.3562776388091892,0.9554343835021251,40.8546000319598
55.22684241145507,112.91947804491303,60.5343997978152,15.548897419233015,146.96629833791053,25.491605031187714,4.585017925753959,0.21912860093534392,0.38523261923320196,0.42911911519047446,-0.019417543876177737,-1.3642239554257414,-1.0899868119191238,0.6368240335314885,-1.2210882131087215,0.22635703799711782,-0.36079762170112517,-0.6022285061187317,148.49384719783134
32.271888637771994,64.66478667436459,33.50422212857497,4.093515323663743,278.69919099859334,5.79373283615357,2.5667488909389924,0.06175804755668379,-1.1339549359567151,-0.35001444005530225,-0.5113926324547683,-0.2513327012153766,-0.5713646645091498,1.0690670536107851,0.5051503597597023,0.45239332922652403,-0.3784329469857515,-0.21790016824305133,99.35892385040673
55.93378186295511,112.6600088512796,60.739612220069674,25.662392160082074,282.7193902847504,41.61833838935052,12.2766141021757,0.7232800798250023,-1.4616537565063707,1.1198838265349822,-0.034638428394259076,-1.3136878789643385,0.8821674262169477,0.25803616134093266,2.9514642745077437,1.2500004473316089,0.3466973246304833,-0.15110956038353035,162.74695706298854
94.03980063264376,190.0897513508709,104.24993266483857,38.44860312917414,406.3310731694847,61.95566248684475,-3.1855224447068835,0.9928565985808789,-1.492820145623604,1.3587113087035694,0.8087770071468353,-0.5366132563505335,-0.6040028348194637,-1.3428969186274367,-1.4118373264993722,-0.3558891824175396,-0.3614222420966581,0.5124026199177091,216.73416199289014
58.35326377582011,113.53268908937753,62.945662120529846,11.134510798313324,101.38931797796312,19.201532906453643,6.939994311062684,0.5444453390250208,-1.824709271360341,-0.3711119224385391,0.01440987496422436,0.9217248810889792,-0.37776911154063514,2.3237042742558933,-0.07647958605993008,-0.4833437594075619,0.3805952618816213,-0.9705589546398407,177.72315346439436
78.9448120762513,158.15420866731563,86.80018772871031,10.304081092510708,140.35868523700282,19.41528251233047,8.131450674597147,0.0486763212437491,-0.06025862346331584,-1.012712005568384,0.06876364423771077,0.6965662087686447,0.22338087146924746,-0.25748822386363235,-0.8261342504170047,-0.020226435730434318,0.6514029288288335,-1.4851306968317473,246.59648628197232
38.701332673227284,74.962172374614,40.976921510949744,16.03325576964916,220.7057740576813,26.789439925750575,-11.158290382158697,0.3005009537574196,2.259315575836879,0.910289420520676,1.6028825745362827,-1.5106385510916758,-0.7417989506465258,-0.7511149556782155,-2.6770342430781464,0.0736782726815642,1.3924489928118085,-0.535316878876664,91.60771910643064
80.72241363824662,160.57612517668449,89.476466689969,7.4608803912581845,250.58407540285282,11.285598679153539,13.97363729040162,0.3007364187951478,-0.4768687175567195,-1.7464490163705166,1.1055271313522406,-0.6562359353477689,1.2505234036076958,-0.25662672016763766,0.49647331067544836,0.5567086636573717,0.41690911919407625,1.3809762347468992,249.71218845051044
93.00034940601002,186.50562173803004,102.09088021319558,36.229235615360096,176.1926473722953,53.82422713042603,4.116881799563036,0.8736204584895396,0.6416016025185526,1.5674077665995356,-0.20564890732406377,-1.262715857498158,-2.00111994520767,0.26054244674376786,-1.2493542213517603,2.1755789256379185,2.3416035359052696,0.22630129321375733,252.84364421124917
96.5869800503013,199.00634533334312,110.6427749997904,23.94604381711829,197.03727273829662,34.31086855510251,16.60505838374226,0.5520792925478145,0.15625158642037368,-0.9663295726088489,-0.9225259325171109,-0.19800898383131266,-0.08704239311718738,1.1960989283572057,-0.4555983346172302,0.007794805046414427,1.1182336182796544,-0.131863974934711,282.6199837415481
85.57580634073163,172.8043185232915,94.13579132162602,20.69650852893123,325.0098909857417,31.347239083602457,-9.569035603609217,0.9347582502963535,-0.9138410809898123,-0.49599873735205025,0.5148854567040885,0.7317417636581219,-1.378713630770589,1.2973127137701748,-1.4581184448190483,0.006399600046154475,-0.30702663057136353,-0.7076248109417969,220.12394331155105
83.94327457231206,170.68881341454127,92.87900368874284,24.52977912903912,167.2934583806164,37.30412208963464,8.812541230483749,0.4883163212541324,1.083399391619002,-0.6233904546131664,-0.21871637349881004,-0.2705882677644103,1.8930973883646067,0.4084912787884796,1.3982180513437323,-0.5015234559637101,0.09277967541044581,-1.0270263526285999,224.87438495594571
85.82902451428136,172.02288670465714,96.07799205298139,0.45707308453308837,302.29316787722604,-2.223239516478119,6.670189182133587,0.6165193610843379,-1.1504101096608723,0.12185711246740445,1.265529846451242,0.05260881697827562,1.2244285322908544,0.09134206751589977,-0.4264487668592376,2.721173739044832,1.8210445299157296,0.1969069797714716,295.9274606090134
70.66296569072892,142.84212679816295,76.12593014991096,5.350821434724645,138.5255561005634,9.188394580067103,1.0582394160086466,0.8152143907132826,-0.10925353679385184,0.9996981134687726,-0.7128596282859013,0.73053087605256,-2.7923562567075186,-1.2084059167243373,0.22938669610525794,1.5005570112921016,0.8401848099722832,-1.189619873511302,220.12689368165059
87.23972431190684,174.53279080848756,95.53741186134083,18.963201111990795,321.08057581187813,28.832785324346872,-13.144656991158094,0.499858393112792,-1.602823987514767,0.7066798465574406,-1.8089367993045458,-0.7943835410373827,1.01214557856611,0.6912224994756002,0.6647408959923149,0.18208490561077104,1.4129765562660128,-1.5408007845310363,213.43151239654117
52.7950258880746,106.34281248175206,58.41372250930978,46.27924050404616,459.7246603460035,68.70381830225733,17.150654450186373,0.31448469322665096,1.2911738917435838,-0.3188419657855931,0.022371992355696747,-1.5792515571397365,-0.3211880848405351,0.2386521761971697,0.38773407179441743,0.632280779201326,0.5035441981752105,-0.8557292633887899,122.07069757170788
90.68731903024478,179.72533440133932,100.72342373851001,6.9975297117598645,495.3911831656412,9.924751717978657,18.972933097439856,0.0536964319473936,-1.7628493853946647,0.7355449884640639,-0.9226779694002419,1.442008824241391,0.9651635963398251,-0.28133739204335284,0.036164361969480724,-0.24256723925782622,-0.4573933017078719,3.0983106569913765,294.87120142980734
54.15431104997139,105.37182326971306,60.56195820159364,21.592397311977233,371.87794323526356,31.71268722296111,4.7446356103955125,0.7980551738027466,-0.09505168887686694,-0.4026956228031055,0.8928545584901535,1.3000613870324498,-1.0934065990781694,-1.2230942065077937,-0.19310586369952074,0.43363808761456174,0.8580947778908165,0.028020350219116374,140.14811280478918
42.39257476122069,84.65304841012413,47.12128885974117,9.36958917639386,279.53747080858057,11.162204677420377,-18.949523839468114,0.35391428734525887,1.1258052528212672,0.7452427958666733,-0.4446800773703152,0.8805109402769709,-0.2574857377902735,0.9566044952368202,1.8537644298144036,1.0915945069114532,2.289500917464586,-1.5515819351090716,77.8245928064183
61.47643876745855,123.9006410988122,68.7650740855054,6.942002947970838,220.4525061500275,9.329383546026685,-2.6129492294902015,0.4211023397725243,-0.39813994142411535,0.039576323934510285,-0.008036623135766429,0.7524805747815496,-0.9489699623774616,-0.9493717777250491,0.159589670365586,0.44811454736980644,-0.8209881579898306,2.2958498749174905,176.3510897279341
39.89954937804643,77.16968660229114,41.8630985321758,16.47708581396301,233.8944894987828,27.092421270418072,18.969015060184276,0.1361244715782648,-1.0421058704108108,2.1907750313906424,0.2639578863553554,0.8274152256554287,2.5675254359375583,-0.5811194038804803,-0.3967901932906783,1.4890156591290105,-1.3076709746803026,0.07396569629135018,110.41714520774273
31.818186710251577,61.01492742661737,35.50702690582432,19.646756486972993,145.55512944479926,25.77088354315299,1.8251634180328864,0.6817126331300877,-2.3514251746228045,-0.7656443337354477,-1.5244582219750014,0.3748942704503158,-0.7686193991157053,0.31298280887084123,-0.6498666426802765,-1.7308406669328604,0.29026473190002955,-0.9839228225723112,63.80589654443418
54.937289376006426,108.87833454705311,59.578905492927504,32.93314842661591,386.0945565197705,49.68559075852168,19.62802457747872,0.4792346997726262,-0.9651711380260342,0.6938055010962784,1.346147316118024,-0.7357369142984359,-1.7025759043782354,-0.47896604798920384,-1.3499098134896834,1.6416177730920019,-1.387744560587586,-0.3276948581097786,151.80606261804513
17.648374064588896,35.64464672354419,18.063860815730305,17.75044097242448,358.7999391933617,34.89680739748995,7.098875834567426,0.3996177462250823,0.04377977730556212,-2.596975493225359,-0.13194532409515566,0.061628086963485214,-0.06561126043549574,1.1937994010929096,-1.3089482880063197,-0.15532260865636147,-0.9673068517632419,-0.4946709468823111,59.18510542553937
45.20207518097526,90.77711776371264,48.514493561702956,25.02328908098673,237.9869550398073,38.92803739337933,-3.3609828589714965,0.9617278656799704,1.7723116893364887,1.5837926864531295,0.5441039499176215,0.6719858863417023,-0.6541923388313116,0.18857866835902992,-1.130629051300598,0.12176034671322958,-1.429692919193387,0.5852017686785785,94.68569594157965
38.70185267959304,76.27126169242536,43.96516763438381,5.754263334939297,439.6720032187639,5.933529168762522,-13.42583628597187,0.9839004705882779,0.023676514082774068,0.6187553238825055,0.6855371147065907,1.0822723810246717,0.7017331715257412,-0.18741799381699695,-0.5282673288803981,0.3587799826473842,-0.67564340961082,-0.821734253673067,74.61263607792596
12.627304690815151,24.255011382422268,13.15448350650433,29.610157918018416,255.53431214228283,43.8438322123535,10.093019814419666,0.8087297886312608,0.4279337998879703,0.1774568412105237,0.44622878505572994,-0.4634969334998664,-0.5082197082736116,0.9823609378503485,-0.15450372868881837,1.98654938354224,-1.4061176897476757,-0.24736482573051818,5.107044797702057
63.72737463546942,125.4193429726229,68.63338361382758,17.39623187183772,438.20712106782366,22.023127854075472,8.239534437839204,0.2974448346993519,-0.31658904448491726,-0.27729358576448876,0.33366938049244455,0.3734668690640125,-0.21682399738475405,0.5977697762310037,-0.41611472578183833,-1.121123526655134,-0.4743870192031673,0.26767350319778827,171.621572576578
44.53389665539183,90.18390913209764,50.62865764674586,34.671646326467766,358.10403803198017,55.824630244459534,-0.41431895231164617,0.14029653509779705,-0.43227620895673813,1.0062079757863194,0.8901665586471822,0.31173284682148955,0.5408695884672243,0.03260762524033265,1.0265089552451092,-2.3633195893018804,-1.1681951212278803,-0.039930531266928235,82.51412381229197
71.62270035039879,139.94260034964512,78.7619569024582,24.43497559698428,133.06825031458675,41.633504968876466,-8.316403617651735,0.274852918273534,-0.5900508792681484,-0.1420846540033037,-1.5884311789133378,0.4364622265425991,0.12614656325937704,-1.256935101547038,0.3730572794379415,0.3215143216797114,0.29256017985210536,-1.8387000190939122,166.80435861970406
43.01755948948788,86.29201340865446,47.134652274478924,35.94901205650217,318.5413098887858,55.315232043133186,13.202828661701588,0.7513454947436722,-1.1269817427096593,3.6462723591105863,-0.8800501288066617,0.2875827811631826,0.4377551156407507,-0.9821855380220564,1.727607106829543,-0.06562011500223983,0.14948004067102627,1.818386334980022,101.67329887033357
62.91315072791295,123.96456749810686,69.91655250433912,31.638531546356923,166.39264707610369,48.76639696484289,-11.72229116992936,0.05935783363934111,-0.48088919690282067,0.6548052600387577,-0.8582562355148143,-0.213298142001688,-0.235300982450394,-0.7922984030490039,-0.21488496551514571,1.9641583849564757,1.5018777853055423,-0.13732150752598518,124.5055317198401
18.57026474329085,40.55530253499336,21.044900728632104,45.93843559149127,496.99449025786976,69.95617003108488,14.643151799646276,0.24967724193813978,-0.45103189309874464,-1.8228280374162729,0.10817367141345895,-1.497922017285047,-1.3096689509570159,0.08687007729730782,-0.12134915963300655,1.0270899332263699,-1.3531296008020126,0.4210120285829481,11.453275525792877
89.21125731765912,180.43027279242503,99.39951945771544,13.911284392589184,474.5344456354301,15.867212135889545,-6.908428793562788,0.0024730851419847433,0.245404152732373,-1.6058405567377052,-0.13237470155421918,-1.099597178348797,-0.4837802449563435,-0.8080746292504519,1.13990279293614,0.47914870147231103,0.21274414721640292,1.0381357703698921,270.2013487603655
29.06663197669644,57.696935787011945,33.70704832210881,16.88775775853937,331.1734561043806,22.16815776077471,-6.250415177895231,0.6825519260932059,0.43698942638709626,0.13717316709901906,0.23445496194829551,-1.084368351664796,1.4029130031627675,1.3895288823913179,-0.03429977525862107,0.013260676106867762,0.6491355508756196,-0.17525429657991645,48.944588070459496
71.97326937203593,145.90483279696795,80.8262134245824,7.948873145290969,473.0902250903697,11.265652459910076,-9.984428858035646,0.37184376764676574,0.49499665924218406,-0.34188226897138835,-0.6791044804368022,0.5176581511237689,-0.22815087351959812,-0.6938796710493349,-0.8727603015893841,-1.2926878483962403,1.1382215266846512,0.007768991798566872,217.72757085234227
21.942981283598794,44.33593076151869,25.764966342189474,0.46434738042300805,378.2388429152195,4.353636357700712,-3.107442648997605,0.13217515109256084,0.8871216387294311,0.4231009153278338,-0.05605316905276165,-0.4614976400807611,-0.7997656981946477,1.9019604228189215,1.1222257801376632,1.3077771471889748,0.010605824024726667,-0.534469340741795,30.578239753618583
99.36461397217465,200.26271190276705,110.72253407624828,0.4237370976504784,360.0080852631228,-3.831369406295442,5.123201533636102,0.15137413084428097,-1.2948291374250005,0.8023412762770945,0.27137520125656844,-0.32819357982473457,1.348993519042836,0.9861372662738873,-0.8325985658228741,-0.5252617095636523,0.8459698705318183,-0.19889504858002363,328.604547338181
22.584716992831034,45.0279344202494,25.214278927718595,27.669831589236505,340.00314689034116,37.438658117712805,7.619043000586153,0.847892104439959,-0.4611993194121158,-0.7108888926347918,-1.186214899347432,-0.13283910319029893,-0.011340683485682682,-0.8369735161386705,2.011971489356334,0.7182074136829244,1.121656573919517,-0.3283833210304316,28.679309517746027
20.14692963434277,37.608755249786014,21.359612874554973,26.41432504680921,491.07877913733427,46.59097418704588,-14.720684770691918,0.8608140039367475,-0.86702887180303,-0.397266929555612,-0.6937123273093937,-1.5478507868794515,1.6456189328462056,-0.48423604767268014,0.37190053900535985,0.03914203499948872,-0.021806783719116346,0.2842670952639504,-4.603418445372187
15.442197362938511,31.46533223219489,16.008074805398664,31.4285348030288,300.41958620283003,43.119323581192475,-16.702887523014166,0.5365648160700154,-0.6012319089477326,-0.5371281027862845,-0.43987459031473214,1.1128982532234954,0.5266278326595085,1.7389102567877968,-0.9695776571266128,-0.2256360343878611,-1.2606798948133977,-1.4172417810759343,-20.81834555698882
71.29501162382894,145.424381492276,79.89991298219213,36.49791887157707,438.5872460563105,55.93739348525488,-2.620656455759235,0.45337184229714267,-0.6668571955004529,-0.5434814767884872,-0.08570756434534679,-1.6406921872682496,1.1474013715200546,1.069949713180315,-0.17948770533941055,-0.5706462398383964,1.1641230975697394,-0.35400208368460295,158.98587131503666
80.46883913893713,160.7168689431974,87.8552032635398,6.3465303740562415,412.449591974795,8.78376483215879,10.857211619584987,0.029356251172803494,0.27980361952050375,-0.7460328990089631,1.4531329512332039,0.6166362490192825,-0.354945984261932,-0.18551870544883436,-0.9077721403129143,0.26250934748061183,-1.2936379539857008,0.003169944639415076,296.01541080185905
43.091900007113054,86.15384364091081,47.8578954233394,28.695615259602825,389.11134933034657,43.52733708841625,-18.238483709487618,0.8629284949026113,0.038669971270671274,1.1291284765050615,-0.42296274860409555,0.3825435943817518,1.7921942521954513,-0.8274409832901458,-2.0937955696913417,-0.7222322756788074,-0.0611191786305684,-1.0409347558520117,71.65101988984767
38.96218130248551,75.16371205050568,42.83188445225147,13.562897900490833,131.1548279867648,17.87405939927658,16.077640370330855,0.17934435027230566,0.9452812793881263,-2.6602860751466295,0.3623115116648414,-0.10753766667097661,-0.7949988756930338,0.17720943273504358,0.49980077409784035,-0.7369623833630637,-0.11952650502194903,-0.04141990912145558,144.94811536036138
28.060403810766026,54.5533870793317,30.064030049347306,31.135876194605228,285.57067623219973,43.77005132378575,10.904530518020973,0.1954224238728235,1.3705170433784815,-0.9899183250536377,0.0034631172431834694,0.11306910939601733,-0.6150764224871756,0.3901436421348437,-1.0894167739249847,1.5725826472746305,1.760410816999672,-1.7124328579800505,51.127888752990714
10.131583648201998,18.124027330359333,8.879100320131476,36.36075195204862,141.57960774062386,52.36703365103796,-0.31884492600409686,0.05989507565318963,1.576791021638059,-0.030128998562307465,1.8803702713941155,1.2440986693492615,0.9675829707767721,-0.7285043171366192,-0.29343513784914554,-0.9197246627937408,0.41587491263089815,-0.06706117195840944,-29.921224805077124
18.6019304803647,39.67893745484358,22.58221087566102,3.7415242164938745,327.1282913156833,-1.493063505434387,-10.52913061032414,0.26099093892361,-0.7135296860432054,1.6486164373520769,-0.49679452195691737,-1.5530328535638882,-0.33041062633153095,0.7249938289549028,0.6003464504613633,0.3044081654780196,0.24790046243215538,-1.302341090722028,54.933687453331416
23.986949618974304,49.121955223177,27.692047430399473,20.325627595460688,314.3698196360094,32.48487825801303,-7.667691271499816,0.2650079269147082,0.4271700552528818,0.4007029926343052,-0.7317930836771686,-1.722303247782847,-0.09400320606811419,-0.2710988833793442,0.45814820321352767,-0.764512972167171,0.6346970011436195,0.4096090798962272,29.071383216311673
42.01684799538553,81.03689299599499,45.1924696629375,13.008339636061194,496.2706481631629,22.50848618976027,-1.911953223957493,0.7480784472087092,0.0010310909058241493,1.1135318394399238,0.18231049072224983,-0.5176170576110148,1.8783794556209221,0.141384170731498,0.5261379261918061,-0.057861193969901185,0.4309117340943924,-0.8634286094178443,116.7002978297748
66.7267793743442,131.82963852858404,71.86977543662896,12.941032617326293,425.0988366454458,20.49655117747604,16.09984327733126,0.4434313238359888,1.4975145658781384,1.570620595630201,0.4292103788753758,-0.7882673939716752,1.0720154753847566,0.29469203327758237,0.6436642845364944,1.1365670086877253,0.43643476808828435,-0.9025375331001769,223.3359138105011
12.653406370026232,24.804875693607457,13.205627194327274,10.735805298501333,174.86044548446466,14.943819438106882,-18.614022250739765,0.6191765488458958,0.022147074380169184,0.836016038386958,-1.0764261993194604,0.6643682025126,0.751434114021276,0.3028741420063272,0.4340435182313632,0.5064961033439043,0.9145712134399503,-0.8098586294112703,20.45834665455468
66.76789499422799,134.6818354481544,72.10337616047553,49.470180788076696,412.76630673817,71.82327737728755,-0.6128205823796691,0.912677016598367,-0.991498891475379,-0.01491055849360696,0.3740578220635879,0.7925321169656073,0.41132777248914776,2.086389201568732,0.061977159629830594,-0.34192762474990074,1.2261183755300331,-0.06530372651108185,137.8483642630558
79.01579516052456,163.43445037940228,88.53154079020148,5.006716865247879,362.7457685504937,6.937630552061648,16.690379302817618,0.05590865585244975,0.703676049242332,-0.01595466654595531,1.0183083208406312,-1.4683322543120199,-1.1699781935770404,1.512155964229522,0.350569040323523,-0.5143097039535209,-1.5140423996773686,-0.9948056587488826,301.13502573898757
72.7863907239622,145.9830177839243,80.0650130374931,35.028040167570914,479.0234940280061,48.98556284752548,-12.470653403789749,0.9880062104046431,0.8567895485492398,-0.7882589329114236,-0.4210375202050225,1.0821869973678317,0.6137905827502084,0.3909171263749945,0.23809232553354434,1.1992920077190243,2.2359448580140033,0.009602401223141729,137.43685520023953
28.1317945016927,58.43162369392505,32.75688444426838,45.9390393653603,437.71363457506027,68.6268552597297,3.464367003648377,0.9172241474811186,0.2952342762644015,-1.9132948386905366,1.6290755980163774,-1.952434076225557,-1.6720026542640265,1.7018770815601174,-0.3657414658683732,0.28151241403774174,-0.1730896485237464,0.5132745825298558,25.214162832568952
24.175349741516126,51.711571274017395,27.039847767390462,48.03310501843691,359.67210625792563,75.67050572171658,7.742415931701721,0.9288452089854253,0.16372576723074264,-0.691689535119821,-0.5264807044674746,-0.32926352845682194,-0.5337884972152811,1.4310037397396016,1.125391924310959,1.159102568442908,2.31213507848428,-0.7707714920749512,48.840536407131694
45.24412845498418,95.6677133365356,51.22931477348665,1.6191371463543713,340.95546698038845,9.336286646494584,-11.164189982519517,0.5655502461203205,0.5075912546169414,-0.21329243455608693,-0.02156929559175733,-0.7369813545547225,0.6025678606704346,-0.06698533503012696,0.32392509134201264,-0.2844220102280501,-0.36403238340648686,-1.380508621530347,103.61364402762133
89.79881636960395,178.11493343550703,98.59224534493937,12.477043156763939,127.11791202569351,18.6555710407648,-19.948753700212404,0.3859370979534099,-0.28798501486449196,-2.6212937558917324,0.8722167729005428,-0.7733368759254712,-0.9091426503738707,0.8676873805849975,0.918442159332738,0.6799657912946181,0.9530074213268969,-1.0940608541768828,221.749043333416
71.8444363795403,144.09714884470242,79.48522236197067,42.288124201228015,217.96344524645207,60.341962983826356,-17.031983929333627,0.1701052031511907,-1.15077751680982,1.1441749878839411,-2.044588573110221,-0.6226224766162055,1.1194642633120986,0.7414542945447192,-0.8677265000837664,-0.7519691183984155,2.3443813189015503,0.4623953804432826,148.24438679436423
24.84974752857227,50.59930918312037,27.231294718796534,5.062890548666782,182.22019068717486,9.301848111616696,8.881524183027025,0.7299740056702899,-0.07787261023389878,0.8094314246691454,0.02493910392882621,0.3181152130160935,-1.7226579397406612,-0.8341430855210485,0.5387172191133197,0.7777853308518885,-0.7504266633918389,0.3670109323956058,113.40068053020148
69.58182034088809,138.08476588555163,75.82329850922763,1.2867846365842872,168.3328766768892,1.6080272760472507,13.750762973877464,0.3083534001177294,-0.9266466594173666,0.6960433136345076,-0.23183269501592982,-0.3706415445349547,-0.614990004043841,-0.17501475456336643,0.7222926741160677,-0.6328235434438292,-0.7368177734613882,0.2612234094436422,248.28702432641913
51.85521605391855,103.94567104191471,57.89339071733489,3.0819684830049656,400.89405684611484,3.9935052049515787,-6.248344538158133,0.5414490060060221,1.3123159579313566,-0.2443134918817095,-1.809367909812941,-0.6335141520043049,0.43398823010776294,-0.9467825187328601,-1.9584953295583045,-0.44442682350523266,-2.040188876682598,0.32544219758935583,145.02414197119714
52.86360529733218,109.52476830004493,60.316919350695095,35.715284956518,300.8405881262419,57.93943700342105,7.101395423041211,0.620273114349303,1.224477280342803,1.1539485297233263,1.3433893230295897,2.551896206075362,1.790321005921958,-0.3163470520399578,0.7364494835973578,0.7475079150737034,1.0663316693589935,-0.07866619879005936,103.75580960740277
99.7542304100898,196.86560628759514,107.57787545259669,12.894317999388827,464.3217942926377,20.3002854512464,-4.476033879409972,0.3973549943570359,-0.37009007730262605,0.7138038497734573,-1.9634769118783888,0.5284419417404559,0.31799160785837577,-1.3602238262437496,-1.0326347492647752,-0.14737619898910834,-0.4865092436522922,0.29002619087255,278.5184092797472
62.91407199532492,126.07748865614356,66.91392569521977,46.24640833796367,325.073503790929,71.3531201652395,1.4253392458366676,0.34386917857746446,-0.8327450259288418,0.5219666213967573,-1.3647485042739236,0.12394906733681683,0.780551284519937,0.18721572504254724,0.8473364345273907,1.076268473269505,-0.09749725217337776,-0.26382473568098097,127.15106940361412
90.06167925228317,179.4015952617657,99.49340697672268,37.28749099195681,468.33399316246613,56.41522646874439,12.695437012211102,0.30305495344809663,-0.22045130754377998,1.1421253369908302,-0.15084454359530172,-0.42896330605823857,0.36505345402582906,-0.3941665427698562,1.0678600932764142,-0.17450534111294544,0.36337092481751687,-0.7041268341144429,240.99699076671553
47.509545493484445,94.23169016141274,51.513054334067796,10.56952510529488,429.58777370205627,15.566290347735862,14.68755882200903,0.8210173923984603,-0.5857338596334425,-0.05636976161238413,-0.44548091667272516,1.1023650070332525,1.2851078684572663,1.4697224075282502,0.17599425143647612,-0.16666394263286308,0.6657527148997395,1.7707222557154656,141.18836035789113
85.32790098478254,170.66287499586332,94.9670094181612,45.90155346705581,381.8535780880146,68.01372164112473,0.20505499748655254,0.635409809075844,0.17742498342514695,0.17492955402534782,-0.9342462417020185,0.9644702982601213,0.8885333066710396,1.8161388773651226,-0.7929678754832142,-0.4816940448830427,1.0965935358701675,1.8153286494868248,214.02927424588938
77.406502103644,154.19885943815106,84.20340503694099,19.328283537049234,165.16296223944818,22.0137216170249,14.284447497532092,0.647379891761482,-0.3474615935231887,-0.7114652230539104,-0.16960869736961634,0.10837508618639138,0.3233082901780785,-1.6774467431276106,2.1987976505716573,0.12305794874707852,-0.8149479277178833,-1.0835862942991765,217.27231651661458
10.761735440338418,21.469149430649903,13.629830335263852,15.272984919227838,486.8097773473507,20.9435661694677,-4.940981909159969,0.3487091992720813,-0.014081326327965141,1.1212210293529394,-0.82366503070868,-1.673216563922596,-0.37093433514612256,0.2797737800889335,-1.4697545114408195,-0.10651206126632945,0.5355813751932504,-0.8066576774966107,-2.65926369767309
68.26079080581313,135.21762066065907,74.16283867435496,5.4052265292921735,125.53482155884396,12.388161265865808,14.459664010073226,0.26114690792649686,-0.5110269116541604,-2.0486663431148564,-0.17200947333841884,0.5434006307287589,0.20817896888319093,-2.134381027728085,0.6145513694750715,-1.6926253797855033,-1.189030503399644,-0.8642614021388675,229.91508905222366
71.26801753486436,142.01212993327653,76.80163727647614,49.87345497891479,203.77050908479558,72.21679634163812,-18.587239806943032,0.7080689593758711,-0.5836602384782551,-0.28385439780768124,-0.1041196622170162,-0.7015343784541574,-1.7117290013788435,-0.37849825836252277,1.2427208700304149,-0.8272402101543453,-1.9303354716712686,-0.08878188587790463,103.21433351709754
85.657482513676,172.21738535828982,94.05114361989243,4.8801531906354665,151.17765587842132,7.0239355988913585,10.516728732772101,0.18306835701259505,-0.38652947894972206,-0.8175784296604411,0.7933001766024721,0.4985616260198315,-0.031154888561624346,-0.8559941827814889,0.21267203664576814,-0.8715855436593481,-0.05532619879213986,0.8326847665759939,304.4707010698863
86.60924993902692,169.274230797845,94.45621268640292,29.178730987129025,477.7203936000308,49.44407689531513,0.019094979708174975,0.86749775469823,-0.6196689206822431,0.5697964366307742,1.8504072925141744,0.653894022312109,0.4346525683709604,0.5080412009924169,-1.0925099398822262,0.7011348546655312,0.9210958788171844,-0.6123562151173819,235.51894915842934
38.4745111883838,76.20525608768588,40.40167131392854,24.379042287405372,352.41310890507805,38.45732253352164,-19.811459943040248,0.2735278622014996,0.042704165633882116,-0.6062002198439246,0.1053967102565544,-1.1549557823251364,0.036559015584081936,-0.4277670912874659,-1.0658471924888242,-0.9334962710269986,-2.1297970206141428,1.4790541225837799,63.03839847686534
44.49847780481146,90.29355910753551,49.49392115772752,18.65507027136855,105.63084748985285,25.49379898367969,-12.376931602383818,0.6767481416771101,-0.5291969164119259,-0.5405357428386488,-0.31924380263444796,-0.8615909953626328,0.6781532742677586,0.7125067068177863,-0.5131339606667499,-0.31966432622335983,0.3766022374695034,-0.752589402297283,107.7928057566501
36.174501262853795,71.97496690005961,38.345747725858985,16.89175756039665,455.1896175348167,28.084971986090807,16.05535104578098,0.3592508863666324,0.9177247958898941,2.252565499046172,0.8850660468873109,-0.4996467714875574,0.21788997803370308,1.5969746847802637,1.1051507261123714,1.1948790654319938,-0.514361562741907,-0.32503296614060634,123.94195243621164
42.993230625986364,85.66355868726806,46.97187017917384,43.827206879973815,202.31566957011717,64.81641841652682,19.787209346282594,0.6619699158378947,-0.11372768301674817,-0.16414777201844993,-0.38379450495170137,-0.9649187430136589,-0.9191133044450214,0.8603511847100213,-0.5691050138505575,0.09235143758846519,-0.47626937845098427,-1.3279140236060163,97.68644621113955
37.10048092811131,72.64760534180385,39.09190501347005,13.498857476859454,342.2537347696017,23.92915967504186,-15.803430523996123,0.7187662245161679,0.3634408533353809,0.3316862051880477,0.5226025838326579,0.41205964956459357,0.2425825969928426,0.7426115714593704,-0.6640886902909112,-0.09726597267426874,-0.24132007165583158,-0.8011717284667538,88.69843588602797
13.546513686571178,25.72866533832632,14.507483859364047,46.656217232593875,232.24144647868056,74.46085312325603,16.275201770791682,0.8352321652632412,-0.2768620126538758,-0.49636008988925684,1.0106316239948958,0.6421029799468787,-0.07641423501352233,-0.45579785447728327,-0.026837296607139842,0.7245862901370012,0.8357407678535691,-0.05961730695308698,-0.761323047405573
51.78496215125335,104.57348467003735,57.62817146241429,1.972225998434679,216.22687089507178,3.7859219729073796,9.541607831687049,0.09499847033058029,0.015792957117393064,-0.30610666322705377,0.8822707542703792,-1.182814910340894,0.4505161948121667,0.8257707850711324,-1.2890917148838488,0.5319247975038554,0.3190904021903392,-0.3054498696932357,167.89901044101737
83.34678605828468,167.52223389765626,92.85341283733038,48.1154965074877,208.73323630007604,67.7673337137606,11.995963877958005,0.6488464838722637,0.14229627265673728,-0.4687215495734493,-0.11536063207555654,-0.32797072187167814,0.5512086099290069,-0.20841504417478704,-1.15495361435408,0.673009476057394,0.48580061260448343,-1.4257799842843486,215.84540587057373
26.31345044835719,51.25489890808747,29.179417176851064,1.440811478561077,373.7856533525891,6.4286633711492165,-14.773786818063366,0.9203979856381027,0.7809062874092114,0.6706780418568573,0.7465628049337282,0.22185135074699677,-0.6133218805778953,1.4361304396381291,-0.747371053926692,-1.5360383035501686,-1.143535009047196,-0.5976641111169504,24.959476482368913
98.01060017957187,195.1440233518048,106.75256233585307,26.1551587612337,380.23207371902174,42.8821357142623,-10.056920205971696,0.34574948745750367,-0.44039333671903036,-0.8819968975924777,0.6784598928382939,-1.0835779651805897,0.3340113933550268,-0.025671544129249647,-0.3627473602318144,-0.4580597086552385,1.1372189175712981,-1.5893642454708337,251.88458054647734
88.24740711514912,178.56864335401212,98.22152550312343,12.044590834861557,488.0580195133601,20.090728652453834,5.732692592930071,0.40327699346172285,0.10432965506397475,1.1036924649751207,0.34513074418909834,-1.034241974185001,0.6757637003116689,-0.8534543669138874,0.8615405227163251,0.7959668221938112,-0.26551885304048073,-0.38223482411462484,272.6011052924493
47.11046929079945,94.18643842309179,51.804693574006514,4.544777345576612,341.68131042471896,4.942879947582902,0.33350961277859525,0.20685124884989836,-1.1606685651242366,-2.158371820574295,-0.21830723570232366,0.25288199157949504,0.18642526296284181,1.0849902561320768,-1.2925036060036283,-0.513155963312859,-1.4424259508004578,0.2458297020685367,136.95400626756157
74.43221502548397,151.41011316545033,83.74749520595249,11.0873553910095,236.54284583073547,20.359417256423022,-8.32065744766874,0.5219850866041359,-0.09075812333082739,-0.29237143106939084,0.28257020607132805,0.4720643522797157,-0.3306080787141211,-1.564543756627407,1.0751304327144349,0.8553855509241441,0.8824732590097797,2.1321232183302583,162.46074018334593
45.36068409236561,87.35981113099697,49.35325165787828,35.83939572346715,143.10629891499678,47.868570213495055,13.498649499458601,0.5888111078979014,0.15177359326020887,-1.0837317556298667,-1.3606030294382685,-2.098704465475091,0.7793342157674334,0.8799162400053264,-0.30983996980849293,-0.05984057414779742,1.7549348178922355,-0.7553956427671997,123.98135260556828
53.463876718233365,102.42583679353874,57.34172782900128,8.86012192510728,331.42175428167064,13.097926305314912,-4.5037768311733615,0.6005460218054113,0.8769991935313158,-0.7960371838096363,-2.0876372536507994,1.848379195556406,1.4641474855099395,-0.8546298636891053,-0.38023334671338543,2.545867351159592,1.0793809248156896,-0.20244926737274427,139.25995782706633
22.003464791448415,41.358200916679394,24.217957133817407,37.4213432938958,219.5652539821697,54.34459036012545,8.474974255805805,0.9355120774625357,-0.4504637213600171,-0.4955738897494539,-0.5889803802701736,-0.5828514199280939,-0.8419790361351315,1.2340318801276897,1.4392314761364178,-0.16956035102028588,1.1436727341242692,-0.3064991788044607,-3.417307469000466
72.48807763545938,144.5410773562529,80.05125313949583,17.61189012314387,292.14796895625074,22.399083039238356,-3.3008826749791282,0.7478687233765869,0.44578321406596755,-0.68907200890211,1.0432745423542547,-1.4883801094886728,-0.2239572045289906,-0.032204082053354045,0.9105596761338376,1.178875479510079,0.5156555491353974,1.583719916597312,180.4500167110945
24.484185490890702,48.62197487330152,27.56818717403062,41.96909072325856,376.237940145604,61.548466287418265,-18.707744670306916,0.8140262175544687,1.609574085417946,1.2081862491481128,-0.1319885934504899,-1.9962948235609281,-0.061170991708729285,-1.2821867291105606,0.13637470533209314,1.7461964093047098,0.24870488232202564,-0.7851661344564748,-2.8788869221863145
69.80442117324611,141.38178856929537,76.87543485484703,47.835098500591336,490.3290888224505,70.29413026379756,-19.481390493014466,0.2513411283723057,-1.2660883631690163,-1.197372775187907,1.2896619906327222,-1.3713100718954623,1.3263823376625872,-0.8244734878505021,-1.0060650189495346,-1.3422766980132927,-1.3020776541797006,-0.39266046094575474,116.71168472494392
79.8532070610099,161.3340378836484,88.14108974866254,8.871294924413158,373.0635406806141,14.021974138886874,0.553874110982953,0.3771982270526456,-1.1488442532096645,0.5538200281084924,0.9062202564187337,0.965835314665828,-0.028231735939146834,0.8954545072989913,-0.14533170030523887,-0.5614767725687608,0.5020551631398291,0.7259586452035081,245.71185132982208
14.57698970757041,31.673745462210853,16.220633306425896,33.09451054824695,296.22037646147066,47.106415345388385,11.361257942820057,0.3178590053721895,0.1195983844037924,0.6261447602924316,1.078980525191399,0.4927100689486431,-1.0719043585196613,0.62548605462526,0.5923521654888014,0.3861554028898407,0.2049696563207104,0.8743986067639308,11.580006410263112
42.47180421964594,85.6020758308261,48.555290571671854,26.52494478034123,498.6524330417355,43.56314703412664,-19.647852148198503,0.6689384679943866,-2.0422296484971234,0.7255907657684028,-1.0525735710876505,-0.9128100132501272,1.4646461330920473,-0.3868981580320537,-0.9593544408447006,2.0079611204929293,0.9290749642925953,-0.33456887481216974,17.529147755662514
58.62135816483053,116.34100784926414,66.36763488219907,41.10545321199831,249.98321686479164,62.71971868845691,-18.245933563579932,0.8982816089058533,0.4244739482495205,1.1236021945285555,0.5735392528493715,-0.19350489673950796,1.196086462677681,-0.3371186670937499,0.36761378903142056,0.016944065986258982,-0.8271614757529621,-1.5121346193233758,59.979641492715444
87.84557701413681,174.85845328396124,96.59507721962453,26.88771070120806,381.0971465070165,45.45710989306298,5.862446372733814,0.9397511115083135,-0.011287561937809798,-0.5777233924075198,-0.8685169077615835,0.22750956916178425,0.28480515520512145,0.17458026754262473,0.3504901803518562,-1.2289949076875741,-0.6405019031805433,-0.32616090566015704,235.62843793829023
33.278316309205806,64.4053170185976,36.87324413274501,21.651251731963544,106.7563873216565,30.756559462800915,5.6569098592655855,0.6183493589106022,0.049700065418715994,-1.3264297019584006,-0.11791975144991769,-0.3698821209541761,0.42612040413361485,-0.2069387770499242,0.19455335985032537,-0.8242340548233212,1.4571939171961423,0.8804889246345019,62.86702645442605
49.39085345214025,96.45684365168566,54.53283001928318,23.69938386839757,313.38710552413977,37.50538267849489,11.899384513338632,0.5457244686408226,0.5403972642139142,-0.13826460026872545,-0.9775512280816644,-1.9887538090141748,0.4512076990700644,-1.5524436748283856,-1.707328302563486,1.7479165859844292,-1.20137172331777,-0.4199779329481971,151.8712277256312
21.09116430401491,44.876108369920765,24.050995154481296,26.857602427723048,478.7917556915487,38.60754747725399,16.141855038981838,0.3438516498486469,-1.2293992192743772,0.751736219190395,-0.5905942381568495,-0.04667753049644323,0.34632683821546384,1.8656445417440202,0.21681268839750226,0.5943139231175751,0.6003483660777374,-1.8611997073624067,85.24809979425069
86.62489501829268,179.1087799732683,95.719479077534,23.063260184479695,319.8658438716667,34.311809678504225,-16.07190394478512,0.7255892573341403,-0.8934781182111482,0.07206729101725728,1.0112082017425184,1.0529119122514135,1.124453891104806,0.8174500476465054,0.7079021166319962,-0.5135155148527494,-1.3181777326083213,0.4223946077568961,203.03458095691713
37.510794046604865,72.79187475282076,39.941459119315425,18.224671783931463,226.53326379853166,27.071191016439936,-10.152994458180636,0.22152570420651974,-0.06844709713154537,-1.068249525593773,0.2880915003685415,-0.45326643749107254,-0.21898193325034912,-2.0390303110099297,-0.9171131765503256,0.21805731889872146,-0.432601081696207,1.1905107608939711,69.5954205278767
25.81931448057028,48.628130229678284,26.30565082124647,42.93568276853996,156.00066748647995,62.12727650982905,15.453433283155825,0.07646237855721538,0.172578451656906,0.08848009776143743,-0.2515023180785273,-0.01135112159165719,-0.8872669971413588,-0.5015945230034489,-1.8370719108707187,-1.1664293093777658,-1.1870512391330497,-0.39888359358155834,36.38349705026746
99.88553575106666,196.368547244672,109.1546141856765,18.290931505150475,189.32265904974201,28.112786226514494,-8.360033591425044,0.4647011421704528,-1.0033160616836867,-0.0657312217518091,-1.4741216134080217,-0.0200748810202203,1.04671567839411,-1.479782379129859,-0.45413567652017867,-0.395511568427743,-1.0829018183674985,-0.09644076294013688,234.65034381302195
26.12306655177587,55.03044925836066,29.105837924366277,48.386777991875654,394.3679235339298,69.76703876339596,-11.247235309638866,0.48764214837364783,0.886414597207252,0.36952377767517425,0.6561837645872346,0.1808791419483338,0.7921058099819703,-0.5187069821388236,-1.081265418462433,0.20855706694650492,2.6891567255954367,0.8076802664218423,-16.870950150884443
39.166399905757984,77.63694773261174,41.71126473215806,41.48235778268251,433.94890648695736,61.90919276994075,-13.046007342141998,0.6536753131338843,-0.9646467871166643,1.0900725962288231,0.6168855581169773,-1.0361148953616295,-1.5548208606799971,1.5290729026867795,-0.9280753431905394,-0.09580643907032647,0.7786214958202674,-0.8533274811055165,49.15940782704591
53.389908074181335,104.90705838695396,57.44814845438685,6.948415353856497,166.24232897159686,14.235658491162505,-11.539315834569809,0.1869056758087676,-1.030242417928788,1.210519619951666,0.5326658716861924,0.4897921650738416,0.5985077639597968,-1.4797117209533097,-1.1339312639885144,0.13228357906416394,0.1449368176982603,0.575038765586739,142.94021481205323
85.00284967557288,170.59378984844403,93.72130891722036,28.674325567613412,164.4516561470152,42.428996486443886,2.8907719692185836,0.05591200416044417,-0.03268421091411251,0.629225859165575,1.306246709425707,-0.3508435391086612,-0.17860647290197662,-0.07543785278594071,-0.2800097503976059,-1.4455121480425703,-0.08835319729440294,0.4141169895601089,214.38177783337045
50.42830254575111,104.87209914778686,56.58458505663296,8.528339199484813,432.1454298817123,8.490759803331771,12.818127205219895,0.18188415187009965,-0.4214828526616138,-0.6609220588458988,-0.14792234526379885,-0.9040249248536079,-1.279743734790053,0.3851773614615998,0.12482385276635362,0.9788705992907167,0.5219489986938624,0.4239532442026558,159.41219650420373
87.3632522809545,172.64042600772765,95.44517616552375,7.478059681322802,138.51943068928176,7.121022305297849,-18.43853745527487,0.7838682348387684,-0.4999207682023869,-0.010458883978511734,-0.5251831656630771,0.0588462053492366,-1.4923471007550382,-1.1348430455096639,1.3775022317192076,-1.0414633415256633,-0.7189562841261765,-0.979579514079746,222.65177354515305
43.33397052239021,89.03403625060255,48.70835005782944,11.474312818952509,420.9200784031255,17.93453667938507,3.5619234456482616,0.741394042282245,0.11189786283754871,-1.5406475046921209,0.43824105475878034,0.3088941130328234,-0.7200167574986956,0.10413001221469308,0.5164843788888039,-0.6319388778257431,0.7328036915543703,-0.7167161538537666,115.64456247387827
27.011891234608363,53.12755130907311,27.736875277362575,28.89935729002231,147.13144159246042,47.71859731193486,7.5106694711110435,0.31590171462927064,-0.3759930766523831,0.4415229422504394,-0.44344865468752065,-0.6232401161225395,0.6432200599927649,-0.8294825889585066,-0.5334274895966683,0.6001410541467663,-0.7083067475004178,-1.5202191679808668,52.969026546213165
47.19053424663428,94.86475484494838,50.932695903334704,18.51064844395735,321.9645425193314,27.705037160793662,-6.2257478314058545,0.7054946079710852,-0.17532149721700788,-1.9573682811842892,-0.8957104086173412,-1.397455240066104,-1.4638153685209871,0.510494907609462,0.365658251284937,0.5908105540703554,-0.7372845612280085,0.5317087153928419,120.07410525961659
59.55185931371362,118.0806861855017,63.719567003928645,8.036900456660861,485.828100549807,13.365785174737317,-14.18686256656985,0.9258617877978491,-0.3343484450091984,0.1437450696100684,0.07207256019811857,0.40206361428449194,0.9573404099404185,0.23146214807808022,1.3731491553001807,-0.13460660398790542,-1.5632613938345346,-0.20752832073704958,150.74988177700575
63.77253074326867,131.03682958292964,70.57761362826942,32.01456572650685,275.58881941649435,49.332966177535965,12.156396364615347,0.2860065117086954,1.3227806992449869,0.283564312656144,-0.7224181907629346,-0.07201660361396557,0.13133848778812976,0.237075951205877,0.0016169010932160824,0.02391676987028547,1.8628067553674579,2.8337084584814525,189.45355446776793
80.17055910787755,159.13064842910384,88.62398489309757,29.304008260484927,307.09708039571797,43.86319274048166,-16.39336569619398,0.2844937870363794,1.0668355749677438,-1.9473779971631602,-1.486110215902395,2.097799176150389,-0.2263829717204291,1.3466272874729692,0.7870599830014666,2.165847950912152,-0.6933651051847435,-0.3527754486771995,160.48293503248948
46.64211634964815,93.89245339720651,51.729202168305704,14.712591223406001,478.80618607106504,24.523774524532215,15.044521849722678,0.8131473496063742,-1.3720355020090929,-0.6979350436264475,1.2578569011127516,-0.2724187495752431,0.21062129577401384,-1.6700076315990524,1.075498317321793,-0.2672360623300756,-1.289289607711727,0.3248195579579196,122.58060255454868
12.461562777886648,25.480274081723188,14.124433273226199,31.683089877909428,497.6792133461902,46.56339534759473,-7.370772238842855,0.9554456871233602,-0.13904011483538442,-0.014470234270724235,0.37296794418893653,-0.6569764617794305,1.2482473039295903,0.8256767226400944,0.17174946592014598,-0.35867940938602066,1.0337463289777662,-0.4754123419462338,-29.152596241025755
41.8184133594554,84.88387891106939,45.88640908829805,47.35590545317391,373.2429234095074,74.01105266796209,-12.013338436227631,0.7354290652428307,0.4744282405673355,-0.4880816866059326,0.22166656001108476,0.7248558958840421,-0.42805287594151126,-0.39492505992504506,1.7620082971004747,1.396958419813615,-0.6632619985501733,-1.3183120225140688,19.196346328906113
65.24442777481772,130.7120882266663,70.59204850809415,2.1131563365498875,292.9168324804202,0.633295399107253,19.414453172977936,0.896999773193295,0.7887522955775803,-0.8530648630635821,2.2150764745892855,-0.2178893982301064,-0.13396854714041537,0.6959514847480209,-0.2957050151918114,-0.15458734399967486,0.34754288849828685,-1.0865615703499996,229.6069840720977
58.66911510326444,115.33765578249067,63.920296348800434,34.31693232651947,169.9201448476196,56.06887110343414,-1.5971763981427998,0.6892105490596488,0.6861081050479167,0.05104916037169898,-0.7748612136337377,-0.43239812418894336,-0.5888145577373266,-0.5046771576403359,-0.7017837728373448,-0.22104030366688782,-1.3558016685259913,0.24677395762008406,116.02587378043775
42.93317360097341,84.49118911591975,46.819257398739495,35.03563134081504,248.92385114752642,54.03453137734883,-12.804430850920166,0.13113916649872392,-0.6400575288658887,-0.3306608834172342,0.6421527460822987,0.4657487649954668,0.09476862374863707,1.0597438508472095,-0.4114430106051696,0.3820953984176002,0.5505399841123811,-0.14450077100667927,40.47405611080763
82.51015254018311,166.06752002706028,92.12914512974025,49.77808851498008,439.7559661586642,69.903900229507,11.413317467755135,0.3000341821534487,-1.1978567133328493,-0.49298347609708065,-1.2300081741902582,0.9126627466896129,1.7046769834826283,0.6753801178114957,-1.39458956322296,0.20707447317699473,-0.8582831171666704,0.27973892691053964,191.99697458551617
42.48658189496094,80.6669627729216,44.585424498759416,12.88574127262096,107.934133445504,23.692206658469637,18.52466243671656,0.1989581106368732,-1.28584287624781,-0.6642985116122893,0.7948872052468919,1.548942140548289,-0.9174630850803659,1.181114516903301,-1.6282397590965252,0.12820964386281808,0.7533166830392689,-0.6261336901494374,169.28345519919168
35.78712189002101,70.8171608703104,38.72681206574247,8.378776774026692,423.0868575828274,10.35647864619164,2.8655029549517366,0.8489007719388086,0.5357953607937388,0.2576751223060831,0.1191095293009187,0.8648567805931103,-0.2027198612055006,0.7625045260107743,-0.4889803009625133,-0.6274887546504008,-1.8749036459804767,0.6763593436242352,129.5464911034205
42.684835622538586,80.93425748850709,44.27477895112325,20.699453043683658,173.5544796413536,35.83772239642332,6.480901912345587,0.9404373373379956,-0.12454282454192829,-0.389092588206281,0.23252252814891486,0.40416936423446204,1.8911834926267332,0.8014069803170026,-0.22054360339445034,-0.06926701121181247,-1.357810756365173,1.0259915225549159,115.72824553549853
17.492608125161798,34.89440421663078,19.79378426935111,32.741633777167486,454.18852683855954,48.28813569935318,-8.63298879767644,0.6264806846261897,1.2960253742017096,1.4025115636713923,1.4522904026736154,0.26355057368037543,0.5669459043936601,-0.6820953749120031,-2.6855056829188757,0.4053915577452256,-0.7717368376527842,-0.20117051614722412,0.8920662688046281
50.036043913366946,103.10893919454314,55.65652006521019,8.851831998985604,339.0336795346243,10.379219465152083,2.559379468851496,0.5234598043545075,-0.5507210264922752,-0.6617040856413821,-0.7141231202704118,1.0206092891663652,0.3639536721245692,-1.016774175298661,-0.5158278499697818,0.5793188930734734,-0.004488772922766668,0.012827791543584259,135.4361738637792
83.38418102447993,167.8283533230266,91.29096808550632,23.459897762201308,103.32684423854931,41.60642935273036,-0.9173171819417156,0.009132599576333167,-0.7543299213267128,0.35244388404476484,0.014173666831190947,0.1195300320172183,-0.7221757229114752,0.7345887860494619,-0.9304522642937739,-0.3721462375843068,0.8473565193784999,1.3978862086969388,196.0632224429104
45.07509428678763,89.02233518084564,49.78486579651625,21.111969137684632,195.8247259754242,32.26843997661388,12.302997617103024,0.6846402903785193,-0.3562919090806527,1.6092997271396627,0.37273057450057007,-0.9623956339946563,0.38418144370457896,-0.5051596763565182,-0.3504823241118278,1.3795926881861735,-0.5887436935442381,-0.5372688796914832,97.96920870431897
66.04784022479981,132.24649572628988,72.88085954044807,2.481603611154931,313.98830122390655,4.2683118669653295,-9.232194684434178,0.715195942211275,-0.1043609703871633,-0.7205218010630187,0.6816046598400958,0.9466737305151883,-0.4717537179797124,0.7239828201123549,1.0765371658911091,-3.351724947452281,-1.7246752954944602,0.4005066361822987,192.9029443228571
39.72237823322473,82.17444091945065,42.46522030078562,2.8019172200946407,410.2611642850094,7.249673539627327,-12.312308282941888,0.8415392879402597,0.769767680174563,-1.7119907289539864,1.2318446787554767,1.1856857423728902,0.011197908255986329,1.7175302328082656,-1.5318886428288034,0.5737878944367104,1.0869682500750129,0.23230569403784848,110.03541956096568
79.38963710111697,153.15555962747266,85.26580090658508,23.641277249575758,372.5769280231413,34.45376727211169,5.166570165227974,0.04218591559473106,1.1205997460966157,-0.4648200456946356,-0.029691250010778516,1.4262593116946818,0.66190560399438,1.9828850533782254,0.4590622116146859,-0.5296427791742504,1.0740502538587908,0.9223377239011725,230.65370732016618
39.20621388670871,79.21021977298811,44.06408844166176,5.982479600536933,415.6575120779554,9.851091603376206,11.339009610042396,0.4752706787616501,-0.7928224113772849,-0.5476757072638964,0.49568294043615135,0.31230245628560693,1.1657872894374954,0.7543132052771592,3.089477660807683,-1.433723238883122,-0.24805990240888215,-0.24847274717110587,143.08774418677794
68.01174069831265,134.95728464417073,72.80453128954922,6.29137288326132,193.0698523424254,14.69059976401135,10.26790092805556,0.8055253765865859,-0.6068676862026446,0.24594478006388967,-0.35079642293973845,-0.8739551971383827,1.4177531440561766,1.6026803366905416,-1.0681489983692147,0.09892432410214622,-0.4284938954098787,1.484818939800811,219.0701856558548
27.07982525976863,54.87646571174543,30.854871769012227,36.62012050613564,210.12978514332127,58.184551493557976,2.1808124066422607,0.06887658336115943,0.4705057175387657,0.6925665973747777,-0.0801347629144968,0.953154903168752,1.4255962111871057,0.0064477551201797345,-0.4643774944356922,0.44136090158475205,1.9580351929912236,0.23137270518219924,-0.12540522840527046
79.8414911018145,159.9079520982691,89.48701313023993,32.914470868990996,315.5826086373619,46.59196761763959,-0.09803361721811044,0.5514678072492145,-0.6691900871902942,-0.5754749536203302,-0.30629527450471256,-0.37455854979569797,-0.36756212644246805,-0.05396352086906558,0.26894939210524715,-0.4535101966530851,0.470606290177994,-0.4796052120306986,203.2659997648638
53.68332585130258,109.4836596327696,60.443214955765725,41.81497633032457,363.16850331398734,58.11996361252625,-9.762458786640877,0.3663540200942962,-0.3015588640783833,-0.2368206214630624,0.6195497024923895,-0.2905351647915586,-2.097015841783749,0.11335079177029157,1.5749317746280966,0.8652695050698213,1.1860629876739324,0.47564207415421506,74.75480779525195
94.44194719298746,187.22588096593898,103.87233308198239,35.421689248941846,429.4571865109602,53.046785606414396,-17.184474815590235,0.3039045488680554,2.390590762304574,-0.8673995764562495,1.3171697853027307,0.9210227634526568,-0.635376182283391,-0.12809098277846248,-0.7461328814766642,-0.12391124274672698,-0.4430605759816179,-0.4448740710277248,203.08726801309712
77.42749221796352,154.04147034493744,85.16610629750582,31.9312149944021,243.1853463485615,43.60699706353798,15.312960774929046,0.16680931890354744,0.4291714164929422,0.9179653962525408,-0.30665841009684647,0.5003302190293999,1.0818088574006406,-0.010647676491772692,-0.5216739288843746,0.6964063383185431,0.8847620913694552,-0.047503863458014495,220.98729320693923
43.454756119183415,87.09842976894917,46.79984509227003,36.29338418075849,343.3653481028156,52.52024467281071,10.628328785371394,0.9261469225926574,-0.06560791487122482,2.5529962215720543,-0.9517334874412265,0.32585261453072206,-0.4231539997977312,-2.822217225795356,-0.9954167677957759,-0.683481914221545,0.8469876578256735,-0.035079876368082775,94.13840751068855
37.03005655553562,74.7516713242239,42.87765165202165,1.085068572879977,428.77596897884575,0.7361494858565144,2.146526131412827,0.5563230855067685,0.5181181409509735,-0.26022287940325456,0.9113424230055512,0.22022554403741118,0.6170161381472523,0.7308370005599651,-0.6334636344053869,-0.35950733117235567,0.1643971371662979,-0.40716877215486685,115.80562322140962
45.981842362998755,94.79588270991655,50.626453625289024,36.17902633722575,417.16167772571197,56.88000118389846,7.583804041995968,0.5762324617766981,1.1248369487772936,-0.7373061300903289,-0.5044246784427611,1.539505788642072,-0.35873899736556486,-0.1864464448715057,1.611851915163453,0.5908806219791308,-1.0640318650498968,1.5052985340805691,126.14661886567697
47.48695413561274,97.69800705042546,51.562247969965064,11.33588356810758,361.11167326414034,16.63964655334229,11.096744725761894,0.38248696218526324,-0.0978675186334363,0.27300271252786135,-0.5514321171682671,-0.14132421238367623,-0.7062961100045946,-0.010658650250973015,1.5408249161542764,0.5062140569265433,-0.8493218030336152,0.6770884058307649,155.10837460018206
63.56189721653563,125.70698920494323,69.47198873441101,14.489151457834353,257.72896155122635,22.573617217753633,2.857623620425173,0.049311098070088044,-0.33990260104102926,0.2496022974153477,-1.72409501428731,-0.019750326024755235,0.36755670760768033,0.3932617714941952,-1.0774914795686203,-0.4211067727282637,-0.3807749658466138,-0.539971736436136,185.07210538423837
65.43971538347816,130.74419036911937,71.19424529861384,3.582199017054244,410.70875951667347,2.3409263361578736,-16.41621407493059,0.6717475534497354,-0.8206508453368031,0.42766598336968675,-0.5772208394833538,1.2120293955307904,0.8428957723237799,0.1291988766815237,1.3798080823707537,-0.10726813474547231,1.0784654909255207,-0.06676844503674426,200.75860939787685
23.123662767124983,49.79439075714748,27.0139281208257,9.984260680287788,249.52831612822774,15.261626218006468,-15.505130368595829,0.054538013361754234,2.1696576669512395,-0.7209614049890997,1.2573756412528125,-1.3601809849640578,1.5327824266954222,0.13259123566437533,0.8369866004411592,0.7038120046976474,0.6778080706007418,0.09754468827570965,1.0531893592029213
58.42049121162874,117.53774917158151,65.63785579344791,12.932900171279925,293.2105321378767,19.190983018498535,7.950209280330114,0.01838851255630447,-1.279746116634157,-0.7353452220253707,0.5884241017672599,0.1648836409056904,-0.37424055977623827,1.7243914204019841,-0.24364361155686767,-0.22300271219085416,-0.07288290889800075,-0.10689377396435117,170.53162377198973
44.97806325132812,89.43413951907192,51.2568207961586,33.00501866646824,445.7129094239814,55.49491823766163,5.976445790089137,0.23116862013781703,-2.0060803946689423,1.8672709303187909,0.7056302329993192,0.509990780557728,0.8246726896315857,-0.9146650846687739,0.45839429767800893,1.0857135976881704,-2.204923666647438,0.5959640626123412,104.99821565015749
11.933961239291097,23.9081582089624,14.367090158271989,16.678481731538785,257.3599271309099,26.544932649602885,-5.9234767093127605,0.6252309702510104,0.23952951701312522,2.7565162021847653,-1.8279170039010626,-0.0143735046390427,-1.4450947640531517,-1.4595558844667558,1.4181138086213638,-1.167143725456669,1.2506892391762552,0.23423463048914162,15.627257459488536
35.21744601653846,72.9051361360973,41.219209844214134,32.84658794748063,135.11800685492057,43.636076249409285,4.497935734004219,0.6255246004948266,0.10481056769638529,0.7340559630879957,1.5232610627361176,2.174609750063118,0.7538359898575543,-0.48015878947551816,-0.6568025911595441,-0.178500405534637,0.804447512925736,0.9548909155117629,88.9534703923571
82.00945532476842,165.13639905625615,89.89217114895985,35.256819389255035,309.5221934007487,59.420933193238334,19.031076362743974,0.14515239489251186,2.0370351894161485,-0.91160326286717,-0.5253438237013065,1.163581458113009,0.47604972115527766,-0.15931576209364645,-0.8479604769378187,1.8749580985926653,-0.24440127394896835,-1.685322880776669,269.0039513640151
89.21187100977184,176.658124871272,98.13267654518312,22.1502243524826,473.50740975647716,38.71726729446962,-9.048153414739058,0.7791078849727928,0.5006359909678696,0.3973360523094999,0.1075078955396326,-1.3718043140286487,-0.13683588334296015,1.2866662723846953,0.08697560639875537,0.7216936619636506,-0.36174575536678555,-0.8714397370006153,202.59774005202235
71.93271562594444,141.52819521528298,78.59786642891572,30.235587980137574,384.807651190664,41.23296754841563,-0.3421761173466109,0.1375127223416147,0.08933483596848299,0.23987498882890357,0.015867674058893003,-0.17321792049800858,-0.1284702478986695,1.0242589075859936,-0.1429215549931239,-2.9776261329773805,0.018068330465248125,-0.36949039648724386,194.25914237957073
93.43928855600144,190.88053833386363,103.80261602429603,24.49714492554318,229.95825072161824,34.56700399664066,-3.805329270298863,0.041826275050118156,-0.09004540382016302,-0.9742539645685566,-0.5294061513809323,1.269125068782766,-0.0635031812569957,-1.3408263012278976,-2.016802397381654,-0.3224253751189573,0.27879935611169043,-1.1802184739493164,241.18834881346146
50.644863330729585,101.56365986700727,55.53090798221098,49.79181857620241,307.4810610350047,70.81207146888103,2.308037992536377,0.5161266830947985,-0.21671797619199595,-0.23267400464106353,-0.2577884302587394,0.9739986276745781,-0.6302333952503887,1.766047969787104,-1.0170867711077771,0.25198652271385724,-0.2538177084112552,-0.21853619521271525,92.98751026253359
56.52726852395242,115.41299853630548,64.35452940533125,22.58490439148277,389.05871659713324,37.825244370967454,17.513698307969577,0.6961141418397956,0.6817297440647835,0.7762808911611014,-0.5981709473036011,0.1906832203712374,-1.3317167476801013,-0.848840654102649,0.32756966378172586,1.051415655679721,-0.0007932378041793709,1.5341044042063532,193.74119807907513
91.6446216704866,184.206044582946,99.55958341346692,6.177210841771674,145.6659755296311,6.559713261521026,0.9526922426459521,0.3840873742615717,0.30551991026614583,-1.1576574603643297,0.9273923506046222,-0.30291432179891314,-1.2510305641208825,1.1658489494098863,1.0998409230878534,-0.6763356036753159,-0.30700490006898135,-0.4806214742390628,278.0865327919656
88.19366837303835,177.75134992177354,98.84518906236491,20.979084561788362,223.80732217479272,31.84957085803985,5.058113986461169,0.11755397840247983,0.45608670931597434,0.4953927899031111,-0.5484381483102518,-0.5318767990671244,-1.9006258382433345,0.5053140524018953,-0.10341105735150867,-0.028990466594635167,0.5458049780649977,-0.49537371468823177,230.21387900070744
62.99760944658783,123.96407998779821,68.84422520124156,3.9702458684208075,340.0408417182357,6.080816679569737,4.790641554783409,0.5575486482688887,0.14423549110161676,-0.28197126721938953,0.8683670750986822,1.1680736696925909,1.9091441003711205,0.4484740278369283,-0.9505773086950267,-1.6543575475986025,-0.6742080718886674,2.1462854934567615,222.10398478978124
14.412822647391915,27.739192096341704,15.840481425274065,33.604524763070245,344.4359024194616,48.95772843793107,11.492303181343434,0.17741926734367952,-1.2638761706184807,0.36428257086629406,0.4018101209683796,-0.184533946761765,-0.29227803941464175,0.913295192677769,-0.2711676911183993,0.2580656042905764,-1.1349926426688104,0.5575857706024162,-1.1968718363006978
36.35494420210656,74.75365574854357,41.75602135635219,13.720927137586669,310.8210933618483,16.008277903570924,4.482149797136955,0.10930223443632625,-0.1788754813435456,-1.3967800934299306,1.1460560584404975,-0.09244835142069227,-0.8763413450499258,-2.159848844151767,0.8197883424773852,-0.07085376533166181,-0.6761891940902441,-0.5511732400581192,100.97842108925373
57.28521027984352,116.43868621630017,63.54499767181722,6.4856568777151296,325.05373506664307,5.519827767795238,-0.2998218512593631,0.17990723165619127,-1.2137115260123008,-0.9964599053182054,0.05577537586317621,-0.007310529085468122,1.385582920430734,0.21042167233544076,1.4323501401119016,1.3103591392909377,1.137846918706311,-3.534826277379163,168.46400437463438
47.26370255719346,93.23887963797972,52.71201694235693,31.87517717940283,104.51890719121191,48.54944875464154,11.607820113848465,0.3077725492438971,-0.8840343632726156,-0.03717977749590666,1.5206064437123776,0.05860862309763887,-0.8718276774598914,1.3481474763110126,-0.1813478278029804,-0.16190236702589716,0.4035354109844351,0.7997822880286897,126.35267657954086
40.41431697461887,78.74417698429524,41.86279303678944,39.862719191446246,358.2608882658299,55.60816799509954,15.682333071596723,0.5369675449723645,-0.892202513025462,1.5062625523325406,-1.4124919691794113,0.8479357928456366,0.42985370525067496,-0.7257420676274848,-0.13640325052426217,-0.8599626294185463,-0.6661125673624853,-0.1527898403502717,95.46438255564073
71.6943970311786,144.67047490358595,77.25626601786432,17.679777021040405,487.8453169742373,26.376046580730375,19.344750754606956,0.6265108476152507,0.713615847322537,-1.0877791850251843,-1.033902653163487,0.860075254582304,1.1004088215602774,-1.2546110670363635,-0.2410553613833738,-0.8349276121177351,1.0133035687132679,0.2040630909739103,240.41215253272472
54.73489909570206,109.6399265854291,61.35276289423398,47.53633748837884,186.45595170587424,70.83192827399468,11.397759329496331,0.7777903914607942,0.9265394154721454,-0.5609690106651314,1.1340336275631684,0.17913690051786987,-0.6495881348999478,-0.00022165892178913267,1.4404775624570878,-0.749570039085251,-1.7095849183856633,-0.25568422447175687,117.09116050360639
22.896554315487485,48.36783983324373,24.618408881822095,46.901192335839056,370.68691549515825,73.58925409809909,-1.6252635754382005,0.7136773904026315,-0.0898631413758657,-0.012700068444394187,1.3885947094504252,-0.6286837992253211,-0.35411378230065327,-0.23834529471890953,-0.3007368852921833,0.06351048164220117,-1.4546080584531154,-0.18912652260998442,11.269204318263109
38.123272001916334,74.71780793798564,41.071898343465236,44.60677922138783,228.35214793847652,67.76296386065432,-7.2340083799400645,0.44111562275233895,0.4202785960607124,0.38315284116671094,-0.025946876766112608,0.1734224810454438,-0.8604104339899908,-0.8384729265269991,0.250256501213611,0.8943805908773941,-0.2304785091158027,0.5021446498784435,40.4707161483794
73.39183265239191,146.47264875487093,81.37080638236749,3.562143561012132,345.30515340639084,3.6242386402896227,-14.7970399174116,0.47073557900855245,-0.2135216923332756,-0.4223079548411053,0.9947815291430099,0.349692634954976,0.5811205285926434,1.2147347974609228,-1.5880886348806875,-1.046842966934966,-0.43297024022115216,-1.3146882833481373,209.8592409147347
38.119658603592875,77.53850687284826,40.88128873662123,33.543513271696796,313.39397155805113,55.283583606436075,-1.3721854782732414,0.13179528037396193,0.864011375022602,-2.0729647258800843,-1.080927007768464,0.21835903486536046,-0.6298152689525771,-1.442418446010746,-0.7089476125619234,0.15661485942357647,0.32568269295902585,1.9600712325225358,58.35846332273769
65.52478785235246,132.75330564692916,72.06902071775647,34.980731054121414,366.0722474167584,53.96857754505072,-1.8686772920171215,0.030264132211843098,-0.9194400436338228,0.14364558314681375,-0.5939799307410707,0.147578334208938,0.1532074168818543,-1.3533049363410778,0.3245866728612796,0.3345013957750841,0.7351500997737405,-1.6267353454143778,112.07398357072034
39.32827554683005,76.56203785285417,41.201722952916136,26.637278296416568,260.32658991377343,36.380492777230906,1.9179606911600473,0.9738917312202949,-0.6801904106857742,0.6087176525478228,0.5226683043064148,-1.2307527651424344,0.22873118818596752,-1.0444106448614665,0.29144288689701503,-1.2197943255774317,0.128079786524802,1.4685504562353426,94.89028808053844
17.01049623297925,36.391703665006844,18.872806347160704,24.331515324981083,336.8652540328368,32.78240269069286,12.88092209256179,0.17617400220063117,0.3653650543860945,-0.10395260740004136,1.4225474330862349,1.1580559395050836,0.1304929719040334,-0.9672297594060738,-1.4682698926725954,0.05265216639789087,1.5528390472846387,0.9927720192317824,49.14283438465078
89.8535382916712,182.04154871723577,98.72714220198242,0.009217022760849014,158.69014162087853,2.1992248697375003,-4.40069359076853,0.57793141489595,0.5064551533270403,1.4254382510144508,-0.5281221365560721,1.1875660742800382,0.7286573413595869,-0.4420986126840764,1.0011351449252246,-0.3723190795691385,0.9131952362293707,-0.1003513391680753,283.8014960699133
18.03586641285887,41.92876235129384,21.74608914911688,20.20987080322085,151.0222788229739,29.525488140071833,1.955405464142416,0.05312731117638425,-0.5356851507983555,-1.7751128572852835,-1.2595938637606063,1.5373858367677222,0.48667721066678654,-0.5472977191184581,-0.2960996298939483,-0.956536119430958,-0.4077935961357931,0.8937533483741569,43.50975782489771
44.340854057424544,85.85161810359921,47.51365834630496,23.74357064778688,175.29073523110623,30.51171990176869,13.598507469068615,0.15426729089372504,1.4890128341121585,-0.023802636396910958,0.2564953580753622,0.28828783763211424,1.5908200385208897,0.1575177835857322,-1.0677143121504258,0.08942424944727093,0.4198325337775451,-0.025837286178669382,148.59991746110842
67.80186096232194,133.69804907389369,74.56696011553072,39.44642122663204,341.7718050787181,57.48289663046915,0.37659657720466555,0.5520500303810195,-0.891220038234555,0.2892916307707737,0.5347732643075555,1.2528355949078893,-1.7093739307555051,-0.9111056737360017,0.09815334781504921,1.176259955889544,-1.0648509643878592,0.6679379792917243,149.240930278274
43.027302272704006,88.62219985560789,47.923631803053134,35.24412712774374,145.26574784597386,48.30250278765514,-14.316500803772968,0.731293183016837,2.853421085553372,-0.29545247326125085,0.20175438102167767,-1.1000155541386585,1.8519849699141144,0.9915469376669718,0.9607556863021718,0.5966386971873616,-0.1326934209517018,-2.5378736734624305,47.574410710609115
17.02737265502409,31.666735433542275,16.681678321694054,15.62498607227173,121.10970885630033,20.549035710084397,-1.245247586359156,0.5126631103907159,-1.596690888563056,0.31257359536829293,-2.2362552321306843,1.2108643914249524,0.24654829870605158,-0.7886482478910367,2.2081758289388684,0.498340497794883,-0.005818595121582901,-1.6113118566788434,49.56318645844156
60.73356459617527,123.56487669253909,67.8623704511773,8.453962047718461,120.6479539165493,18.128861040746457,4.972680219202662,0.28681565437287226,1.0309680334441211,0.5881410721139667,0.4801751878765151,-0.6484391011657318,0.5464913895812652,0.6008801283226481,0.10605299326379677,-0.13176660765986492,0.473483162930109,0.3995266847714059,182.69079117336287
63.25931129237302,127.78494094482892,70.84981303067455,40.39203456617868,204.50103516139893,59.53620087720714,11.97488025647069,0.8620144280276486,-0.23132680060820845,0.3504889367251023,1.4279886740634444,1.8426307870835192,0.6630976743909399,0.9646005654689658,1.7139940392202688,-0.0691165674295663,0.08149458773171044,1.0740840172455288,133.6535045598925
67.38171998452762,135.55631310812785,75.93701734516702,17.25378597316361,356.90443892596807,25.931999281164924,-13.295984129901255,0.3987448027449245,-0.5252122865264248,1.5704075350728013,0.018811421593415714,-1.233064116482986,-1.138670268661717,1.0719677348138625,-0.5529289673643482,0.08903757420631536,0.10595376750041019,-0.11243546622597023,149.19030799888165
93.4500273448066,184.04154215806093,102.41360757576716,48.08813614035152,373.15052436551673,78.61565521124993,5.496966050215985,0.956183655889625,-2.0344401962628647,0.9295967967725195,0.5685244649252005,-0.701867784292276,-0.04874241725971978,0.45223833352383136,-0.5633324424335322,-0.8216055115887765,0.24104087385241305,-1.6453657661874992,225.79301794206853
76.08821101836924,151.0587968721188,83.01336277588408,16.870330154045725,376.11133156184803,26.916139364539397,6.912074389599606,0.8316894998248812,0.4521664397793463,0.03404704112165527,0.8632344124666179,0.6601506587754395,0.1558804506772594,0.8011796544199185,0.07667306035539237,0.20516563062215581,1.97846363411031,1.2896882092452597,241.335141688465
69.09449667079022,140.69725200835973,74.64970165133823,31.904144257973925,383.23004233180086,52.16562222044651,-14.80370987178134,0.6563946289111506,1.0449078000710987,-0.7602014698100217,2.0825011080082,-0.43583167403920947,-0.25596922060637123,-0.7202492951480596,-2.295558741268743,0.4835823988630358,-1.4556428548991327,-1.7323704210182924,153.1413876820409
34.87452059419692,65.87219286767848,38.15635678560447,38.49402545769498,229.36165111463245,58.3590415253972,11.084238011356405,0.38279900244318266,-0.17467861272664378,0.30555355700411696,0.7538209321973763,-0.21589766897183368,-1.0832229659674864,0.42435909265851823,1.236966732380208,-0.5955494187343696,0.5058693174922756,1.0482697543542812,72.09470661963623
22.948534031636214,46.061714325671666,24.595635195593776,32.16690834844474,465.04368913645055,47.94821840009651,-17.083219864841602,0.5713445598449196,-0.004071554396309894,1.0866180784190358,0.4518995710859242,-0.34370136658356853,-1.4778686474551979,-1.7941180734762907,-0.4023937182954176,-0.6765807208408225,-0.6691978882742294,-2.062012465651132,-15.75973525099619
61.71762265513343,118.71444688085859,66.24428965217054,24.533972694776736,274.4230669853471,39.71360020014402,11.415268203645851,0.5401287170190129,2.4824043706260785,0.05159367046182593,0.47517311634142373,-1.0440434592070242,-2.1327555754799965,-0.9588473142601711,-0.9567290916972264,1.172622869840111,-1.147562305479048,0.8269988562241019,152.60377411149094
96.29414981779975,194.67136180174995,107.21559818369705,48.04627610000327,132.1827138697552,67.11614116339608,5.911702872252604,0.1766183045094868,0.9547421647673758,0.24086409694537936,0.5589425851947377,1.4381460317633559,1.1230586485133462,-0.854740924931461,-0.26693762034879326,0.32573943097258196,-1.0951316041301602,-1.2079676476429744,228.28498959834616
22.59486565897498,46.306204602094255,26.683429422758024,29.647271423967602,295.69302019109585,47.9231923069389,-7.690764814709382,0.5339400467645663,0.5515996017948747,-0.9428120041026924,0.2746646197301277,-0.007191837311539971,1.6526703791919777,0.607396407114989,0.4835097126218719,0.13330090614749435,0.5209648422456008,-1.3891445298816683,17.16443256615585
51.25333282804549,100.72815485064142,54.01311135625278,7.44768147954773,331.7382849245836,11.903856332605324,-14.336381110878378,0.6538315267791077,-2.200165454982885,0.4022553323121562,1.4906160442667182,0.44121827343687103,0.419402162247089,0.44965279591082613,0.8151116156594308,0.2646080122409921,0.29925260696331935,-1.0624211533622172,121.44512004173221
25.362044909460053,47.620955342526194,25.968338765150403,5.316560012914118,298.85739861422,8.61886160827091,12.178141237092355,0.4262114639382295,1.070043780094098,-2.6289362534760246,-0.3850026255821543,-0.7972406140807622,1.2948718294953938,-0.19797724025709085,1.2373789328365488,1.4456439102366918,0.4547624906712715,-1.637977461531174,91.76169786157242
63.377672773676274,126.23610214343543,69.99550911984156,7.061840130966185,266.0617296935643,9.331663552101976,-2.4535515178309097,0.9256755305974618,0.44404102239123566,0.11609117144616996,0.7907650365807412,-1.1271502260242174,0.030695610316501892,-0.17482938854005553,-0.1124918379676433,0.00923212473857362,0.18543248082436437,0.3903199449479247,164.8639139020965
68.65802126702476,138.8889685907454,75.3189843233372,40.370590162366895,409.02508341077703,59.833608545134446,5.5930281492917935,0.5230868641318316,-2.0076051169402374,1.2384087503206325,-0.21278598862650472,-0.17724681545893212,0.501232414683224,1.0651812135505694,1.3368272644903991,-0.4315952772228518,0.18797902491800886,-0.9053376106634182,148.14197826349405
10.411303715362664,20.912719743471538,11.977444338128999,26.509951046404044,138.27354198372643,36.482416655232804,1.5889130555214734,0.21927613365811105,0.18696138884792474,-1.4555791909345617,-0.10846349978288324,0.6472106116881486,0.4389810982890462,-1.4557503638501246,1.1121908254091912,-0.22250853902521125,0.6650935781912874,1.3326066274341486,13.822948068029014
13.880404121149214,26.755461783525003,14.319966897960686,21.733582113452915,233.71785168891947,34.31782456329835,-18.267300693863305,0.7404168848131342,0.5539689464727188,-0.28286945310263745,0.2548052491884241,-1.1236055744784486,1.5834005386202137,1.4148997329024293,-0.23953363116382628,-1.3187368512167583,-0.3058434415138337,0.5912933402331186,-48.11943507925034
70.91672912875971,140.24251598333058,79.0758481762489,16.306611235358588,139.2256535205792,23.993961465216692,-4.978704484890359,0.22066275830216486,-1.131965536086807,0.20864316661930288,0.43228527046782056,-0.35538668266768864,0.9905992937109873,-0.48230541474083544,-0.41144046107676807,0.3521627387272715,-0.2665214972357955,-1.388677695580046,151.02144917723277
97.800030218605,195.9086469631006,108.17092459697969,34.610526475558366,123.86068785370634,55.74987258794911,-1.6568430011797446,0.17120131671681682,-1.1568771588169278,1.7354932290451561,-1.4042401559994988,-1.0700911686731678,-0.8898115507143028,-1.0484771039304368,1.277560503655242,2.321644168914038,0.2606832809314061,-0.3360533257894568,257.42726937296464
87.12763873457305,167.6729209097076,94.08909482130329,29.579043564755093,434.7956104956952,43.48372011366145,9.447154364764234,0.2466541770684081,-0.6144119634764421,1.1640286642856685,1.0411146555796809,-0.8413901267828658,0.7743784831636764,1.0514587759500527,2.7990276371440443,0.08932876219524424,1.09238824876709,0.2809069822974998,264.5983221205348
79.17457517519198,160.75599562319712,88.07215241974886,23.963466960831177,419.20700578884333,37.37124255215998,-10.379540299447921,0.5584869664391777,1.6173865203687405,0.12650367579201538,0.507450331516569,-0.16511365791210564,-0.409849910933669,1.3850010738112473,0.9624590911147314,0.6170014623829175,-0.5265446845793827,1.4672588220571539,172.17578859131262
87.21299001078509,174.41839957143512,95.7097121978357,22.74203988304758,408.73400312252016,36.26506154214694,11.594348511562288,0.3704204606027227,-1.3811802141743397,0.31515340164226047,0.24480488778762557,-0.294473879009136,0.7055262126887732,-0.5584637902422552,1.0313455542805918,0.2150292078731859,-0.29973612457114707,2.3981744408526273,246.1978165452504
58.81915958054842,118.60957927960438,63.30023714762305,4.04795207845241,452.3388991823634,5.98192639376225,17.81288919150952,0.6746529665886649,0.3697534832950222,-0.31388402752682953,-0.9227325633490079,1.0388344786199157,-0.4122105929886102,0.4641923820487851,-0.3473195093747445,-0.13446929924508583,-0.17105052841249319,-0.6548626877553424,213.82730024483303
98.31264600264781,196.69536922524063,108.65467934984235,23.924673250831685,475.6591729887639,29.242465932015946,-11.608240975983893,0.7450167146391116,0.143374936741355,0.9216129936864615,-0.16436495716887847,1.5010897200986986,-0.061417273353163986,0.3565951089062119,-0.6500587715074587,0.9536093094052394,-0.504522888226871,-0.08538561090085067,224.87341661824527
73.88427598678621,146.6942365128049,79.83969083780401,14.613217656306315,348.38050713582584,24.151031179911666,12.351835065509206,0.9408758870000417,1.9325688340196359,0.845360433009544,-0.3945827399554642,0.10694931316701613,0.6610165564815244,-0.4934156430418483,0.4635291156131296,-0.12954441592476396,-0.25080793644048377,1.5250188147147468,197.61490911269192
54.66958614844699,111.05421093704442,59.79346310437421,31.363809862244974,217.26777677695944,50.72363610846466,-14.718905248074261,0.3467002467820791,-1.3500025573629897,0.496981961140901,-0.09300349656497776,0.34840575990785555,0.5037289854895349,-0.5244451500649197,1.3608415255601172,-0.4664101873760987,-0.7787887343538242,0.48269970358812697,83.90247359639439
68.14461038123216,135.051576374056,75.77803001023744,34.84317903599375,436.76314815422506,49.859905542905935,-14.721829921519184,0.7893482618517801,0.36641312686097355,0.6840846160401179,-2.644425141393175,0.26266594556574535,0.03853899331452026,-0.30897401227250176,-0.6659000321926163,0.8797267449290495,1.1392573134057336,1.9645874576107112,130.31487056786054
74.06309551133589,146.94419724366887,83.73966576936554,41.96658384357063,377.1437075874542,62.08102682350305,-10.483787024939858,0.04115145648846796,-0.2113943349673641,0.4751274429550086,-0.04173309638922769,0.6373050153529164,-0.24550657390994932,-0.10166909751634332,-0.3748434751527264,0.8379826885136525,-0.8694264684139854,0.8925106514339411,130.7340920487247
24.633784726469706,47.83514063409824,28.80036051118575,20.22811656112556,299.76676633512426,32.37103878070517,-7.191282762273175,0.004294305817411526,-0.19682438810299632,-2.718030424094055,-0.7642360357257791,1.364025481798582,-0.8162505266030664,0.13501461235242795,2.6375896338257605,-0.9681747706911432,-0.5046309988873626,-0.25206100012481414,47.24683093542801
60.870836344129884,123.54298407736397,66.9016642121813,34.45734907400445,392.65620851213106,53.01710837905645,2.0383996119726007,0.30808220077153736,-1.5626125517920035,1.111033996590538,-0.41540668288011323,0.14669400134975558,1.3472335698867302,0.4853555875210163,-0.6136384954307847,-0.35478888535830716,0.7419662471179344,-0.317402947441797,132.69489378304235
12.029378172181982,21.949862210636272,12.340095941361977,33.577888815709834,134.9507748360619,48.39939066968593,-7.289687513359823,0.6050778218474674,2.049887515075823,-0.761337354180956,-0.3636092540907537,0.43358841480835164,0.5830840130649374,-0.7634851604064377,-0.570837235187906,0.5866110842918041,-1.6383256841638285,2.215055367629362,-31.96233527304724
88.68715621898302,180.12444426388404,99.22472546371675,22.211018108400577,497.0388663280301,34.135949780738315,12.226911404133041,0.970360673202005,-1.8902999863727084,0.9806928339240176,0.8506956448165061,1.0226458233746365,0.5851122244787516,0.35140510886391124,-1.9851304390644104,0.31936214395320855,0.3685697328836898,-0.031015710331408486,253.79422557862193
96.40857683987245,192.8502111069094,105.6293044425722,20.473031937631212,465.7641985217597,27.425801583547397,8.409880270933009,0.7552437477921852,0.418416672435905,0.48634667014759664,-0.9357976277460405,0.8593944383874843,1.8054136343213438,0.4906502735194068,0.43139215334145015,-0.7338024433895142,-1.039368056878255,-0.40609349737008893,293.2871211582631
12.415601322127575,26.392374618446453,14.137513871786808,47.80132980665386,433.6972285406614,67.39720303290872,15.707461025622194,0.4171567721618138,-1.5239596817346872,0.07775670617402079,0.01662750446169465,0.5039088536945512,-0.54738353257151,3.169628663080368,1.5112298553519583,0.6735047065381932,-1.1273858476477334,-0.6296532252471642,0.044072007366492194
88.15113263735203,174.72490969834243,95.67409482466046,34.712254933372435,147.83347360253993,48.15457501619113,13.811202722649924,0.1628472326819188,0.8190690460111887,0.3154570839100395,0.3894466836269326,-0.37354142897132825,0.4134733178990085,0.682488649218257,-1.929239761478748,1.0682930500242194,-0.5111472926695974,0.6506181883315434,236.00709680441264
57.665109690317415,117.54259407017992,63.62747247522301,38.32212188393993,173.29899896588734,61.63912317876485,1.748493409933701,0.8724431344584407,0.705487148956278,-1.346270630506303,-0.4797237140628003,1.4432774130473827,-0.16956623364707094,-0.4156087116844563,-1.6313559777675022,-0.8974682090232214,1.2044756539562984,0.09782302994016435,130.00676279779236
43.57127755949426,85.32650191321592,47.47000441577619,45.539398924644715,140.9671432312614,69.50609562633318,-12.46332860138812,0.8970567327637613,-1.4276882563459858,-1.2338357566707139,-1.216495370627702,-0.1977923089087978,-1.5944702299405475,-0.530428757792224,0.8380822517097158,0.7292537921581808,1.6395420651950126,0.8536413250790362,40.38948031419964
93.10687774095047,184.49981821679796,102.0142811535541,18.128428287436805,426.8154813108977,30.307375150260896,10.543581834468675,0.34204512962853273,-0.060233806126320275,-0.23395359019824147,0.2799181910736491,-0.6516313717506202,0.3446467195497668,-0.4340032109000213,0.07590079498874093,0.5119460021027022,0.2765897863313082,0.29534880041450706,268.38411912109467
72.17363229894735,144.51799273837972,79.04907407623664,38.734615402018605,402.9336137510761,59.48410402362664,11.722207266029368,0.5134791925041092,0.46872159310637096,0.18308141746793039,-0.007007702639297405,0.37018687856285243,-0.8296497895456619,-1.4563679052912988,0.45409716839341063,-2.2017507408057657,0.5950300966926592,2.067545848368871,185.19307622761366
26.63036421205146,52.741079347511224,29.487971426374543,42.29307612262592,476.7379918020238,66.07112455443465,-13.57770655896125,0.5006344153046767,-0.09996246987554619,-0.7373486738811725,-0.4131046272992945,-0.1951389695300325,-0.148006213803087,-0.07912134572231351,0.1342558279155042,0.6381552534860577,-0.42822700472741965,2.1107525660298143,-13.242966999086413
58.34138401142957,117.58194225280872,64.36994897368315,10.700769320308106,301.6781087258363,15.299255596372602,3.5752228454130197,0.4396658291930384,0.6095143930730289,-0.16572494576706848,-0.5980424463769455,0.7727712901927323,0.15995525144783973,0.7005720655582562,2.1930121598627696,1.8812575006348025,0.34485186754972147,0.33890326469273335,160.11699448216763
22.232113291497832,44.70489856474096,22.97020299171703,27.8566061415287,116.2434252567528,41.08361704163132,-8.655542297081421,0.600389508427489,-1.0383997095161643,2.529052288492199,-1.1926600574233426,0.4382436616548383,-0.4960962918540122,1.9028876989644785,0.14253162618527523,0.3521161386581236,0.6152536232001412,-0.9553831425344423,13.129310761543145
71.12179974518511,145.38145107313414,82.47161573624902,24.582418677246377,142.06875382772014,32.80458139534712,-16.59976359629099,0.1433675616593022,-1.0842284134359808,0.781258626448559,1.8281696335217885,1.3587078023572567,0.3622486371575519,-0.0507353801643818,0.8983234620950805,-0.14108016022684575,-2.529069439813298,-1.7178440570553652,152.10266433766367
21.04859509287973,43.787296449518706,22.29325852553873,13.925916613942757,385.397522944129,18.803778391459005,11.579709291751449,0.6438311781229455,-0.920518050373232,0.6667164144416287,-0.8115924070431447,-0.6146837648745673,-0.804843031969158,0.07846416350660122,0.05396485828805174,-0.47512977580146964,-0.005083434388703237,1.1727716187508823,68.05028271142905
66.55339266967974,133.71434571206817,73.73386659507848,2.6426210367353486,127.29146927039295,0.46078791809193476,-4.6946806893992665,0.679204362086623,0.800335934063959,1.1423697747003454,0.3281198181280124,0.2270324237659295,0.01727820736675193,-1.708230650902818,0.1781738285684825,-0.647592785411391,-0.6090924078040748,-0.9882699991774144,156.95778187276392
33.54987463965587,64.90046864064956,37.893817155701704,27.33100169065236,481.03219796408683,44.11689622605318,16.59756634209576,0.38362987674858806,-0.38345506882577524,0.8928891587654109,-0.25024185866465315,0.06482764251822735,-1.859834695231685,-0.6916647776539963,-0.5119446976098506,1.4787381232659755,-0.5366950037638467,0.02875955354787103,102.40855508931448
74.41508706671925,147.87050153615908,81.60659466617534,33.751229007003346,364.0314357095477,49.082631707295775,-0.96355779103774,0.8543514695488732,-0.9956842110833687,-0.04184673507860722,-2.657848683042919,0.08868972136962076,-0.6921226755403341,-0.6253431643828201,0.870508419076588,-0.12231316220442784,0.2991286708794664,0.05346024519381741,154.8885338500843
85.32407367957315,168.73174806502854,94.62017538348461,1.3449921329297176,456.53715618000325,1.280924847845497,-6.194278898255373,0.35736608067102427,-0.8743145505319878,1.1834275959948062,0.021666392123526175,1.4450776538099146,-1.835599965193081,-1.2062866918034747,0.7816825549610854,0.3411852011145054,-0.10436209011388947,0.17007727662487232,260.99658317463314
39.35051540556539,74.83033459331884,42.60950087698153,28.40247024400525,460.5639380847592,42.12119149504637,3.5195693439949878,0.9857647815087015,-0.7154073971312489,0.6912100556111742,-1.6321236251461286,-0.8000605828600567,1.2128191242209372,0.8818247994044733,-0.6079201665670362,1.0138206424514957,0.08517038387205025,-0.9068526330369571,111.19806146907973
65.33450861988128,129.2703998922828,72.25852117060552,24.847585572095287,438.9336376610614,38.60070919651435,1.4333609384537027,0.28735555905964294,3.192804184664032,0.9829235403506499,-0.5842370237269622,0.41320612241904764,-0.019621137603416362,-0.43879829074004423,0.248886418290656,-0.37028045073605154,-0.19367154677145537,0.3190139039667753,139.9669604510055
82.10671043243802,162.85768115678533,90.01685221449546,39.78258746738046,360.6147254220812,57.940224131324065,-2.683580618066582,0.5399475791555118,0.3130500932411119,0.9650572436274102,-0.7771734356041753,-0.7768207194121501,0.053244703496035925,-0.6289140689655471,1.5482981817685373,0.181806416011042,0.8530633393905638,-0.9961467538558483,207.2176695057429
29.165752451662414,61.53180320864882,32.654181157114586,23.364765669381597,474.86517023422226,30.992598069796188,10.7647666057455,0.4337244848507339,-1.2845332614667044,-0.5665980757201781,-0.9425258360323281,-0.13274940962138138,0.34219773837507317,0.4572209566873628,-0.33412158117237445,-0.7762090274328832,-0.8047961260008432,0.34593473377043815,77.24008577233248
84.71929425002934,170.6789016339208,93.82903904531982,20.621918986340894,429.48428179933006,29.529371382491632,4.049290787020272,0.40586593924822967,0.4935799897058209,0.42726730873375335,0.05195740768042257,1.8731991120617244,-1.248734509848332,0.2860559027718018,-1.328328672557554,0.5636273540849269,0.5733657048276259,0.1357634618950346,229.55631799724003
22.278756593337413,44.36724256718539,26.251084756922015,32.9335356320091,170.39408875791375,54.04147898403849,-0.5663213782805983,0.019908741528744,0.2660561233711993,-0.32332357365486736,-1.6136268894444976,-1.1973326133145772,0.8292420386461129,-0.5979151357604483,-0.9571463246037545,1.1074443373832916,2.019530009037551,1.287091242407143,-16.067683465306644
75.18110078459624,150.980727548739,83.2612937521741,36.72402035454233,473.17417895985426,49.501543333517326,17.986980013583853,0.9315556252394627,-0.023606357816909274,2.0778680686194746,0.03822594150591722,0.5093003511165053,0.3116515237926383,-0.8376741532299825,-0.8578833810900612,-0.5024609568521764,-0.007493913362948272,-0.7335916650703235,206.00060599828217
48.05820986345972,96.8815753574833,53.58220008049832,48.496173797006655,275.79016509168014,72.63596645470537,-0.38565679387153295,0.37470498457266177,0.8274616182003943,-0.276288071355376,-1.3448125910117312,0.6982382203637519,2.0025653901523572,-0.469936334464078,0.8762154945130097,-0.3663487588220054,-0.39723634763151056,-1.8130164660595287,86.63492017715542
11.89667894010083,26.46322132958163,13.604771254157637,42.07364832589392,364.8893737761417,67.39245380540717,11.552108428358608,0.23967582920925978,-0.8134580647687023,-0.2798109679758409,0.9173609573428837,-0.2448779746821345,0.19451869689082393,-0.4717015275186252,1.3238766835621296,-1.4650062331091849,-1.6765702898323906,1.4143274360865745,-12.985583937038232
45.367801140812524,92.25739459282167,50.25523032806125,4.512516385436949,429.083090295398,6.956885225032352,15.609869110651978,0.9158908012423355,-1.3953871209508064,-1.511476860222566,0.1072117418436901,-1.0154950725789234,1.9613102346783406,0.4239573092900258,1.05445598039442,-2.128738260296112,-1.015167932393157,0.18644891516035983,183.04924122083534
85.70471197325735,170.5766347841096,92.0218797564037,41.01206552252008,429.76034629447264,60.38430620477056,-5.9257461366443245,0.6021159420105188,0.6349546245073286,-1.5079846145569353,-0.22542528826254318,0.0681705493254966,1.3564699887374563,0.46060674861205536,-1.2100184458873287,-1.2910779537481538,0.6639298550438099,0.7635808924985965,168.13889607604466
66.54666459187328,132.77039201299607,73.48595913330828,7.891121972204579,306.5463564204095,17.3877186906065,10.52650813165097,0.8469604298026571,-0.6967752087734748,-1.6312952445031137,-0.48185656438804453,1.0341133546901782,-0.07230473182968081,-0.7738349748819033,-0.7169345881964186,-1.72981470570326,0.20378907368247726,-0.6335765163828486,212.2646881104077
47.30467820975155,96.30658456301694,54.40471820108929,47.237857742115494,453.73657217738196,72.02160428348496,16.924494075337044,0.6471066893041368,-1.5247799033464655,-1.5562848540859464,0.656033978477034,-0.10759516055126381,-0.1832943784421615,-0.579712753017261,-0.8603610832922257,0.6165813070553764,-0.027548135346670846,0.4310456750035062,140.8298315460218
43.112813869946145,87.1705357516754,47.54495937722574,35.9291711918405,274.06349412607943,56.784506691029115,6.9444017094817845,0.11851234901311947,-0.14756182868927437,-0.6332547977099697,1.1290680111143927,-1.331482226223735,-0.2758461595291424,1.1344650198375725,1.3467026567454554,1.4376967984251694,-2.6430611823994634,-1.9223976891394958,81.08869557109755
35.46705205294285,70.01448369173035,37.803910756853575,20.42620509582144,158.37714084617232,30.055260664307664,4.707209602289403,0.9073282349729386,-1.0369344271870253,1.1092719494831613,-0.13909293901816122,0.03742839494154261,0.591828629020857,0.6562268613456093,-0.5339553872222805,-1.427253736140895,-0.3585009603027504,-1.528589646414586,98.5325351147258
76.24936948528614,152.46373839957855,84.31096620401851,2.9376156822266464,233.145016226365,5.029977017415303,19.869577469341294,0.9393219401746358,1.3219066792378695,-0.2762679903534937,-0.0033716650154058995,-0.3052028484623548,-0.03194552181376245,1.3900890973607942,-0.3246167642867528,0.9479850118513373,-1.8073530945345497,1.9029266841564763,305.49792655452615
60.36043497697449,119.36220872812409,65.61270394024781,25.18733609201007,472.1307764624856,38.92973192208662,-7.307304528279435,0.5304238008926038,0.31340206531150494,0.38766169597312894,0.5030940471871214,0.14329471273823283,1.3135874801256529,-1.3695742595514988,-0.03122687057876298,-2.2831605485301965,-0.4204580647983766,2.00332791832787,130.0338304046194
65.16384135680664,130.44130086018214,70.93382045766738,15.650515793180226,457.06872393186035,19.597669929573428,10.54701654614529,0.15126474615689145,0.8827712842987153,-1.1675666807900296,0.09867706803234694,-0.315665185767761,0.42987268297119613,0.5810136127492899,0.7567847789455723,0.17347156115250562,-0.29255739292324895,-1.0302121904690704,246.94875405222027
99.568156902237,199.6541986576311,109.55289048252773,17.826005812294248,383.6116569067672,23.257548465250856,13.833534037996515,0.8668793003861137,0.3160880120528333,0.31078721874456755,0.4268225038513061,-0.465104869267663,0.5855495832588998,1.0385981425482258,-0.3004093408501889,2.0834189654424082,-1.1364157711312417,-0.6786194887900858,308.58042194942715
97.44646191873636,192.32636138102774,106.2094862884614,20.82094956949845,130.73418511795228,31.747499093624395,15.49470792074733,0.025962168606230906,-0.6320223891350616,-1.3723762505021562,-1.0513473341613124,0.8243281582144669,1.8158973950884583,-0.5746713644329662,0.23373193138716775,0.3382976840158363,0.7128406120748054,-1.283265192733447,271.06576345516004
50.86499636286575,104.31040405017578,56.352550978060286,0.29026803725470396,487.9082055206507,-3.6595492192182846,-7.003381267959359,0.7315452173338912,-0.2471248796864023,-2.5001723591700706,-0.62509145497192,-0.29011850117197513,1.3698603567538565,0.43258856233826115,-0.14999678756857227,0.3029427557366194,2.224268616999443,1.0590482363551657,122.21344080396504
44.32518369204991,87.64255080178157,48.82701887016707,48.252465490578665,446.20620429193156,77.34907447947398,-13.48237264498982,0.779492545145722,-0.3639204730309913,1.6311727689645739,-0.28742902251936847,-0.4176361022352996,-1.062443882421135,0.06118133526111705,0.29875189805351055,-0.808188302217196,-0.21082357106497826,-0.48686507833094783,48.67475704817728
69.89682665951575,140.9758892648752,76.19804146259774,24.48115179145426,454.16521545675255,32.903489931205804,-3.0771767824225584,0.7564906434903766,0.515849085662436,-1.2794727809860835,-0.964683969624375,0.42390586541930203,0.885147898506209,0.22986627325950898,-0.6939677804408019,0.16188778853795677,-0.2264056447965043,-0.534549124497632,176.40032561061815
54.57900283824715,107.48328775606528,58.6477213267965,14.535151223919973,274.94220757240987,24.656731737287565,-14.05573845380955,0.12778974834318402,1.573232402755011,-1.0997364020103233,-0.828153782015343,-0.12100855311228347,0.38123870122171893,0.1178831615157217,0.4582067747883153,0.13341771483217235,-0.39686465642515234,0.20248434295188325,110.54988917084101
69.47697285434529,137.5643767977982,75.68893696194868,12.74301021753545,132.70782461359133,17.639266317528836,6.463132936620397,0.179552195863255,0.4128362476042102,0.9098783683573577,1.7723854147979206,1.0226522597372283,-0.39233205499881646,1.2711020136366156,-1.4304462732822179,0.415601103421689,-0.5590974111366647,-0.5508013032783379,205.91425460000582
97.00476640932317,194.89889986356636,106.50646039186564,9.254369541339768,398.811727709133,9.056450186609664,-15.746773650110093,0.5343760029816271,0.4977919200367033,0.018296222109219787,0.5376953336448287,1.003837546317314,-0.720598418726199,-1.8821545658530514,1.3260102877593558,-0.2893746993607198,-1.3834389281446307,0.11568193197384348,237.35434884114582
97.65297029545184,193.38716398167685,107.99158278693963,34.51466771777804,257.9988950629256,51.26818195273196,-19.444963279127453,0.11191250246739548,2.6416151268604406,0.26453849753743125,0.43347529264560913,-0.5306544126671487,-0.8615134018944338,-1.1644538424920434,-1.2899958336631598,0.5506596530373628,0.16192376233455058,-0.6304616889741089,209.43667903634588
37.08260826226251,71.95777542578284,40.3868374355567,1.0908414112250575,166.44219727043907,4.324584165823561,18.554674829556596,0.4714891986521167,0.8443410441636878,-1.0232949090496382,0.3907653421835975,1.2379803413511925,0.16254265543675595,-0.27947960369099667,1.409202742030379,0.06977804831612562,-0.6407617211345555,-2.71345006600244,173.82813150329275
86.37546349028713,172.53259500073895,93.60588084709447,27.715226262445135,216.30981277530555,38.12185328766403,3.641571022455146,0.6114952931946587,-0.7982288366952747,-1.660113110520083,-1.578324260513323,0.12021134455424821,-1.030561050785953,-0.18526326326270806,-0.14564563681734885,0.3316947903706103,0.8124371850406783,-0.6477295852291955,227.2066943575884
52.600417439078285,100.47363495941144,56.519718071549626,17.338205668451405,379.00577615568045,28.45895181634321,-12.31194809995877,0.3438473898031613,0.07904100024821138,0.6999372590605466,0.765645629144957,-0.4921916631213622,-1.5403382245848631,-1.150478378728209,-0.29263914912848793,-0.4422121783262649,-0.4245288992845081,1.5182555187078066,116.16045704618578
96.38230314491314,194.25590223234835,105.17167548439575,36.7292316109894,418.3890654812003,56.87403424531951,4.873695137264903,0.28245721526963663,-0.006948798557263854,-1.4830766582110453,0.45940190338685954,0.4836816786739872,-0.36310639411664064,-0.28440124102342934,-2.753017335391907,1.6052308625967482,-0.22675735631564356,0.6469858513701833,218.6110689365944
14.234440251689474,32.56800108701968,17.12211729688436,17.85219374184603,163.44218604181646,29.7711176507882,-18.721199689264438,0.06366558624606389,-1.256834619908116,0.585447707513421,0.5171727242561582,0.489882024237988,-0.04481215865887586,0.911046357975204,-0.1898776031782297,0.2440249081681102,0.5673559549675596,-0.5483312561462396,-46.674866502686086
23.60605364148865,46.32781657590141,24.581854664142607,33.474294507556415,382.56196692711717,53.09512959123431,-1.714574407742294,0.841596974102887,0.3627869700465244,0.3037148519927796,-1.3411801973119808,-1.117671768557983,1.7619495981884479,-0.6046915342351815,0.4556816764588298,0.12302912294501367,-1.385749055268931,-1.4743007398857795,12.625242202414197
91.98871934821798,184.89426189392609,102.15605631951435,22.07589550389524,302.3586466860503,32.9637326179808,5.883718837421206,0.3346075253126083,1.2594040821401737,1.479694696974036,-0.9617934202952142,0.38704712336757,0.08951083867561437,-0.7449163052240226,0.3318251490602066,-0.8514265532599338,-0.4218960441468732,-0.013318926248974267,252.22534748684615
43.51927216625196,87.09612366463496,46.943085951359315,33.24976274574223,160.64448581101374,49.943828753596435,-10.87271984279325,0.8017686786414895,-0.8779617697623902,0.5311390534938357,-1.8907866165622569,0.5012940287184174,0.2621525827706458,-0.910715561800515,0.5511787357536019,0.1042923104253784,1.8081847185695301,0.11317637083995528,41.48028818419756
94.92785562770297,191.3538452123059,105.31167058887102,49.09724621935659,165.72987268588622,78.33535204412787,6.407046891009465,0.64146575444156,0.2823600491755337,-0.19841646419918477,-1.0704791751046316,-1.1632700257212332,-0.6466701999271608,-1.0241253483697967,-0.2873461002106877,0.9725074260042333,-0.5344828385056738,-1.152152139762608,227.07185811383653
37.38907206758553,74.5771892887423,38.879365610972734,0.39511167518926915,211.91229790511284,-6.0548487052603,8.01180255530419,0.4461890507033418,0.34883023579486166,1.2044536468215974,0.3466712296452705,-1.4110768279116226,-0.6777058973768294,-1.9782392479108288,0.20060470254611734,-0.9982408007764164,0.27544782118443495,0.8011608094885971,130.85417833790348
13.327315512068676,25.027319440927634,15.557728919622424,37.0026111155285,150.40225839754848,57.95260466036548,-16.287217285730957,0.5517858513612479,-1.667098729785652,-0.22483505637516166,0.12741474398831162,0.20084976553684686,0.3867382013630578,-1.282918521803788,0.09382079298287468,1.722508360589718,-0.4332365022182892,-2.9139253416625257,-51.81094792758159
19.939771561911364,41.67649297360068,22.828210769364855,31.349476615898077,241.7893383616597,51.182658096625815,-15.010007784147001,0.2979611126514917,-0.09061614041831821,-1.0949610973837518,1.7989075071576726,-0.19344811425951464,1.288259781023858,-0.08917952899914351,1.1072323769241905,-0.8662478469630587,-1.3162046816037019,-0.2793817961194447,-10.364134060955742
41.53034215366948,82.30595356233849,47.168643592184246,35.74272341011678,368.9735208152875,52.8071111192625,-10.094666747681224,0.3278469630811499,-1.6168408938502923,-0.9204674162153127,-0.2922654164578736,0.34761395789361055,-0.4481860472718639,-1.8233886229895637,0.31189979071005264,0.17647144528248035,0.8694904331281386,-0.7331300916250025,34.73286537883273
50.15476783384786,98.64392306947182,55.56532805215768,29.41197289488034,307.57799976713875,42.265171916428855,-0.046907771688360356,0.4234221949913485,-2.1506709679109566,0.8502613181679594,-2.6856813751444193,0.17674516823842581,0.24977417977851576,-0.4993912927913129,1.0994124919550101,1.129155266805427,1.0733221894863958,1.134160235672858,115.78664411548107
87.69444918351397,176.40850950321143,97.23694351146067,23.667778086888557,398.5985224152794,38.20616994629851,18.072870111097707,0.6016002137386635,-0.42618891759914357,0.2756807470836914,-0.25809934186941835,-0.12496639601348285,0.5501449807715405,0.7912490883923082,0.8487567073452588,-0.04793974648888879,-1.7630532413723865,0.15631879354183395,264.6411627226488
22.792582515935038,45.051038955095926,24.743002722905906,44.7126464192435,455.6228824957678,68.25941594820748,-0.4482537501794859,0.12232790550244821,-1.1743615457355847,1.6455666188856775,-1.1336010783774524,0.6458853786022798,-1.966583968414614,-0.8622480557958428,0.22223923632650158,-1.1136385381825444,-0.25536373722565514,-1.3401959153239709,28.20425810945495
78.57561083485935,154.92884847301872,85.73318973749925,22.496469567425827,279.6298955350595,35.52121900966354,11.992464847794299,0.66450231241874,-0.6138099805690828,0.3915493704694213,-0.9879815686889416,0.7624161451345289,2.028800791722387,-0.5470851378970404,-0.12737896960444864,-1.4353465788941548,1.0435334331453343,-1.169456237062245,219.90550058138
61.47953142754606,123.85574775607645,66.3941988701443,28.052217753663538,149.5126445410078,40.25176652714824,4.74816219265292,0.5768555831731496,1.228581425449902,0.42386886053913125,0.4224253657227928,1.055204704712377,0.4036398247068039,-0.30559011979787215,0.5795713056811256,-0.24570963920798466,1.7455455785171023,0.20908587219902916,147.8581378162863
32.07580249512307,63.0004468337439,32.9277902756838,22.211473466697313,422.76840965015845,30.936079039735127,-18.200654241003683,0.861974335714048,1.0604899737555287,0.15612238861782562,-1.7053455296962252,1.009458233624656,-0.31680000887376686,0.7030183938231902,0.34379672535701006,0.3017359365989046,0.27432730850184256,0.48558661977695394,23.841570070470148
32.99990727862286,67.44756019473866,37.19123909742685,20.363821714598153,167.67641919527568,28.543671733236025,-18.913152303308067,0.05850178225356584,-0.6765454565856421,0.5601188829056601,-0.7557851626853048,0.4610397477795232,-1.3304509671918014,1.3218990483889441,0.48766437292873127,0.4635509298764834,0.017805225457597936,-1.3280067985738497,24.105264726577758
54.36814968120987,108.76591461715864,58.827844626103584,5.7540685941605,124.25279116134774,5.638403193560238,-0.6331396016757367,0.4074937897439397,0.21260325551787893,2.0738009563922333,-0.3089815324012343,2.554218072512696,-0.34100884327496084,-0.6702815954861433,-1.6513168910881855,-0.5910841344343265,-0.3438139593881108,0.9623185432844307,162.32806479705968
17.551752002276526,34.216487588708645,18.532640651350235,48.39557563601696,249.32208818328303,77.80754176642401,1.5014251925386866,0.4237524566155083,0.9311615848985298,-0.5787544444426757,1.1178673061231035,0.007031295609744382,0.39523957055585557,-0.7257087602551684,0.032451164342021,-0.005751541398499963,1.048611594589342,-0.4655030360391405,-23.880900107378917
63.808097635060584,128.65899646648694,69.67427673847529,17.570896015479665,352.88277629838626,23.27239346884984,-18.180610787446412,0.7391829455948568,-0.7801185924212427,-0.3264805579237667,-0.40539160292922743,0.31321189423311346,0.8149715373813161,0.9807354466170239,-0.1957321836730404,1.045382396853028,-1.9314186306788956,-1.6069320346521068,126.35307098701709
38.647354763402376,76.53664227024652,41.450783975309946,13.068026669189459,401.07760044263034,17.446711842720326,19.320877886306718,0.34162980474996485,-1.3099039595826625,0.3380871099465667,1.5267483243489923,0.1527897173692773,-0.03878111130010231,-0.05094360048919114,-2.129371229137899,0.3163211476539077,-0.48194475262946557,-0.9130967795872705,147.38209429483163
90.57413594934414,180.16745087222205,97.71422586364055,26.906572685073606,414.92209397769057,39.645949618716514,-18.762099178858943,0.8320838646296903,-0.7062675367565786,-1.3161191210043435,-1.1036512176792916,1.4604482464256126,0.4403340762072739,-0.8320655786849529,0.7550133596647998,1.5335241171486487,-0.04251518712222707,-0.12299065412163347,194.20990893425642
51.642327855104625,105.28188400246063,56.98285475121332,11.076038235107227,107.91266786581572,15.298866498374435,-5.687159242775536,0.0899665192982615,-0.643042633518277,-0.5558311451113628,-0.14677071988735638,-0.7157361037013368,-0.9490017913649584,0.0369360026781602,-0.41623429320935795,2.1270087065551273,-0.18294260498127127,-0.6600491621096674,163.95946710965723
27.647811461863796,56.163663528699786,29.767315040112393,43.495811625327,327.6408925662208,61.445790902423816,6.393536847476607,0.5657070478213991,-0.5319310056000227,-1.1758030268280868,0.48036145653360035,0.2091644973903407,0.7115021009301513,0.30815626937732477,-0.6510650384450904,-0.30588487380696366,-1.7277652253039928,-0.25232425813213955,29.705743892504074
27.266639294401152,51.81755313025385,26.385610198684923,34.6492907694483,313.17660693662333,51.903374267029626,-1.8429550522700069,0.937890368902046,-1.5148685166856586,-1.8539653285452489,2.239070884230781,0.756603654009953,-2.9732697087298763,1.341399509563597,-0.2271672056799562,1.4927652670390543,-0.9263978183990678,0.1973983130988488,46.22951898224616
78.31195431882009,157.6867021360736,85.98634464186185,13.896651535627052,268.02482763651096,20.555458389733154,-12.215674419788773,0.08180890142990982,-0.20401890808436887,-0.09886859058544298,-0.21786215743130347,-2.7558433541634817,-0.34913191294590834,0.18116384484697556,5.966031479936288e-05,0.59950459057121,-0.5228859643434393,1.3013688253945928,196.33286525407627
18.705348763678572,33.805642025941445,19.722465591969268,29.626538528956807,350.5188433380747,43.288945737076105,-15.686373867518748,0.23835921256842207,-0.18069568720060833,0.2815845090161365,-0.8914041295226098,1.5382574619597218,1.6215173132190974,-0.6005534514600969,-1.2421281463282303,-1.160086261198731,-0.9279956878412666,-0.9320716754841883,-6.746042475232624
17.698122916425028,35.87969966279538,19.709886782875135,15.663971710981329,439.0768578450789,24.93406141426916,16.764631510492293,0.4419184033184411,-0.4458179252878034,1.3301263185341528,1.377833928366152,0.6043821039414903,-0.7787098169309747,-0.3041214798077211,-0.3300019434486323,0.30426146612253574,0.008987638551593567,-0.7285246764291208,75.32314914597366
63.96182679290124,127.76672666167882,70.18776534033154,19.196001240688965,418.06587108405154,31.83192296951734,-6.4153410044546675,0.937584852246762,0.2260212780560464,-1.0767860477442004,-0.30849257765376875,0.5765505226961561,1.074486943239311,0.8087515989320616,1.6085580881557588,0.7268330019004512,0.4527128624374773,1.2239229709493185,143.58821528156315
67.362736208743,134.64291149963415,75.118859052858,36.23115182699668,277.84972544289644,54.577164473649304,-17.58035268554665,0.31166685808094063,-2.3315924272352,0.9942522845047962,0.023725385117697707,-0.863140551966542,1.2981613147116149,-1.141270222250128,0.5162959846021407,0.6868240154876047,-0.5287223799562679,0.8005077812425142,139.03176460095995
10.727365811103976,18.876018770564432,10.248135131198344,2.865882306317741,302.84314697737625,7.325585064085059,-3.117554383332699,0.19540712964915308,0.6709487705689926,2.0815054971023472,0.20090241953917132,-0.8918393591430077,-0.7602746372439191,-1.339939442633827,1.3445702691119925,-0.1533757633394178,-0.6414530669230175,1.1471641199103475,6.319465251171831
96.67584002174021,191.79861352066197,105.18327320355381,8.113999331313332,281.720837581472,12.38572674945981,-11.223764741434579,0.0036970722583461457,0.12203731427845638,0.7131256997634449,-0.526169012575877,-0.5190761525679721,-0.23877925797528785,-2.457794531915976,-0.8044938177580584,1.430930868151331,0.17682965223627892,0.6131985865763981,259.3376815730815
99.08902392242317,197.668495477411,109.14216431435307,1.5008794347538046,146.07571703911412,1.7538426015257598,3.427455697270858,0.7655327346914205,0.23621775902099224,0.06686843660970944,0.1991824411458863,0.5856640533642131,1.197451181378135,-1.0505949561489591,-0.6801618458372181,1.074485073469601,0.09047980257955619,0.1877926928140657,318.88604481026124
85.85932786435615,172.0674100293027,94.4402186427155,33.872618949876546,251.56910316607113,51.14784299670953,17.444564166735816,0.3050723780408775,0.11263001123246093,1.817523660818489,-1.2639438209385632,-2.0170206893022775,3.4490002947352343,-0.49967163242485074,1.5110079088398811,-1.3894933140949086,0.5120857671906447,0.22304292840578405,234.45255156597824
93.17399205097199,186.71119755009346,101.97376394568084,18.909776469451895,249.70212077484013,21.685229645784087,-10.21801444261861,0.04619519236000158,-0.48290381024829376,-0.4313123255578142,-1.7219461242238285,-0.3902243898648281,-0.15514462246379654,0.2922148701840729,0.5741142031750626,-1.9481252329127206,1.564909816238187,-2.1116961510639403,210.92216945252767
89.72508589930204,179.6589635113182,99.15888885813244,23.533364680035863,365.40087942745225,38.5832840982073,10.052321518189334,0.6450715642507096,-1.1730671733134628,-0.06757836188254124,-0.8591838057305043,0.19620781371943727,-1.0812625930780886,1.0966063729016948,-0.25025817927834565,-1.1414644324986056,-0.11636748518766896,1.0056171802666216,266.31623746653077
92.90667013195308,185.34143881407962,101.91825401295286,10.976314132990172,181.2001986863615,18.430222805454427,-7.760038547211039,0.8887089295467955,-2.10989827284158,-1.0151233900701466,-0.8892493319865225,0.899280679875049,0.27839248260800314,0.31310847428793914,-0.8748022652805998,0.31802313487860584,-0.9667723368688871,-0.5632714677045796,240.65594141404847
65.90132378245634,129.79490453055698,72.39190383024346,20.447638767775867,421.801786117384,29.467601098934356,-12.817370759937617,0.23379039962310244,-0.5764682140097291,-0.746609692382919,1.6708759392344281,0.9519173003918582,-1.431924424582326,-0.11532954023939865,0.5108128512756609,-2.227755419829452,0.3135262434839616,0.22303624515009318,162.13858001691028
13.445324667858664,27.29721118176791,15.541585405215917,16.462064627566797,221.08623309496443,26.515257254593678,-9.021417739795915,0.7056426376404914,3.5888498021953374,-0.04519804587230893,0.02457267158799467,-1.6407824584762414,0.11158023751619307,-0.0684897910723798,-0.5685797556005794,1.7697835527489867,0.2101750218810304,-0.9950990055566364,-18.767359954910106
46.518263548370584,90.47813715568323,49.699813217649215,23.600199689750013,305.05878922127073,35.51982618607975,-4.099788597947809,0.22692630233865885,-0.00614990229818735,-1.134256303681053,-1.7472655818140859,-0.17431177883914417,0.07664734216989405,-1.599396286800212,-1.720041609432496,0.4255267872635803,-0.24901347577199628,0.595083398874833,91.4674492805483
79.31179594079912,158.1828725365017,86.46127123954138,22.498596777373596,323.37872692973633,30.96849668495243,-14.866174368389867,0.943354001177885,1.8202751850411605,0.11086134807444735,0.46043631592461887,-0.7864417959252131,-1.3294268457031495,0.7401612174771113,-1.4262708456721354,0.9908138689873046,-0.8637350895149013,-0.20796151890721226,193.12259192950552
12.091585629299043,25.1789171687419,11.395399899314231,7.684561974273368,481.0550182886641,9.483430984765771,4.12011143975025,0.60783727149575,1.877358058209892,-2.0777051671492,0.2824610787423818,0.9544082969656528,-0.6309113946545305,-0.13890661023129747,1.0074315760532324,0.8190038295448764,-2.0243357926867285,0.6362234707164571,63.81953263507107
18.39173559418417,38.79533847173441,21.607821656796638,1.6029577055852173,375.6098198990938,0.48073892426993114,-17.220358576969712,0.9629945560238816,-0.1536207577239582,0.7120677119381846,-0.20497351699946195,-0.321065433501936,1.1311350282077361,0.42704008869237936,0.934816871207801,1.7476174472353425,-0.49521207033725384,0.31052498360815445,31.05068962553823
19.96695534603588,37.71214052455048,21.038136866174575,3.4381495375159723,482.03870625372974,6.209169416115427,-11.77291980094994,0.43220067633611037,-0.28449218052632264,-1.0986083946404634,-1.8813503150774629,-1.4350427724987516,-1.0075254326431675,-0.617342313806144,-0.31956396733459363,-0.736385075131491,0.5542950905859657,0.02594201636350812,38.893740405720465
15.75730386534658,28.587350465236327,17.529004905104863,26.29282524022887,464.1210155762108,41.856791599245334,3.0453100916995943,0.737290710889568,-0.4868546662808269,2.005027805824883,-1.4942998166495496,0.42086226432280377,-0.20053141097849228,-0.8160030283854343,-1.381866737306798,-1.1881693356450946,0.3431382900497814,0.6747699129094424,8.857495385436
90.99681582746122,181.7610739871958,98.92635573579291,45.54165477271379,173.37772756374488,65.5866219818067,17.827494455475943,0.23969525758580723,0.5495233753705723,-0.5812214435495028,-0.5760083934769956,-0.5987694333843452,1.3384238183504416,-0.7768973989011101,-0.12073016358006661,-0.6894349177719235,-3.1209268614410526,0.12777577593805586,228.8688032778053
59.754150516619944,120.30605773734904,65.9571509806482,5.2612280489485075,406.61563211533615,6.381846504546141,-9.889335272499299,0.5060645717727777,-0.3789400726999207,0.09181321321989037,-0.568878580477992,-1.564242987873337,-1.2149655154531156,1.1244401752578461,0.6199971878914409,-0.7913278524623752,0.49245428618946896,0.03327384268321537,177.73323870572258
92.54232780846395,183.53651479033414,102.8027780191625,24.237961866467074,127.29486847683376,34.224820197434525,18.00073696307053,0.1402557601838389,0.8219713728071417,-1.7346912262395813,0.09137178340967607,0.1676717701910949,0.6736784698149845,0.4927953207466494,-0.9721714976219991,-0.21508699868077033,1.500510608036337,0.7955094211041224,274.19818493222994
70.96448275888491,143.002144211095,79.15662674308986,10.833621663753789,113.77793816532997,15.300378307526179,7.8696945451963,0.8365011411517144,0.5395553310410831,-1.3258256799506374,-0.4466648870424973,-2.084882470623503,-0.663721081471345,0.5447479543009813,0.09151492242851607,0.03127813098364629,0.23958271626431177,-1.6902705703390688,207.078551335694
93.59384970719351,186.14596753145844,103.16391181740387,4.569321504249585,268.6730922101264,9.568269147712702,-12.313927209389352,0.6689494554934761,0.38035976527645177,2.033303243041703,0.5474352456627712,-1.802647312644895,0.2982963594551046,0.525904949904049,-0.41191553029595673,0.24123662616636782,-0.598747193242687,1.1370231579313739,257.3877889731293
27.05927823648305,54.78357351590847,31.168834188974767,46.94616139973711,148.3215845597033,71.0548730661749,-13.055137689413261,0.4021394897549805,-0.4014327009666172,0.9081737259224067,-0.3572556459803993,0.09466231953623339,0.5761393368239173,-1.3294334985071274,-0.2538444911254484,0.27381265755740514,0.1662667884294689,0.8307187378721534,-7.7458464880199
63.89821868361415,128.7180525470489,70.51541642838468,26.809076514564367,496.21251500315634,41.29948509709424,18.36138817511337,0.5998671451535394,1.533355764824985,-0.17986413344365265,-1.1725746754032602,-2.4088476740129328,-0.3110970558266177,-0.8427883488284389,-1.3691017144435595,-1.5599110043597064,-0.8089980618502722,1.7778056825664457,187.65821691230926
53.39173410889665,105.38757868446692,59.4905221197426,29.25184572074993,252.94855985351242,42.49313870757953,3.4987418963399897,0.9883808643616115,0.15097997764063967,1.3759532468774152,0.6850098409407578,-0.5191862418385803,-0.12766508317943828,-1.6778298192252175,-0.256621724442736,-0.24027548799924894,-0.5913917859753587,0.594942650304101,116.14602390682322
23.650352685282485,47.457889111049155,26.32920961944646,46.17045697767601,339.2300754444342,73.89291755139428,-6.852405925313532,0.27812644330813474,-1.047914896907155,-1.3267354696594682,-2.732144353758095,-0.36038394138985524,-0.49308178142698594,-0.6614407638015298,1.9160386293620133,0.2873659252989858,-0.36403208537467674,0.6498318894589212,-22.279548747436465
58.538057691355476,119.53945279543538,64.31215983684412,12.416902483050452,374.93993549429786,17.843342475621654,-4.740563177623773,0.32163699108023547,-0.10295820939195867,0.03900753962146277,0.2605330905965604,-0.27790549559373046,0.501705581477727,1.3268540419092059,0.42581321668374833,0.5249268168772704,1.1235401936535983,0.7305665346886234,136.12686658552212
84.80987907626464,170.95561089164656,93.38656319969732,3.9082256802319746,389.99564190827084,4.05512585126623,-10.203001670832403,0.17643550489732052,0.005307830509392834,0.8196979005283818,-1.3465304612477844,0.4537429309457837,-0.23873521041765586,1.7271401008604141,2.3498035169201903,1.292122514936144,-0.4863369327097274,0.3616071554552051,262.01220031703093
49.72384637626076,96.19034849675175,53.664847739756915,38.01622322048189,427.84152315186714,57.186544841469996,-4.74322753328166,0.8540422103049818,0.12550817757029906,-2.252640490266522,-0.4759231559301069,-0.32423921905167097,-0.11276222196366588,-0.7630128169346472,-1.0709135146019655,0.2489247962745072,-0.9660165850307637,0.9642351450497029,81.92365160623483
16.474568471246002,34.420219142847095,19.415370874011206,7.736222787250552,175.8503258352892,15.128641011846334,9.013815037684978,0.49145371768292223,2.1199973005197816,-1.068622955007325,0.9499150319245797,-0.17816047781528951,-1.4283968900218282,0.09391248611880298,-0.8714442818510848,-0.5401339493436105,2.1897177358053783,0.5450521177915275,63.46723166682177
44.63434103050574,88.06439370415957,48.47317931132894,21.814897267929044,202.10336676618567,36.82585421124364,0.3843345371271525,0.4886218431217949,-0.5820473018550527,-1.4302707687223997,-1.3325691293190527,-1.8562622935834534,-0.06701778366452432,-0.7420132569040266,1.7886867297999296,0.39401211328382896,-1.0217639530452087,-1.1012042637712758,91.97745780897998
72.77242802017038,144.5933382530205,79.1482094952912,22.773538509110068,372.42659374286944,34.05058124893095,18.071129817546804,0.8415158999072567,1.7117667667264074,0.13295931992805596,-1.373735700472004,-1.757230417672568,-1.0631090866959831,0.796462709631348,0.9825854503720468,-0.7045408452869122,0.3932264458954041,0.97211515237911,246.273858039882
84.67746085240269,169.324313959835,93.98423883929233,48.384171550423396,363.39442398146053,70.66916153049884,-3.5356403134875762,0.876400470169787,-0.060383300850118095,-0.4272011116311004,-1.1354564499066098,-1.3073397845018042,-0.3101731569265755,0.4601725666563265,-0.018402180334962794,-2.3062227506720308,-0.6878654623134194,0.5132930757387072,180.78254342030453
98.83229438331635,197.71013571673194,108.67779706570373,3.492074748033147,378.5266829068649,0.917917955012233,9.32168943612265,0.17063425612748628,-1.1010092926138662,1.105843166259383,0.20334805438297532,0.6003308625751959,1.0377251545597446,-0.3481447998710252,0.2521874872052703,-0.5891537683339629,0.5921442722271191,0.23007653837213699,318.0090916711436
78.32482164554025,156.39633977849815,88.23424565098273,20.439620107684448,350.7349518328052,26.372010161411474,-13.354954695758284,0.29312558536013256,-0.5788997088980372,0.5593831800215376,-0.7263612711430945,1.111067248717613,-1.4803978115709717,0.20692447468313682,0.2861079555254878,0.21010024088921317,0.0013611289325312153,-0.12043231129998863,162.20612661082555
62.42009037009362,125.74014708017675,68.89701290975506,26.11672721497213,102.90478281875193,32.127379670016694,10.454558809350665,0.9321283808792096,-0.8938766356889831,0.15177464122726925,-0.8695584824337386,0.4128352827864752,2.9859044352318027,-2.465349280371143,0.9701330929542669,-2.1723199521823844,-0.4960086220863105,-0.8396471098910748,141.5912583917138
15.151738954912533,29.19677281045435,17.03883184653478,5.00886812921042,282.76770374340265,5.974545853674093,15.518822051595784,0.13886302728712874,-1.6168336913707868,-1.2045934436042804,-0.28537818988972985,1.523682503702961,0.38102909748756525,-0.8797212553261298,-1.079471424384434,-0.9928547343065823,-1.0199113579547918,0.16022829958813536,55.2825466024465
26.914144160461564,58.83676422755185,30.890123392841524,40.630952388861616,106.65212164454844,60.36025943650975,12.30231247419507,0.32552519945747715,-1.283464572238823,0.4684061973120494,-1.1149812645065886,0.8083144923592267,0.9217135643139369,0.5170918451880218,2.100543744072638,-0.9646302268408281,1.9659101753120343,-0.16253483902999935,42.877865088673026
91.46824858368198,182.7719505058553,99.73557509193739,9.753847759940465,157.26457795458649,10.75395842665165,14.27210441728402,0.5046366157512795,1.2395062975536613,1.2848959530571964,-0.474109171476776,1.4181646353252808,-1.9436236621179885,-0.614642585626472,0.5354271247584008,0.9463267224891162,1.101635569438485,0.9796024309833279,291.081807983703
31.681145220265083,64.16092974725838,36.713451007232976,32.98725511875339,135.7727262540748,45.115027646972926,-13.590588888822953,0.9289673591144442,1.3959758645651026,-0.9791634061719798,0.14284555235006963,0.7585553622889758,-2.110860911247824,0.31664420264801896,0.3865065522420035,0.37737775646899,-1.5700678988187986,-0.34622434047589334,25.66438694223639
18.13975789843977,34.82917938281432,17.62531469744145,46.588997757424444,406.5349546785578,66.40616447536853,-4.919587102482584,0.7174427341145859,-0.08612384549138662,-0.9767218610179937,-0.8057922102244572,-1.0006571993807505,1.1245454883773405,-1.4284901011230031,0.08202871646116622,0.4890464285719896,0.3681899382115186,0.22620135372497668,-38.89530102720725
76.65230969561668,156.35530741505718,84.59767751977591,5.8053111928846715,247.0948103887363,13.210024062665559,3.0766736677044264,0.0016784914642491433,1.146103497384467,0.4695507698283515,1.6013503097189283,-2.2901374098503675,-0.4038605211959721,0.863268402811641,-0.7669212412622454,-1.6114131239553917,-1.346284705302881,-0.16793912126744923,205.94523519673163
29.99274015123198,58.0177859232703,33.16176771751049,23.03013850596779,157.88031463667141,39.89741617988326,-0.006693398958169894,0.45578453054596,-0.45125015557940773,-0.3342434394288359,-0.9117073868285097,-1.5493950149753146,-0.39365226651182766,-1.2930694951427446,-1.101577203116066,2.839901260722455,2.423031062995561,2.376707858635963,46.63088848044118
73.58700410766508,143.45205356867547,80.08464293353822,24.75127625893619,381.65619065313246,31.08497622813328,-6.674218132286601,0.8278846943137519,0.39789135465986186,1.5748448559478059,0.5753570179122708,-1.4420914837876935,1.8945875521761544,0.649544239899424,0.49874091390054265,1.0431609604537093,-2.2431911364489263,1.8132076424558317,205.06131900227803
69.33252798105681,142.22959320856552,74.83340709448379,27.397145477043676,234.96405906211572,37.09696541319535,10.308567402172898,0.39106309467422373,-0.8033108243953533,-0.14199229769492655,-0.21780143179345035,-0.6217857853549179,0.6194143003204537,-0.7857007533187877,1.1366737185729123,1.2242451186413323,-1.5825929860790227,-0.8750127359541845,147.92668357805536
86.48287485623202,172.41009284858944,93.89392076269048,8.184723398520577,155.0243837889544,11.448232429513077,-14.207084712455767,0.21813647303252248,-0.016570168795279634,-1.6303939865117603,1.6063714391365307,0.09227695157508901,-1.339015548807611,-0.6895068905401615,0.5636862951533773,-0.040857401573066214,1.0046739752791192,-0.32366189945033386,212.67078503376933
85.74940819397614,172.3021581222062,94.36381256465165,48.70793799827835,171.85315175373313,81.0155377050468,6.003912192131821,0.5933923902647303,1.379024301565361,-0.2655155297710126,-0.21658194229583566,0.14919886943134472,0.06650722160136745,1.1562372120233078,-0.9445381067499885,-2.3000801560083266,-0.5563610856079166,-0.7947699069556227,203.62672203350127
72.2615364879724,145.34678225810745,78.32792646574096,38.88654055583245,445.9583157843207,56.91879193506447,6.127818955516304,0.3673230559498252,0.30276626404839124,0.2843178270635744,-1.4832033872114792,0.10062993399160568,-0.21544710158087002,-0.013213011738120095,-1.1692157024986398,-0.5771893520364989,-0.24564922317537033,1.6356833167035916,163.21313370427276
81.49093429266743,163.94736021835163,90.97418265626004,32.22983244908488,273.46259146441025,47.107635974840726,-17.46006795353647,0.9088805233106798,0.17926105131041656,-0.6137829542869749,0.07685573557540452,-0.18433964009166845,-1.1638451761216513,-0.4277887030842558,0.4411210785041726,-1.0707357082403015,-1.316411556984231,-0.1570751465395589,159.02967199881508
74.23742118250195,148.73129984342245,81.23956295943279,37.649409550228626,486.27241748148913,57.98933495279493,3.9641042635488155,0.17993755642566078,-1.690462394710281,-0.6052677300724304,0.3758843852617967,0.36676293858374787,0.16102285219176185,0.570668090289369,-1.804226743778335,-0.7472848455286534,2.7285184694621543,0.6099911708923268,171.916295187543
55.55334796661148,109.46528003672911,61.564328533240875,21.15256636481847,478.0913938825111,34.26569438773518,17.848584635792548,0.5194430716679953,0.300253188800929,-1.4361469464088634,-1.2341268332309472,0.44501135242641326,-0.41123438987980065,-1.1445370298329478,0.9281215124646743,-0.0817383338431424,-0.6666383689246952,-0.1631921520215719,178.85124084082562
18.91082182255036,38.44615629996554,20.32310950397289,9.403682552899168,219.88369183565726,17.845365876412664,4.0857754802914314,0.21603996747570586,-0.3319254994592724,0.40606181239995365,-0.28262757308117764,-0.2732410965186247,-0.03060447670343779,0.9802513170759038,0.8312535853667098,-0.575210094448973,0.6634441622905851,0.3825992762260007,24.652939783172698
48.2809027628447,95.71526003545263,51.69048258586968,3.527902301240038,393.0699594897022,9.92461107889251,-12.294903184638928,0.3721422595057051,-1.019352895244877,-1.5479571297501333,-0.8245524872180285,-0.6391296501997838,1.7815250312245223,2.568718911403891,-0.20949697334290565,0.09281105245080006,-0.3195735919565766,-0.24343757504810626,126.08846248289244
21.215910150351483,44.37494515868113,24.724083508431388,3.2979679589560273,356.0709955959742,3.187716860951494,-9.069879905483237,0.8688553705669743,0.021356844509249493,0.13917068759543724,-1.886900456730483,1.8364591293535169,-0.34058261122877354,0.32538086255641635,0.5550667835842501,-0.28003296439298314,-0.11615766959266544,-0.8477372162183013,61.950281023046614
83.9208924219894,165.39292544524127,91.65830472673974,35.0227767870419,446.1593397915265,48.644702114530496,15.862809731949355,0.17074741660055803,0.9379731114437074,-0.32767040749978116,-0.925783697177226,1.3590713013597555,1.2069400730593571,-0.24599126352752312,-1.6126366185562198,-1.0902825604564315,-0.5169354832247943,0.07568666615226953,227.84266303951625
10.854772193724292,20.551009345232035,11.543195677137605,6.318417989712261,251.52026584017503,9.387189524216558,9.016770910976373,0.9744998467724821,-0.19973167601146496,-0.7301395835224546,-1.2150536821733493,-0.9886126002781818,1.1947487471812077,2.673100573742625,0.35418666719859615,-1.1268465227978466,-0.1706833257121165,1.0427265015651324,44.33205467429227
94.75093085066983,192.1977949967043,103.79091761568428,15.25937156216623,443.16858973187885,25.788085876215074,-7.490523503647566,0.0901405933102718,1.420535463776831,0.7748533673053261,0.5650775219384153,-0.20397421464062152,1.5432529196256664,0.5821664630576966,-1.0984668345257775,-0.3889339769931354,1.8022017104354366,-1.8169151683751765,250.70083689957187
48.15852612952124,93.08176016173154,51.91545619887045,23.982797375993876,306.0045948181207,42.25217754499177,7.9152781142865365,0.4054714516840894,-1.637699056280232,-1.4675246386433716,-0.040593557813367466,-1.5820868510611568,-0.48845806160538263,-1.59101943017165,0.059446096827053596,1.6379275942072749,1.7740513115836463,-0.5657414597199574,127.85372327153274
89.22987062517348,175.7608010146918,97.10230966037437,30.368677321319293,485.8589535013805,42.72108780550738,0.9406566333170545,0.22506857793639745,1.7034126035726809,0.8695825042090402,-2.459354373833163,-0.2119832239834745,-0.8634538909746305,0.45563252694173845,-0.3429022084973278,0.35037872738958387,0.650214392357114,-0.389819722669471,202.03967671204958
58.520766024067505,117.14464992620101,63.90561844599061,14.958899648161484,217.41801579222314,23.56765346016809,2.7536777834956254,0.21746319475066933,-0.7853664051824296,2.189213187311126,-1.1644171952221918,-1.4623274358855112,1.0877067784155257,0.24621243520695105,-0.8549353719249856,-0.7803768013224881,-0.852547455040839,1.088550946090418,187.3854213588543
39.56966211536198,79.01582432316746,43.570339886636255,44.509813831163044,174.46308255811954,65.91795375336554,-0.3181552298234607,0.08474377936941802,-0.5754073063095951,-0.05190745325309034,0.823408859438189,0.8115196884173588,0.8170596623277114,1.2125703987524425,0.15010013333898356,0.9918216298959872,-0.3222809956359779,1.007254606403882,51.935744260005734
26.39638363032389,53.15460188318869,28.70026831006941,21.928603446587786,435.7429845313928,34.367554554782906,-2.6415938121646008,0.359236746159019,0.4569046266705833,-0.48341544077311815,0.10625384044558518,0.2662482971519779,-1.3013582298948334,1.0153958157157423,0.4804143572942198,-0.3444604596246097,0.35990463625299535,1.0842563483257612,60.06918166291057
69.87186058211014,139.5364687035463,77.83730182298925,27.506183644968118,419.9280341915383,40.668104052569596,10.575708383422338,0.8817665308704675,-2.2675603148493075,-0.026481361608373635,0.5477702483951933,-0.8275074442425587,0.3686745572019048,0.30395294545244184,0.5763534464782991,0.07705344422942864,-1.707846798634213,-9.994851067429766e-06,181.69074041928573
31.28544416042853,61.77403238868601,33.35104802896423,48.82192633937553,394.9726224184897,70.96086595566896,-0.5628302447155455,0.760899897135436,0.00814197179558453,0.5751977912901068,-0.755701650743484,-0.053458041751225455,0.20962576792643323,-1.987136722352336,0.7533803057032844,-0.027196744745747934,0.2854765034646743,-0.6006873972506269,22.723627796009996
73.58148090872558,148.30639015273658,79.83741144878952,25.11669718142615,172.475299801436,41.683302249644996,5.3790876712578815,0.22938419223175333,0.18852073758751872,0.20664836125402217,2.296450248890529,-0.1387042908389778,-1.2386450866891667,0.6184007128266562,0.2720471956311861,0.17489774103306607,-0.7144204057942461,0.47059078014819544,193.80346686688355
66.99789776065342,134.2065905484086,74.66002191963402,23.959761880841,303.9454770895029,34.359074759675984,-9.230156432516532,0.28055594073980106,-0.6170491205416395,0.8378991849230559,-0.13263214833278356,0.28259064690939834,0.31648650502247355,0.08314727967988975,-0.022744859853191187,-0.6898841013615852,-2.153262556178928,0.3819673103307464,140.4440424973741
19.068552991611334,40.07512964920512,23.789907802015946,18.17906213338753,221.74267802097978,27.676801418143402,2.070729068059812,0.8619742701225585,-0.8031526913681826,1.4349414905161917,-1.1188622832892654,1.3287581889567297,-0.9481086415984541,-0.17384531840378614,-0.40275284510999515,-0.5561646547230115,-1.5587465452599274,1.3908548299786019,39.482418109771174
21.743686472328573,43.440216458506775,23.398026461962743,29.32807280433557,464.87073267710616,42.88950417979751,8.186402155688342,0.925500639517884,1.1210715267868279,0.5701466330086804,-0.8859905379500637,1.3414697182460524,0.6703606011196345,-0.04367853416627683,-0.054667011846271166,-0.29429766102085086,0.45289584142619776,1.1807222343064316,35.06885877297328
32.727295683643206,68.26199856941206,35.47468254038975,45.34074237955586,490.0504629234658,70.59606552339972,8.693034981915034,0.9108491795966458,0.9492330228446778,0.43009305566991674,1.0754886823617889,-0.4951326757496067,1.339414797014939,0.18526264377854446,-0.1726727175178307,-0.4962456405705552,1.2400437844205696,0.3640308350339138,38.71884137931374
81.49513421597078,161.85391730218532,87.76204423543,19.874691402549256,373.87771169087245,35.300587747904196,-13.379271197991095,0.7507277914082882,-1.2979497389343115,1.1566687317744995,-0.6464147844858967,0.4643999135517296,0.23769906598133503,0.5405674825129884,0.310327588397367,1.5132435124646566,1.2827095209073613,-1.2174243406767717,165.30034011723188
50.98968882369695,101.33911491418507,54.71899445076005,15.170508568165852,188.13453106988572,21.76977617755472,-13.155636124631926,0.04561246584032319,0.020888815547868353,0.28162762088334886,1.2385992841527385,1.6635383311718903,0.7125799605274027,-0.35048969938905733,0.36207584688760275,-1.3876797022010494,0.011606104639177989,1.8621808596762959,89.75109959472562
58.1135431711125,118.07500997740937,64.48740215739707,30.257976789853952,247.6440647976454,49.45047459702746,1.9710028958434407,0.7220795909584432,-1.1532800073003941,0.7488504225592524,-0.15520719348610845,0.30634540396249565,0.7501044402046643,-1.706197787110726,0.4971895591981206,2.5437486836594903,1.1856597672358236,2.391082296281602,145.48666574543387
58.36498252420561,120.1700350445567,65.00260847899646,39.02565933140412,142.57709301293548,58.460271108270305,6.1529887489513015,0.8700257884430113,-0.8408746211265967,-0.9454366311105781,0.28792316268968743,-0.6447186985936608,-0.1555317421087816,1.3110109083758432,0.5933328166895551,-1.5632855995507353,0.40570070963281274,0.6021770280241983,110.29562863115527
75.36575115510315,147.806490466936,83.60914796031702,4.684553107604822,172.6054175477925,9.398636652609834,-12.445603141290551,0.4905183832597364,-0.18568940279077017,-1.4322337290219447,0.591171812764193,0.0786379460033993,0.4391432898527469,0.899752817995971,-0.2956387036173356,-0.2378351336854659,0.6746020258947102,0.328115358611877,228.64381652704114
91.82179494247352,184.54694099227095,101.18995127015276,26.338927498940855,390.7058499766713,40.962187728894094,-4.884994809630353,0.020715915486481107,0.7856826342154858,-1.505276808600619,-0.18407842554952356,-0.23572461682172569,0.00435035711778272,0.41782294190400265,0.8776182062140807,1.0973614106496443,2.595274954879836,0.22061764830607825,212.0412878035993
96.18559219874041,194.93389902113606,107.5842680994328,16.919495855540113,382.98230196525213,26.392357277408298,2.51404937874981,0.4443261982162663,0.4660419762668449,0.7674696336223565,0.19146392774186471,0.27988578060321867,-0.5005374314269783,-1.3131728014748554,1.3359181792426125,1.3039950703727754,0.6699988757851894,0.5051281418516966,292.1898937324044
56.038817463674526,112.64958473003345,61.34085390463205,45.60834811043469,109.60034795604687,66.89291259538481,6.214583899630966,0.2258843922741034,0.71418533566216,-0.6792439586666326,1.3894292253975182,-1.237040076349818,0.4637610833984914,0.39562936383224917,0.3566739347810464,0.2955787640589749,0.9043584680218593,-0.25751662281882054,109.38645147369007
65.41270911719822,134.16154526609398,74.4890223585645,45.99368016600769,458.234596381625,67.50244163789908,1.2192256256473222,0.599611484865587,-0.24477565107712476,-0.5154032768050206,-0.42082195673435774,-0.7353445938411273,0.3812001427155342,-0.843380882435247,1.768863656503065,1.3529915055535453,-1.2240220027317785,-1.9759481831763772,124.31815806373798
82.96474733672007,165.7375825454984,90.81676501803594,0.10893824015332787,473.237979346661,2.769113643273032,-7.189759866064733,0.3905995744965627,-0.3142547811392696,-1.7264312441728682,-0.3699036449734651,0.05043686356548501,-2.236200001642429,-1.1901821982437137,-0.07749348769202634,0.4284843262742979,0.6332777246971583,-0.020810968024724326,266.39781072056815
44.65156578820041,88.41708687549374,49.80298218296445,34.67104173185261,265.57773829025956,52.73599115256952,12.085637135514695,0.6539542222142585,0.026775471443562376,1.0412112164147642,-1.2351717843339949,0.0224910370722625,-1.8176362672549524,-0.3761098670309476,-0.9873042463428942,0.874543831782293,-1.1581468722005561,0.619362771974457,93.02016897491941
72.41490574938274,144.79619673785416,78.08798193623402,11.759653449695346,101.14644230389493,18.197159684316603,2.334978721715906,0.9576157713949134,0.30810172440307454,-0.16710824778568148,-1.135975874254707,1.5770925782939509,1.2381054064293109,-1.3732177534140284,-0.15464106781515494,0.5360817489919205,1.615056207373931,-2.128344592781782,207.66339605967949
92.16585180086588,184.5084847864685,103.30914093828541,2.793283293767035,155.12052511345087,8.738401569163878,-4.901568671142602,0.02634688240380978,0.9407341292442191,-0.2108177955843002,-0.4432458932393108,-1.4061930006478074,1.7050214760808142,0.8522226701969724,0.1700279810893783,-0.17997746102873236,-0.26874734833171454,0.3038927155377851,264.24120076117396
16.93587669076765,30.546182364675182,16.8597443336802,7.485861243835723,172.96980461408117,11.027203542209007,7.9425570216076835,0.29950769595939286,-0.7705731265963779,0.4787425773706831,0.30214527695193344,-1.5116929995171924,-0.13330696743783207,0.566716739373098,0.18753575672448064,-0.1735592922273245,0.008421092716510238,-1.1829829958875724,36.78939650363319
10.978081864678568,23.45481320402005,11.21522604665164,43.79882568653542,321.6623685103856,68.92186274463982,0.07489749969063908,0.709352815354726,-0.5181507521432606,0.2694874983964133,1.1968947535770278,-0.2040721731727563,0.5121108081458221,-0.07148526028833213,0.3297182625571883,1.3496026829126768,0.12368322673369822,0.625007112924169,-63.85074076192602
77.13961636900056,150.70251704946494,83.08165918283609,40.827941779951225,287.3744382781275,59.579421450115206,13.090147191426176,0.16482435952627394,0.47441468383964763,-1.3621700550426006,0.16303103301566707,0.45044224472678523,1.2003593063704623,0.6385403529377072,0.13606516488490028,-0.1959228345731111,-0.2510195426575827,1.2234686078002708,214.68096584341555
15.878725044964956,29.00226130813681,15.676876091832167,15.456005628311559,320.676550870317,22.68748851538458,-9.233279500889973,0.9766631466904488,-1.1827509304696902,-0.5100302878628244,0.0764693778828568,-0.29608476199381467,-0.946302518686411,2.2026948134163713,0.9378853483727223,0.05001169665758991,-0.20374118388086063,0.9868831575493144,9.822493437567779
27.539533587563927,55.116302065748165,28.696356269547866,48.6925371473718,381.0627242168379,75.55051004676014,9.658053667419672,0.10100288318229544,0.20164051932230287,-0.5336836175866589,-0.83771574758704,-0.5110064514193728,-1.6740713576535466,-1.0094242405463425,-0.1429874806535065,0.5551703297471298,-2.0250180985370356,0.47801334977531906,35.72151470175645
18.39617785627876,35.97446996904464,17.95375612236325,40.37380169386407,361.68805998820847,60.77050830955707,18.54669436860678,0.5163007974049364,-0.1935267653949173,-1.438811491925028,0.8275310958318655,-0.3879646041166342,0.20046906136245946,-0.8876247483722558,-1.2578193168886203,1.5143036839997919,-1.9088285593680412,0.8850559893395604,23.015620078946853
79.67575007273713,158.30984257260187,87.77489824145327,30.51936164754519,129.99931561355487,48.20640228094814,-0.09908703046857426,0.8047264442961048,1.262872271351314,1.5788115317757885,-2.5204435360234703,-0.7690849938397684,0.08383571539638901,-0.41878124193108657,0.7203771254155533,0.483727352656991,0.543259274303029,-0.23892494270050907,208.7404099788466
35.21055900965665,69.85612367915556,38.88941379798084,8.959312629198662,408.7762041710053,13.269485841540083,-9.758947860256924,0.8766578692350192,-0.3225639534599325,-0.4456889580625829,0.9230136906983792,0.9111002116220752,1.9184702472884634,0.4873488115636411,-1.602410349098698,1.1498329374756213,0.4559091061023555,-0.2614140391266537,100.12586770821267
43.00590393038937,88.77838380943004,46.09649233509158,18.684154780019274,372.8803587353057,25.685046463137464,15.021458265557335,0.6825555864175824,-1.043709649779667,-0.9877099807087995,-0.042154511436880614,-0.7482063743157606,0.05465703777703852,-0.11385045687177484,0.4999319208963726,-0.6609919849553803,0.5505355806952128,0.8462651240873857,137.44948487268314
16.56808093245786,31.43553591146047,18.43428245953487,4.675156008056536,286.35103842165677,2.985889152168438,-1.405880120659159,0.08582254633511122,-0.2551693196143225,-2.218973107988381,1.5111421597538552,-0.8002210547118092,0.27871947931733043,0.8482070696433069,-1.3776556098710508,3.062198806628213,-1.550919732266703,0.1338822561990878,24.07762338202371
52.85975218034818,105.6204024418425,58.39097578245951,7.787055875559773,287.9870180651957,10.003293966642914,-18.747069839295527,0.6010774133667761,-1.714345385135347,1.6041136821165938,-0.683611035816926,0.8107397083617613,-0.3288075992556972,0.05545150072977048,1.668207484093743,-1.8213319097957212,-0.32104235019435656,-0.7252152823997304,107.66257252361902
67.21185636408259,135.07933383648796,74.3196989066227,20.253424004356972,219.3347211890694,28.95111572622133,0.9911177200391563,0.669644399680744,-0.11178068451277236,1.880927727889263,1.800486211679967,1.181747370277024,-0.9141606882178751,1.4008819151165082,0.4742222926250936,0.7965258270506894,-0.992424190209385,0.5529120267567291,147.02662266275885
71.99474439432595,145.63352796052217,80.9952089130478,17.734618824943084,377.160574705353,26.276803485510474,11.322894958787941,0.5971286386144159,1.3109791129565636,0.6973868543528213,-0.6578821577803282,-0.59120591157354,2.356229676921831,-0.2023124583802315,-0.07351020362553724,-1.6320738875284753,-0.231817344278271,0.5220059184460156,220.610651303572
51.27931605312039,104.95897193743659,58.72554530114991,5.68034380376965,487.99044988735113,5.493625488786977,-19.852924350429,0.45055896746608415,0.25685930931113,-0.45025112831183395,-2.508705445236088,0.8268433852391894,0.5748219541093749,0.40370063134951234,1.035012437767476,-0.13715308539233453,-0.577638738005112,-0.1721032531255494,128.76102300779104
43.98009143361713,85.10762198178827,49.535935547052304,48.58722525821188,330.7345716807379,78.35886733135868,-19.352349250929215,0.8966549136263535,-2.0113555454369507,-0.02635368204754571,-0.4530074754211338,-1.374124862692617,-0.9888632144228949,0.2805827516389419,-0.7490247257969906,1.0013863202019033,-1.6840618071789317,-0.24691300297514468,19.87321979418382
20.204199950183902,41.3590553407663,23.454611735551477,8.844758031052935,337.9567240555797,10.431559785043026,13.803664344431638,0.6885506561419504,-0.7539841030465221,0.312345565253924,-1.656077786615238,-1.5625491624823555,2.0416620231331506,-2.5649730895546643,0.16119508159861543,-0.43957521215796513,-0.8161604629168085,-1.1177943073755505,80.15468593586817
47.01516977944058,90.69265820673618,50.75308536666843,46.361445465957274,139.8808289573346,65.82551454623595,-18.694578508225046,0.289904459206054,-0.6236856513747707,0.33961093904550455,-0.9400370785584761,0.2754782311005343,0.37772814970976376,1.0608826525779147,1.8585498993509835,1.845529784354194,0.8851544532233577,-0.5307920318770276,34.812260940029915
83.83761777011563,166.73477217813362,90.3638298439359,0.38025674954682565,249.85752040802254,0.9698394172847284,15.184286433065488,0.2644990705504766,0.9397762526008147,-1.5125012508081248,-0.6393884853404115,0.3796720617187228,0.8378704555743234,-0.6072436454295584,0.5743127121318761,0.05621898752920822,-1.2976899866059508,1.3074170914028709,303.2811388314722
83.80309512251681,166.14402835864837,91.21397585064683,47.958029647241325,497.13164994126464,72.35176572935812,-12.293583865085868,0.6444343581297824,0.8517269455848258,-1.5832870956268985,-0.46368564319269995,-0.24682951523719382,-1.8036145138223494,-2.079101522450251,0.9987413635978624,1.9216928243695188,-1.0662435359090652,-0.11620296753003047,195.80501710510595
18.962013154493544,38.672753205671604,19.95888972019732,31.57205342387175,413.71251759532737,49.683967725044575,-9.59079508860771,0.5529055085707691,0.6403021426486254,-0.21384316761275313,0.8936355614839524,0.5931804463610403,-0.9250100416171132,-0.9714202425052123,1.5442587022355265,0.2727002412526979,0.35570793742413254,-0.19382567186379265,-23.427117550817655
44.41643642094797,88.78197446262435,48.314476682075224,22.68531308861939,352.60071688172144,32.63248749655486,15.916369623468881,0.2969225063460239,-0.7316681360882582,-0.16556227186035294,0.32938062973504706,-1.724968822338692,0.18749512843224111,-1.4553704552237026,-0.36522506902755886,2.3092433960884073,-0.992985968433516,-1.0238837271604306,144.94038800542342
62.141911819759855,126.04927395446549,69.55651416053394,29.79472209613186,142.83066136191897,43.40298906227889,-16.288914359396273,0.49424505118000217,-1.229699302348773,1.4601579074368576,-0.8992208101102651,0.7363162912674842,0.3872412261386124,0.053765219797950195,0.38544103709361127,-0.10098783937265193,-0.3721083227971072,-0.8957437147559564,139.2344605886038
38.22264423235998,79.49482779890278,41.96915206606665,8.990321792198335,104.05611665141036,15.167977904624637,4.2661943599012275,0.03145047364538256,3.1490354582707827,-0.4801988804003396,-1.3727606815843847,0.1392473284446283,-0.5623901241959236,-0.16908679143225883,-0.11917779241994936,-2.282323610246956,0.086087173030743,0.22932640182832043,131.59725400515882
12.073435758199855,23.000104461041865,12.894359832345492,43.34371289793053,145.91538279823175,65.56644486864582,-11.209555541443006,0.7277438990146049,0.7334987195896716,-0.2912227787535715,-2.4583075512190926,0.28587282435151656,-0.7350078827551594,1.0312340850353925,-0.45456934336018456,1.5899295289462114,-1.1985709172660084,0.03162403367834937,-43.22328880518383
45.994793646121984,92.4212497214783,51.301023980785835,34.35287283585808,454.9259564798955,50.947747947097746,3.3459302166560967,0.7664488672284698,-0.6708981092384301,1.6463962020759197,1.108331370300924,-0.3313697589650228,0.778156122123936,-0.704880427365185,-0.03375919388640042,-1.839382493894296,-0.9794042919723208,-0.9540250070449342,111.63882571344443
48.63816781323306,95.5103923291154,52.57591301470514,31.63492337589774,125.70650115431361,47.84301128158771,0.4542724052261278,0.5868692428604384,-0.5050725457256923,1.8028330915487287,-1.5867639793811408,-2.0482460130738933,-0.14773721882331242,0.19740394955304533,0.3763320739033805,0.7984988977049708,0.23915444977654238,-0.9101337045428088,100.80600885707287
16.537629808236463,32.010643756298656,17.067666839859402,38.97572767527882,148.9214420605689,58.27803907367513,-6.845224435993309,0.4653766272028479,0.600171438632899,-2.0542639460442556,-0.9139045274992471,-0.37278282165794174,-0.9821111526085611,-0.7306757992012559,0.6442348578885793,0.48637022353967957,-1.614533707235306,-1.3002342291006015,-24.23760706955181
87.39213750080054,178.5512850005054,98.21852877591787,21.08750704010275,402.48048137189613,30.54249719399233,-12.115069910985312,0.802725192114221,-3.043403458318038,0.0257971610160749,-0.45301215892212804,0.24447897111270286,0.4230439461236201,0.7827397829992262,-0.9714311278369544,0.879953484898956,-0.31370651494796653,1.4019148366776282,225.03809155048896
87.04927602274928,178.49172870369856,96.9055953252016,14.21829094404654,436.65714552060825,16.10005871092805,16.721379318092374,0.03912024451337648,-0.2329782137246976,-0.299481109645185,1.4889396825804937,1.0135218388647422,-0.134046575215799,-0.7901255624937628,0.023460144993446286,-1.0110633052616331,-0.8128506932797162,-0.3010386415719278,301.02397407243546
65.10885822949223,127.7974736965663,71.85287393230314,22.72908705969774,439.46892512171604,35.58764596068828,-5.043756682365018,0.6179770015384526,0.30781451055758985,0.057293171928940026,0.4703400857606572,0.030766461689692576,-0.6741847498042436,1.3683602152978955,-0.5616325934131362,0.2401861176064022,0.7792911053328052,2.0109528822113414,156.55208850906916
43.19915796409015,91.34952942021435,47.27338136097741,46.705517801732285,447.2059489860862,69.73832464188418,-15.56785611867804,0.9471448608062423,0.7963112689403228,0.4060066952611825,-1.3894410275760738,-1.190483984935601,-0.07625938544938765,0.6063495734290469,0.7203195806976002,0.8462169483102044,1.3955934365423186,1.4183791903258378,54.58526115317537
77.77313442954217,159.50470699413572,85.0539742817913,20.664695887604225,278.71189614604486,33.637476971982935,3.1153888934632548,0.6612689755119668,0.8717359647064049,-0.1305026483574264,-0.08581749867368706,-0.7103268815678954,-0.07265278109492262,0.8350693608555584,1.1095966517438813,0.6356247338002063,1.023954945472878,-1.0517051266867685,225.70139239090892
76.1741450952568,152.56885147768725,84.24540643853254,48.588260447459575,124.1067713870867,74.96891565287088,12.740457768756215,0.18791742986176585,0.5418067133073632,0.4177371256439237,-1.0319400918227448,-0.6596567511738602,1.0649973146078238,-1.3130437503360273,-0.41670138996537714,1.018191052287477,0.6722674235735073,0.9759500057898725,174.88912341433885
92.27127381939773,184.91311767107084,102.54212946348197,48.75323416755791,447.14351481341737,67.92779156426937,-12.481861094045845,0.2778384344510285,0.4397956159336443,0.7351557846295383,0.9886217615827785,-1.055012951184872,1.2294436868280985,1.6329676221696643,-0.023181245352511454,-0.7414964807348313,0.5062393827946156,-0.39729491906723835,175.83148867813088
12.572762465936222,23.991042700218852,12.549834761952452,13.278936266275565,470.7710878560074,22.67210712631792,-13.975198150596619,0.5021903919491799,-0.3301111280127115,-0.016455025971896717,-0.06418120010379717,0.4491625874634159,-0.9652038318326874,-1.3045804581035207,-0.7376696167758816,0.39005168640421867,-1.0995226621226157,0.7707764670122131,8.315308066446057
57.660647814499825,113.19060638754848,62.830260182508574,34.05802624295333,358.53794291300846,53.12972359687614,-17.87448915986465,0.03568795751952003,-0.03745423398550821,0.367189449469189,0.5770281133651389,0.4249791986690658,-1.1548489703575981,-1.0874934875357807,-0.35963151006684096,0.2903217053786882,-0.20745137031132646,-2.0468596191862694,85.40646007520823
34.14402547899968,69.25251645203885,39.53550770553573,17.38165566209674,215.19701989249393,22.057898789716873,-16.230297331488487,0.5032401525063994,-0.3485063899056002,-1.0834975624560765,-0.7419043673611557,2.0476223795997828,0.062161279598084644,0.8678348621683097,0.5837572049940002,0.2722559567633772,0.4471963816794998,-0.3254689582665373,34.1033724395018
11.146134510210334,20.511751394638292,11.869886363879829,8.875752603400816,205.53287530320142,17.318568068607576,14.12358671716865,0.5940051552067968,1.2987616078965565,-0.25163158559793447,-0.7521117560000978,0.055355129660542644,1.428985920523643,1.1729036911763377,-2.78045254704784,-1.2505196432917383,0.6237358872528123,-1.0492703281987328,65.33831674134204
25.057426377753334,50.652241548207805,28.077991111080713,15.230113567371895,394.47458486460846,18.172267899984497,19.591724737201652,0.2573395122841635,-0.9484270620761559,0.08068206048787449,0.92917421933281,0.07936394711776068,-0.521986621752424,-2.0413695861095884,0.30270677276467656,-1.9487372480722402,1.0995145380079465,-0.7761954549943517,107.00018505023331
20.148496063756717,39.02948992147698,20.298557549678602,1.0363638952003318,491.4549750397174,4.2806609274765535,-14.334674967171432,0.4978322314538409,0.05815748164443921,1.6427319088133805,0.9305427711254939,-0.15764661125420878,-0.023237424176759138,-0.6560574310668321,1.3698574664790675,-0.39971321367930135,1.9997459913260291,-0.4410229437045484,27.452948703025047
71.09213731469569,143.94527594513792,78.08332533472564,47.915306268666995,310.7627516238458,71.43855805417347,15.519796112536092,0.3910262256052184,-2.7739477920182414,1.5869873383977682,-0.10550626876979508,0.2698246646142606,-0.9097611552512724,-0.11538101740047647,-0.811189796952035,-0.6916537911981865,-2.5214471952785305,0.7320727163461681,191.79407881971656
81.31064609609398,161.35864512923342,91.62797298795628,24.94635094971695,374.2106799695822,35.74594535800444,18.666858759457398,0.6237951335172418,-0.4361955330907625,-0.7304290254773497,-0.4270123400988485,1.7419495081771006,0.2878028092784252,0.028286580081621653,-0.2762009455402769,1.3122306151941758,0.807151378408232,0.28028369268463293,250.6442889783977
48.7290545679852,97.4198074518739,53.56018618957413,12.571673146530532,240.0872942171159,17.625344655766085,6.613039958037223,0.7688853782471203,0.23829544983134576,0.35081658510052527,-0.42951858603605564,3.2887713048280878,0.43581731073762503,1.2530365645001407,0.6143771960677363,0.3413747433002824,-0.9226201992041536,0.15697729078615497,175.6312151021056
83.0538179804759,164.74183293541066,90.15450076699283,48.34534075266228,139.25547865937244,72.33815794287425,-7.570567973464142,0.5639076116369386,-0.38110142305728234,-0.7958604334309327,-1.337232030665572,-0.7152236916420969,0.16847453507252194,0.5130941698544016,-0.797640474294266,-0.2831199605371641,1.1106712963437244,0.6624938062557892,167.47228166036572
66.54869445788782,131.235095385228,72.36907451884197,43.79607395598752,274.7571262599298,67.78112564200772,-7.469581513459932,0.9348798147228604,-0.26174430214306704,-1.0932238318595384,-0.9385716962690559,0.45856510404345624,-0.20023529478004543,0.1266172287145817,-2.342989623670424,-0.9091281582886634,-1.476213512349219,0.8004945498717749,128.76098264836065
65.36876955342584,130.25551967718403,72.46656346923214,25.610339780565777,150.90994423893017,34.68388985786609,-8.266272528905866,0.7553351733469019,-0.793255423020148,0.634214704772576,1.8139772596750725,0.067879547879944,0.7847957908287977,-0.7856752613023169,0.3160317760244083,0.11231416002748944,0.6971108224441267,-1.2700373279751729,136.2919752990363
40.01351090886125,81.38349170641085,44.89783214316363,24.073395017755367,232.52303857896962,40.68162760436246,6.976519975310822,0.7393634223710848,0.6402396284424149,0.22154387987353996,1.013527353320392,1.2923523959347156,-0.7110479843529456,0.02098323926619486,-0.8803825547408208,-1.7462734332367986,-0.27126803346085493,0.8192220687923065,109.50589391522287
99.02427669083929,200.35057314598401,109.6639880971992,34.388734847567925,145.8835454796018,55.66533518284578,-15.158623302035764,0.09686363672618625,0.320952493964779,1.0867007010343028,0.5380166385291112,-0.9401328925056819,0.4788485647473734,0.17461926914392048,-2.351435237043045,1.607612606345599,0.8204960491628741,-1.7359653540231572,212.77811158484835
59.20473227966157,119.72622825496875,64.15873846250592,42.96569438955162,346.86340726374544,60.56191605009854,-12.607685881350585,0.818550100509811,-0.3361064063990199,-0.5114305118828726,-0.06584888870738577,-1.2561777147575512,-0.8184275699729854,0.12352681203332506,-1.2522297408136491,-2.196531656896956,-1.4829459738830244,0.0656002745354057,95.79375133334901
45.20702983978294,90.10620621023092,49.184382040871206,20.844823425074516,269.93318244268454,34.53193456003609,2.568363365360913,0.011019643996194484,-0.46848609199959873,1.361032648571056,1.0894051346915115,-0.8647048129884932,2.102074203290186,0.5769338649240606,1.092780760500576,-0.260201074719664,-0.13562754268086769,-0.7937454560930741,116.53447269818834
98.35783171838752,194.24972980171782,108.98793057790007,25.16028106614207,239.53363270327603,36.92946163471379,-17.489369161576963,0.6559192475035989,-0.9518902313940976,1.278356398196089,-0.8432467610179187,1.3419191621265023,0.18459152670952683,-0.7863387937535972,0.06722758089862255,-0.8468878369899602,-1.7501235493449419,1.3765021756496796,210.22845992969764
68.06206050170226,134.5111719303101,75.17557006509365,32.94859050973301,330.4155817881232,54.07767786818177,1.017356294162873,0.12942196948653983,-1.1185141261294944,2.227056180060945,-0.8013857712903995,1.1312398102373538,-0.24946295736021928,0.17235922062259743,0.35217402936579817,-0.47194069971307256,0.3893665274726188,0.27015906363053355,147.10403033187245
94.08105180516097,184.82068981296806,102.73616284516835,49.06641981443141,423.4221932806619,73.35974259461634,15.991772377716124,0.17399795895936454,1.3103048551654548,-1.050119161527242,-0.3197279879368109,0.1756250690118645,-0.37615262737533134,-0.3188348016841613,0.2222987947685801,-0.31926704347995344,0.11444971078290658,-1.3610359837533936,228.41842645470712
85.66114196666591,172.88345506832138,94.28888462827112,34.93628630396337,251.0515783226986,56.3128105222445,-12.010622860277312,0.25249494233059144,-0.7585084649282469,0.3141015582926696,0.17953370085751116,0.5669707384921364,0.7100701237972541,-1.6743162156977152,0.4685283698224157,1.23512971647297,-1.0234751664216393,-1.0778258209452742,178.72916921366271
28.318564914103796,58.1948764434154,29.65085542435223,17.97805010318222,263.21094801513857,25.856921053868167,-12.587825750600935,0.7299771156738967,1.2153340627098466,-0.7607274938194054,-1.889529679495732,0.045414583344011876,-1.0241258193171876,-0.48482882896848645,-0.8307699678515095,1.1122047085534457,-0.5080808128835017,-0.19636829331724925,36.011161154639446
16.04392110928167,30.34311812227961,17.55218189849063,3.5433808599235173,131.2575224852335,5.825318702698611,-15.282900184776711,0.23057350554674116,-0.720315851717126,-0.5337112981564187,0.3861862976901555,2.3448608048624306,0.6719980432034266,-0.35703095037016885,-0.10856808267799113,-0.3591053523976271,1.814652398133776,-1.8969091817358554,6.449510614093146
16.729941055909855,29.97307622858713,16.463669269324814,46.590452496427055,300.0188032157401,69.05976879599909,7.900716332140082,0.11087447094002745,-2.196197517354306,0.40496657033440864,-0.020212423041654777,0.24589545296427076,-0.40854064387610173,0.6615795581577246,-0.8617586845968945,1.4667873843767325,0.8065980398054645,0.9661840337770368,-3.839843136190804
76.04854024696964,154.71959923650292,83.76343771410892,43.91350897488315,194.2468806909177,72.41300681894731,16.172954621911558,0.7030908304080624,0.026216455458082474,-0.267053567275619,2.429680168422649,-0.2905744921762927,-1.123243124669589,-0.7962764370184661,1.1073307882983952,0.6141485352874566,0.7499517512997654,-0.2615095412133232,206.46355368164393
13.7566879344397,29.834776082506657,16.092822917497482,32.5168484264082,272.6062252449768,46.8511086261374,18.858625956700777,0.021443262184012934,1.6204511149320022,0.5875023723840336,0.46486480455230195,-1.1453549011091815,0.9669723323794378,-1.1644752579097715,-0.09613099953331564,-1.2644754872034938,1.6129645122818421,0.5481729381178769,58.48889910790085
72.5896478539062,143.27158751275408,79.72721115015307,6.888521505737005,275.18114184734986,17.147135636113255,-5.291653170648489,0.19364562886301895,-0.3183379101305815,0.1341508892118241,0.1501414199309352,1.324356865763993,0.23762453864299657,1.6419592225165782,1.3560096864691005,-1.14588774893786,-2.7910557085951786,-1.2718103054467662,179.58965551519128
11.340870399721133,21.991977869895653,10.470722174676595,3.830583787208269,150.6863577322837,6.124785055469012,-6.013301431412694,0.655208951908534,0.030072303008533592,0.831194470211034,-0.8969448307690459,-0.7059421955872761,0.28731129663999794,0.27799153006753563,-0.001565039432798688,1.2525858523392925,-1.6294185218849646,0.05193158059973185,27.18008229845929
42.126248261240235,85.46737211005457,46.344617462517434,35.65669294547994,476.57079507986793,53.956065457491235,6.1457548273223,0.5268441877736038,-0.17009726085526464,1.5375994316263892,-0.33311887691903125,-0.007212518411919716,1.2674616865456765,-0.9156990781784583,-0.5840397161741298,-0.5615206184184685,0.1562565974459751,0.5201632429267363,76.76083115998443
97.83445653982122,196.07047787673187,109.37194742538699,10.538481594155746,248.9559940246068,16.48020746310843,19.1163880333618,0.6983419391533539,-0.6469183873177807,-0.889326267304353,0.8855055297289217,0.7731811215275672,0.7889897058662657,0.169897114921275,-1.3991029078159254,1.2463976603715434,0.6976520493864593,0.4095979203592784,315.1570729420583
64.87729530449408,125.7701930815503,70.22783389685412,19.233162494011125,117.76622004642618,29.37573683354946,-2.75660141334178,0.05225965127648746,-0.424150089184468,1.1746919408062706,-0.1323246107963882,0.18751514866407576,-1.6402259324831172,-1.335170367883127,1.929422620160341,-1.0184948770649127,0.4941280063260611,-1.2424634622428143,171.06420777612112
78.15269948885636,154.2717195199239,86.93932790378534,21.703800509028987,271.01967567984065,31.9189660062923,-17.715256271542103,0.10921020473013932,-1.2194861884030688,1.0334750976916982,-0.8648037626130921,-1.7785456916629891,1.0322937933246525,-0.42397690420609274,-1.1636308830392132,-0.5709869273632102,-0.591437451789734,-0.07061499840903289,146.12871443417197
44.316193178742544,88.50763046783686,46.437144127891145,6.593635643911583,106.0733654519919,12.148921244044892,-16.578525305150123,0.24993261524542565,-0.8748817897527943,-0.24114097242498334,-1.090423104145753,0.850203633889104,-0.9473062166673044,1.12058272010336,0.36890252392993594,-1.7855270245507169,-0.40110098268353117,-0.3234131612186618,59.98232160379734
61.15969679854722,121.64307421205254,67.7799518339211,8.939219804036869,285.08970742603145,10.283040110051918,18.63541971407045,0.48020790992485796,0.39155809624781934,-0.5814469548762605,2.205611057267234,0.8506561581942539,-0.22707983829039144,1.3540078525434105,-0.14244943870807764,0.334784538865844,0.727559052149009,1.5412099552546685,221.5593741514373
34.8529908311268,70.41568287580613,38.16879963888729,31.516908919250707,158.76071414720764,46.56956258290446,-15.422137482583276,0.03850177812766642,-0.7947443638739481,-1.8190026303439324,-0.2566650872442453,-0.14087340680788404,-0.07214408091353884,-0.3468087271830303,-0.17106289174915174,-0.7552447108263377,-0.0704352939992307,1.504611778890631,21.930070897080707
87.17412767147019,172.42337511140508,96.58201613175042,30.028941942265945,239.89186021436296,47.91547008132152,0.44142069740599865,0.2369787112179541,-0.4416845622138237,0.8563327413048208,0.45739566521233344,-0.9308028425978403,-1.2833069225774512,-1.5892461840756742,0.5534278036690137,0.6959688406148518,0.21452885495235552,-0.8774229855804526,225.7519367557476
46.7323796508111,92.16152404777964,50.093920304337836,48.675060009234784,348.7665475343389,73.49672632146934,17.212340578455702,0.9118726595582621,1.3529054632953674,0.21894605436542308,0.4264396339075521,-1.1171845050545886,0.22965625602741016,-1.1689962378639878,-0.8005810009931861,-0.4499109464339708,0.4126741428984299,1.8390710408202362,102.81304981379202
12.933957570309484,25.576758948171822,13.17129766147103,49.8910425786719,131.37798892015024,81.04852889539144,-11.016759703933484,0.5034958869055879,-1.125235329782772,-0.5683511450426341,-1.414647060641593,0.8000806166661009,0.7049555335085402,-1.001777590486997,1.0722081323338584,0.3590750850165114,-1.0658517083241752,-0.16502742996070022,-49.00971737895226
34.226444866896585,69.30986872823848,37.192018690774255,12.20144976999033,197.2293370932518,18.61680968229554,-1.7671530500601627,0.7481882793634895,0.555832149731126,0.4926257164362733,-0.22223280627096376,-2.048151087964583,-0.6021984727227155,0.710660723078403,-2.21708472184388,-0.07864812229935522,-0.7781320168949201,-1.119534122322398,71.99413431650254
50.407121932263465,98.54839259735394,55.401610673885386,41.339195887276894,150.11250354563276,56.960275630080446,-3.6953024047299863,0.5847553362392086,0.501922401419279,0.5924847333530051,-0.19935245693735404,0.8447248839528715,0.911335718870351,0.5122995646414823,1.3027495111950946,-0.1376328001227298,-1.1573420953504465,-1.2739875486127057,71.34280392263915
90.98852214360545,182.22931378570502,100.03912911669684,6.039442277932761,205.35044898244604,2.541237289415964,9.714159697590876,0.12639795146479305,1.0383872067307613,0.22578317292530048,-1.1155748877544878,-2.8200308260497824,1.352707871764132,1.4843146052691552,1.8891202256423478,-1.0599392273241521,-0.6186593610115636,0.8041466425619129,278.99424886671926
60.12467027998821,120.01110803647391,65.57651121713812,44.8713160398288,459.3415568370833,63.82027021003452,19.76536414688217,0.04523769821042223,-0.06614563102567494,-0.9340788572797535,-0.9729949646237971,0.323628528628951,-1.8039073510768726,0.5892127547140146,-0.2782804690431076,1.1042251521227215,0.4222132601718167,0.47652086341634065,142.0311004288175
78.93601419821553,161.93561378566508,86.87009973096593,4.189474564886236,458.23966863090914,3.884912700593505,5.976190404155002,0.3793745809826021,-1.1045109435326197,0.44868998307498453,-2.0474854983679633,-1.265002883887065,0.6891580514038071,0.48046827033764256,-0.6981579000930576,1.0832378214147362,1.0521055176473146,-0.7919957185326755,247.3897901170588
85.96588845196307,170.34995029504148,94.48040048238663,15.928915052600285,171.36632488225,27.314796347825148,9.385029936547326,0.98920537330944,0.2959235450184166,1.1733569620086768,-1.2313368577838277,-0.6287411841783697,0.6639966052374737,0.479029570922123,0.5881331597448531,0.5423030544819128,-1.9298659758237033,0.7793235894198671,277.96875462087206
35.96309389567702,77.13713802799944,39.64073759652614,37.67344024260321,469.80634102724366,55.681047997471666,-11.726275517891814,0.838789995824532,0.007197311767898824,-0.23539414309337586,2.075093678926208,-1.4575959075616116,-1.7355162629174865,-0.4436264895504848,1.8887387059653824,0.0791430620213577,0.6650903923039516,0.10867232963713667,23.864561703382332
94.7625362523584,186.59815894686577,102.65893360271514,26.044694753802826,432.4151261265557,38.6642361867389,8.252887999768156,0.8447441244120939,-0.9997907248357242,0.3641742502843732,-0.16384023630480912,1.9926776621251774,1.6204415761281943,-0.07052870047729294,0.6951736104731298,0.6243253275296756,1.5610600502100997,0.846322125309128,274.5030821900025
75.4625431201721,149.81702905415509,83.72889566862582,13.805401494154351,352.2495768532805,15.527501365165723,8.272392060738078,0.3148099250515737,0.9488938109677465,-0.4855151263448805,1.6199679726356275,-0.73306166533065,-0.7900561153370346,1.7489833466675988,-1.0858636389297718,-1.7382144687978636,1.3833718257946641,0.3150314682739079,228.03270953705058
10.717352942617502,22.70242422304101,12.905679869645303,47.158118419427254,369.33905242585627,70.57230886431915,12.554754074545158,0.7335606850439786,-0.13533743356108371,0.6514648726881106,1.7450596322213299,-1.7262161711216624,1.0374633249822591,-1.30070415036169,0.37310063557902856,0.007497274992806121,-0.6394236051257446,-0.2427075321137302,-6.6797869270239225
26.030352290668677,50.70006780068591,28.609516639584417,19.014511492485692,333.55958233689,26.283273441827003,6.2776386601731815,0.1800643345556382,-0.22490568091112223,0.6907031042967384,-0.30133400962414975,1.1120285077408212,0.28890893083008523,-0.9551876864621848,-0.7139530803161465,0.8954417922760826,0.4011652201889831,0.27831858429708206,54.95086606219877
89.28056702549499,178.6124333071924,97.40142544325063,48.46810715167705,230.1588185053952,71.92375982097938,-1.4105627070917137,0.3189059545145396,1.1684678443959766,1.0111975408598604,-0.48282056221709185,-1.6548446302417554,-1.7979633635440089,0.18434441400262302,-1.028183041331075,0.07004443956334078,0.07876226128460585,0.8254690939020776,181.03730693689394
55.673866267200964,114.03818817877581,60.93282140922336,3.0401630559032053,408.71946311948307,4.369166036675305,-4.344864246538123,0.4419515462607091,-1.7743820284044232,1.3117938795754427,-0.18535650488183433,1.603410035390703,-0.9883886094574457,1.5608837654786831,-0.3690939582871385,0.9583300053394339,-0.5420358644891893,-0.26556468795465055,179.11303363029157
28.55807393908262,53.68480513600568,28.662619003541156,30.665198568534624,231.87367060546674,45.52218306508192,8.889148837661054,0.8024128778218338,1.317479825481933,0.839035523689363,1.4534916910929725,-0.8941142126285327,-1.3789513146928898,-0.47593950658476664,-0.9417280063332535,-0.11085489718558979,0.18603914536919175,0.5540300173471546,56.04894050767037
58.212893050889406,117.34403853764857,63.752697821375826,40.06426973693228,464.2615120824574,59.071912400382374,9.333373978347698,0.9400137961927122,0.19600964631691414,0.04520551565697717,0.43283258246592754,-0.17025413096833358,-0.9230243814804723,0.689067649690092,0.46752992891966344,0.7063709107650191,0.2155910406068649,1.7070307253476273,144.58789329093804
32.257786490321315,64.37105726668419,35.948877201405686,39.202680579519544,362.1103835128276,62.150344307333455,-9.200053554182146,0.08491662946736123,1.4309425699992968,0.7165778866276954,0.08055466977480984,-1.033004093282428,1.8752417404141626,0.1741933881214232,-0.45377269560759875,-0.3513973874516209,-0.15723690116441774,-1.7668280776032697,38.137839791032434
27.485567218307065,53.60855048244946,29.292126787525085,16.18633658630874,304.9422524675231,26.65455612536865,-11.89333227286362,0.2642699552272437,-0.6285140556198003,-0.9380927308311942,-0.1132492270179126,0.42724449738317183,1.2554850233359955,-0.265051021645333,-2.1708802982593682,0.22794550246063688,-0.7327928485860435,-0.15513718184322295,42.39458106306005
11.549127916871422,21.098023186036677,12.122605570422175,18.636883334331355,318.6325660782419,29.61623895380616,19.007623799113,0.3973486182928516,0.1077607723245871,0.954930547356607,-1.3234369449516334,-0.5545606033340141,-0.9018694282493934,1.5826359752499954,0.4426140379147534,-0.06777473586662243,0.9719855791063255,1.7486149614887294,57.21129227808971
54.08303159033401,108.16627782511623,60.043434017154,30.82442352103829,289.40586305679574,45.58240724500607,-10.702809673865751,0.7674084789560567,-0.010985435228991841,0.8638451267851781,-0.299673841884713,0.48649142465048295,-0.5601776410803218,1.162951486960237,-0.08799979185169951,0.05857248861396968,-0.6135565492823125,-1.5610420100070814,77.02741234689944
81.52262116957769,161.38277929786108,88.93131131953223,32.60043123205726,228.73518306425814,47.97903515032658,14.346116405631598,0.9927553589125672,0.4107900477787732,0.2306787987691201,-0.30426883222065587,-0.9217506730818523,0.02572594352628731,-0.5941672953858255,-0.00701284205663387,-0.6028822338076517,-2.4702150547667734,1.0213557762914658,206.72241023924423
13.51557530235689,25.943637526478156,14.821465274345792,40.15768152646314,294.8773507471841,60.21264239360461,-4.023773667437279,0.29675102321493085,-0.7671492493013775,0.3292351756854218,1.325727068244437,-0.7075964628296127,-1.3681016143089844,-0.1945351950302135,-1.0029979359353038,1.0463751813689006,0.7668829116525214,0.9452099624864357,-47.76588971829402
28.401565717557336,54.414711392229265,29.485623094822675,25.968989210023647,200.49574515852342,32.10581132041081,17.08318374954588,0.7201302572800705,0.32352054221895743,-0.4314748445888223,-1.8586615399400228,-0.2869469333961864,1.03568884190345,0.063991878631216,0.21832533979901264,0.30188926284531437,0.8555322865727301,-0.12463469691833082,89.77025456489717
26.890698432431268,52.92578417346503,28.156808136369925,16.55175652158058,124.4431156664275,23.111376545850693,-5.981888283388756,0.5591560891519723,0.21124256130337363,1.3919491168549765,0.720388177588202,-0.3507870178767486,0.8656271465303551,-1.8171429076196026,-0.7367898493800442,-0.43242102984336606,-0.7207812547310719,-0.71627504607565,48.1140775757273
32.92744458094318,63.016591437849435,34.99464209109028,3.873806295036941,160.96872121982656,5.515925873355903,-9.4824953187526,0.10232212488877834,0.38629100210998785,-1.2731577402005936,0.09015075036365415,-0.8906773891997869,0.18436923249278958,-1.3265811617006986,-0.30905562206561704,1.7882174625165514,1.0263075069889451,-1.0746763320509019,68.99550446871156
52.60661541549566,106.93491267423246,59.90629090950457,49.45436128096411,136.53530755504102,74.73705486116673,-13.407264508168701,0.874614089729241,-0.9459713646409538,1.9055103963890492,1.133560501869797,0.3856329355993794,-1.3737170001576677,0.5470003691546937,-0.5485554141217709,1.0425364753452493,0.9490486626199851,0.861352166236265,41.74539964156388
43.95785964766715,86.20897245577018,48.588936930162774,15.588091626260214,308.7942818313,17.279276704566204,13.687648836940333,0.9553601232626758,1.7838815065053566,-0.6360405447045424,-0.4602912956420007,-1.8578877108016632,-1.0778146661680363,-0.430547756060614,0.36861043828448303,-1.4754073544985147,-0.999270262849315,-0.38050208925138573,136.4089567738764
41.336244017043086,84.55676075123297,46.18616396263686,23.303794030377556,368.01563902494775,34.675355773503945,2.391760908453115,0.9979001128718717,0.9115412842604058,-0.3648383032477484,0.7159181941903502,1.497052851938623,1.077887457918219,0.07238822049715557,-0.10470340892345312,-0.01726019894138783,-0.1646834057948007,0.4129779838580747,88.89706806842739
43.19806838350474,86.28952769443266,49.74157465438759,30.338720706488125,113.41127648120555,44.97340972631935,-18.243304492313314,0.6954990752359068,-0.02674274760672572,1.4008519007966178,1.8314331194114761,-0.3357790002189538,1.495618393915419,-1.735951799644285,1.414229341787967,-0.024602310957010712,-1.1305101906042272,0.06898306722877039,62.67844475587496
88.74431482165578,177.50200381626698,95.80766805914853,1.909679684614335,111.53478805101061,4.2266132402145375,9.447846763404506,0.8709132213215761,0.7061135348821861,0.7677139559333569,0.19232491998973422,-0.27994827394000765,-0.23302981384478916,-0.27276703875982766,1.025540659336361,0.7205258450265314,0.653542077699666,-0.06839904133833652,283.5886217538252
65.2603411404105,134.31101479147475,73.12275876164829,42.41150129574034,226.59211426298754,61.96844215140683,3.473899579684595,0.9443009746540827,-2.3634254320391315,-0.24350928464967528,-1.5648723726816396,1.0899530016549834,-0.17728555932880438,-0.3207660565776557,0.5360240848204391,-1.0512300635567007,-0.05521367090124979,-0.41516375118123144,104.38066777079842
49.90589837734221,99.59921745714462,55.48975386260356,25.273291546572562,169.18728540927083,37.79590885553828,-19.871024694691744,0.27376313925206197,-0.5404255822325149,0.7371413799920977,-1.4043419846238785,-0.6412502936093641,-1.0200857886488217,-0.450510111399559,0.32454761909188745,0.2907320597370766,-0.08212196089779282,-0.6356161384506922,44.26052867825014
63.20336771306577,129.74045896839002,70.15964368068464,39.43683393688451,187.01034080369953,58.284386292326616,8.971070630323087,0.24673211803870132,0.7477648629997596,-1.223546573773347,0.5304065685451131,-0.3778814129543989,0.01955359522605071,-0.533327877576095,1.4775023222467203,0.5145412631119647,0.24045551708893279,0.494790903711232,149.6862911997144
38.39868819161094,76.99173879183702,42.935356099466695,44.178428947636725,170.84483498119772,64.97513919185975,-9.418194266434892,0.48988566067183836,-0.8153642279757651,-0.439590628450944,-0.686950017014086,-0.850050271502903,-1.2834920402361871,-1.3845664751501519,1.8471321918072232,0.43402988658706254,-0.9356256178687794,0.817779785142006,47.534890060990776
28.959651734218046,57.3729813874706,30.809961231751103,40.54541613236731,418.5085603257686,62.04743093564328,0.15061007488107592,0.8298576827580614,0.119844500635939,-0.41943317004313263,0.11327239751026365,-0.7645638838071187,-0.2476050231450941,0.050971265580637554,1.0975064550226838,0.971242600592711,0.21344722469617164,0.5056248913301522,50.00715640017632
62.81386851570894,124.27353498389138,69.38961998284545,29.419539086995606,113.53991425744306,42.85555785399165,14.773164063997285,0.00789830206893749,-0.7949574562664992,0.4279188925301753,-0.27503951820985334,-0.36815197471164607,0.7309904690213258,-0.443862648674136,-0.6279802025818985,0.13276157385683318,1.8032717519341968,0.24797912396748947,152.14888747545086
51.08011084364151,100.26201346327873,55.12779400324096,19.966674027432525,433.6385644781253,29.903101158240705,-6.484869574738269,0.6785558417525374,-0.824111021016024,2.526987202000213,1.2183812247854042,-1.1816927858922581,0.9659166411828559,-0.693785313523187,-1.516609839010872,0.8215694679065284,0.9699956883063259,-0.28855086405064406,132.50035429636577
12.56996538312984,20.63163422002142,12.301280321669065,44.329762308616615,486.0942444134697,68.36285136765721,18.897110095020608,0.7518500919606477,0.6166837084870961,0.6557993909749797,2.5686524845025107,-0.6610096157255781,-0.620018383272315,1.587115068129026,0.3522312556203136,-1.0504981416804444,0.020832681227665257,0.03539957238199211,6.925954399596325
23.27419085827907,47.80422594555344,25.41026913927608,4.018763521534819,194.47343307066615,6.405184736756292,-10.210699095088863,0.6847135764013843,0.5476322734958763,-0.7985815888236023,-0.9101349239459793,0.13044114953616393,-1.498153803308112,0.2779841964879371,-0.6987187487270275,-2.0956268954341413,-0.9251430964144269,-1.6443643198727724,57.29933415262186
73.56016905491634,147.19389743128752,80.49091533924725,6.425119682534297,405.21771888513086,13.091277920464835,15.920851613043126,0.8197910761442005,-0.12933101020149795,-1.043372832529626,-0.3029892672362143,0.2385478340956827,-1.6379629909521387,0.12053286402497558,-0.6061493318261293,-0.36586080994244785,-1.326866540574451,-1.0770868056177532,273.28621361716915
43.22193095538943,84.45171608949418,48.51929387570854,30.528326183248378,400.6737840121411,49.50599431516018,-14.476803988233303,0.18797054919785194,0.2578826177555033,1.0376773618224708,-0.7775100864973818,1.2322219076728107,-0.7314346991791864,0.3685761848397849,-1.4059282570372684,1.2112719886919618,2.4626829393509744,0.5476593623944308,47.728578084467415
47.956320093248905,97.47827535972719,54.51807719576459,41.71162475140041,285.9690809435515,66.53217386012838,-15.943796141186777,0.8624664798712249,0.051782179796995266,-0.14804813897787394,-0.5494994276021713,1.1865444257256186,-0.8214424541764554,0.7335131549499121,-2.5268823503324116,0.2206212408664248,-1.4005446852096006,0.9948290011000673,58.95025526744615
37.2659061718606,74.37776365846226,42.3622453077674,30.181802364857894,420.9673580772008,42.515168167203974,-1.0581085944105766,0.3350635084820419,-0.9298206157800083,-0.20798777392962875,0.621613270773257,-2.740889720246128,-0.9640568213512248,-0.1946713932040281,-0.2600900879679432,-0.5082345117478555,-1.2140356163711863,1.9919065617142422,73.22765224700055
63.113771626392676,127.41108569565088,71.51264835662721,36.38143832691207,281.99574480917465,56.90000169659736,-15.137942174703864,0.48962141171284546,-1.4077702735665398,1.5548713990162724,-0.29675650573346646,-0.7025056429155478,-0.4377195188966407,0.7146788726613124,0.5267420189886935,-1.1347185813395713,0.40684697666799646,0.8469593295451662,107.88316131376146
11.576709376344928,21.868433945598465,13.617077002862782,29.78894528436783,242.89779285163974,49.46883879781952,-10.054931290378079,0.08404685955483615,1.3347738880205722,0.9018806816552059,-0.7127457014897055,-0.7874621900523147,-0.4129848421602485,2.640086468591443,-0.27980408196179907,-0.6938327696595569,0.8677666059064174,-1.6880775614302255,-23.53844275081294
75.94189996900937,149.69304798464688,82.71552776443436,3.8268071884618946,249.11813151325993,10.714283682472859,5.512579325579544,0.8820368878627025,-2.065433568965996,1.8933721289407985,2.0157425287142123,1.0878787603426243,-0.004826395877577784,-1.0479379575050896,2.4264912343314613,0.3435284983699056,-0.06266536131394887,1.453386202689627,274.7463037442336
89.46328257870297,180.03312300332016,97.83041938719936,5.821271536366934,176.65745488075947,8.55618971550083,0.5615829048030427,0.8542436494955679,0.07029567188235374,1.7898331190083916,-0.7964011674533654,0.8040802130277219,0.07213099395507774,-1.0693714516393522,-0.03413660307414761,-1.7354469095418052,-0.2505489218949856,1.4708142875507773,280.28772387014436
64.41603113621738,131.3724157941805,70.81081982003548,13.633970173094811,262.87311675291164,23.53271149378211,-14.809322275290295,0.2670532797458859,-2.2175615299007467,-1.591637657873917,-0.29374600371906956,0.6434539241839741,0.8802547456586242,0.1003896658806425,0.7587791472543229,0.32114662372399244,-0.44261047534411696,-1.8200917746520116,151.16646601558693
62.91227480671428,124.64169422816411,68.1797312118625,19.45197562709558,471.9490783144746,31.907231001890608,-6.145347409657035,0.4443830635531144,-1.6005662713511477,0.3901428926853718,0.37868998812225585,1.4998108092055187,-0.3575316954866932,-0.6802744981846178,1.9157131765980138,0.39379501626928454,1.383845811766314,-0.2845536288850395,156.95134502028895
60.51931626085376,120.26972332093054,66.9040016318967,49.243430245515604,247.67658205042102,73.18681053510092,6.9800548158228715,0.029564568071816066,-0.42745460872205315,-0.4267177171741865,-0.6334720947331482,0.8534221497046999,0.21757932828877205,-0.005707765961517425,1.257260582283941,-0.21245685189260688,-0.7302196375537541,0.042456166546039134,129.44175014961587
92.9058652995776,187.66183285502132,103.757857882366,42.483409540166704,138.79192887470032,65.57253496695246,2.8298006324019944,0.1786224384970463,0.937090462462464,1.4586773711011622,-0.0987102917814336,-1.0077860342193492,-1.4001059202982473,0.9069541548678345,-1.1775384876623955,0.6650043524648264,-0.40127021810090185,0.8611050951735736,261.4523369520256
19.507489947833946,42.81988533934879,20.917322016091656,38.087656585951315,227.110038704588,54.21258584785621,14.362263501872413,0.49483321425935756,-1.8226831277130182,0.4204973601303744,-2.1562348047562345,0.708761576496,0.3623271261555814,0.7410935506722991,-0.8827922880574318,-0.1837762480540334,-0.5992838198568408,0.1378297761527137,24.908732801218864
91.65527968741266,181.14753898990176,101.14545051556226,48.71236958290248,264.1175216104833,70.34084582656428,-14.457118329493387,0.6199202947568986,1.3528997032787513,-0.009266698962573055,-0.2700032718778367,-2.397040773091376,-0.3444032844084539,0.6757163162852952,-1.0245787050992372,-0.47668544079237246,0.8089089322868771,0.5202661654840122,152.9013276844188
76.86688374072934,155.9017171514819,84.23014879189942,27.602867972603235,445.37530896971094,42.453277752413555,-5.237427138370245,0.8746501970240125,1.0651811662399115,2.0974050181897397,0.7772857441790049,-0.4185454385632148,-0.5657673327898037,2.0437627214671124,0.2967702788333426,1.0717617750174577,0.042309364595692706,1.359081546474457,177.1585807922049
99.07419951088374,199.70333207609826,106.87807773871137,25.010746956385393,144.46291865017105,35.37941797142784,16.806232604050223,0.1592665854458768,-2.4904297261792903,0.6026638257162278,0.25610567987791943,0.011083260754408549,-0.8909095646517806,-1.8005653947281823,1.9900588656636942,-0.05585023260325562,0.9390629169872263,0.4445272321544733,285.52426735099743
33.40263232217828,66.58978790500896,36.18197419078682,38.829826417184215,358.83573588493107,57.60248342331606,-0.7676974452275545,0.7260317508860399,-0.2688448859829377,0.9716154542386195,0.7510965325539127,-1.537681827799481,-1.0379791351465195,1.201900580337315,-1.444466740814018,-0.10509900296328077,-0.46374574588742706,0.22326676959278122,40.2552691392287
23.138536559316027,45.984007598505805,27.226480478072713,37.678892832852355,144.71349335311118,58.02770748222149,-6.406615036144828,0.9129745903839817,0.19389487105522948,-0.6588357970196775,1.1746731366980154,0.8214537966793116,1.914392161909957,0.9613758210163101,-0.7481878046652788,0.03963388234556005,-0.05252986186533066,0.8349756308450906,10.190999756372689
50.02048589110009,100.76264382479894,53.7307844817769,28.411559490598354,337.7712519042034,42.73804505335823,-8.462782792466736,0.221021539570172,-0.6535084181019069,0.6885000780751341,-0.616406058999973,2.326657508212458,0.7723260326504637,1.1887726474141815,-1.063680724403158,0.1665195831514686,-0.4591849415206024,1.5849988344081156,85.28148685431589
72.55742647923363,146.12159472229393,80.77714383246784,19.21133371342188,354.70493205761323,30.854089219295133,-7.881737307201817,0.5842347742026054,-0.09454725954227729,1.5953517203110104,-0.09509385562216077,-3.3306936344737403,-1.152272005005297,0.7741759168111263,0.4404668162173639,0.8061197892357663,1.0909922397230225,1.624527203228947,181.23344919213494
38.286661111566175,73.75236607278245,42.6908618939243,24.26228919937331,167.6483508073755,34.55370590934376,15.885344260892978,0.014232595777100343,0.8651472449011376,-0.2995609082978468,-0.25949607398362995,0.6638270909320254,-0.3070542786892578,1.707630766953971,0.35395004239111166,-1.4051137117554302,-0.687944970247912,0.869823772047703,109.84055982892654
92.14322550205358,187.47065523921705,101.24975335372629,42.28729673433917,413.23497530128185,61.29548571231058,-11.898800622355843,0.6642440857949892,-0.3665383376948573,0.27165162481603905,-0.1786942151973267,0.3274025521605696,-1.168397946424301,-0.40647712609689296,-0.11145101056593529,-2.026985661263127,0.33357980752765726,-0.06268451179270805,188.14910295345425
61.003194503973354,122.02599098155538,67.87850193951493,36.97178892146224,375.87961535553166,54.14464269625107,7.585498010331484,0.45606605095737185,1.3271303756267274,0.34281907640005965,-0.41459837831165025,-0.14042443208131888,0.6936465925188368,1.7524070215822778,1.990146670053335,0.8415230851896014,-0.3508364265860319,-0.05006119381148347,135.01566757662263
30.482762395997742,58.699777885921996,32.17481050207259,23.21356464112931,314.7734578896782,35.33587653942369,5.356228075341743,0.19642582892104266,0.31056951615051487,0.2787197469593141,0.40578233498272614,1.1826766939810227,0.2521714415081964,1.1279485472508226,-1.1969966652042774,-0.5571144858468882,0.3126580052028758,-0.3724782381762281,58.78191754870498
89.78657349823239,179.79865163998326,98.18433539193182,40.2882932256656,345.7653127775879,60.34156776867674,10.182410003891249,0.601354146530801,-0.6225936525899256,0.028948577046278505,-1.2003698309962465,-0.05504326745191576,0.8049991577714712,-0.2535549913535085,0.5084997620989091,-0.5605228285508533,-0.20310125675457671,1.267464458656017,229.24904814733247
37.79236157486554,70.46970749342042,41.04886793078068,47.28485091856877,295.0321763948121,67.50640541675466,-1.179746837679172,0.1631308732837078,0.9746653446408131,0.4258494019687293,-0.7667446913845498,2.1448841716849363,-1.3355175458688646,0.49796443515037686,-0.6165509335307766,-0.15249453105076524,0.30523454785932225,-1.6688256521435172,73.62891044324797
29.189480376601438,56.622515290719726,31.5716740810791,26.51997598703043,141.16684700473044,38.50707831113828,2.8403370594642254,0.15459764990035763,0.9462222908359247,1.4187780025833654,0.4364102913153006,-1.9066898208645213,-0.45024177931496845,-0.37305996137761466,2.7146964718283892,-0.7572156593369881,-1.0049378061850283,-1.4489696630576983,72.89850186799129
80.17794210748482,159.79118588549207,90.33321637691127,23.599083697173732,442.4950147701473,34.84357838694507,-6.6511134127647775,0.3539335714968389,-0.032862937710428634,-1.092488919755571,-0.8919619037957831,0.45237622300737806,-1.4702935209496633,0.8432549130001126,-2.1682310576592103,1.4919007591173046,-1.0963808083122677,1.4391896382101539,206.52685976140947
97.74871834456975,195.5398503064964,107.3390987094365,35.21694548510503,183.44361681358401,52.304201906680554,-5.060992531872097,0.3218457954190548,0.22574332914529455,-0.8585779984415666,-0.6202238682434703,-0.24543897021198052,0.2580816822242677,1.1539049730208342,0.2946521482858651,-0.37302419727112346,0.038250546677158846,0.8865967543662023,216.1396053396977
53.17144285689647,105.93826161437185,57.25889376829172,48.556658605749945,118.39998001226166,70.36809712235141,16.355493875291543,0.48704134859030035,-0.257195005531179,1.3417304332764013,-0.32708896495912904,0.327011033636967,-0.5137895220686823,-0.6181227913674637,-1.5468000316155939,1.6586483413238973,0.4115610149748435,0.34498690387043224,92.9114779846466
77.48435874774297,153.4086602741234,86.30653796501858,20.68886899363648,160.7090350209195,32.513823409627825,-12.000227701116689,0.08800515859023628,0.03910653230625252,1.3035197742802576,0.062382207808336025,-0.7747665396727493,-0.8143263643537255,-0.16079632589142792,1.703612854115363,0.23538522565050018,1.5978936317969954,0.7275759331754388,189.67233284344348
74.02624209609063,146.51938764923605,82.77253193848917,45.2551747756835,278.3361487009322,69.31513786074882,-1.266944042538917,0.4608036902711078,-0.749756264304989,1.3046903614300198,-0.21859336390402673,-0.7361520001211718,-0.0031944622234612923,-0.21635664408254027,0.7533497979008232,0.7002655356831743,-0.9178755816523969,0.6999714984813344,142.30495260328289
14.322797468682378,24.296128522491777,14.058037453909845,25.613083457005903,106.48050774846847,37.712339605480665,0.16846235784318253,0.798278244786486,0.2904156342299471,-1.127050889673541,-1.2646843054308876,-0.6425429223867928,-0.12604831708481756,-1.2846561471571856,1.718939936058425,-0.28081219829157694,-1.7546734033056586,-0.3549031456879789,5.8038489489945
86.16694075341324,176.18713522323802,97.12408683975454,30.501574147557463,497.179890247844,45.813737034817756,-2.7621308512223486,0.2768649121054646,-1.9656443862737096,0.6211274885860448,-0.10070572668750521,-1.4463884785549839,1.2953296442425735,0.6398903495512969,-0.6550887666026896,1.0349877586532046,-0.6538889914782411,-1.7333044597447125,187.41163987492703
48.915745392782455,100.42311427985526,54.760792291607856,0.31769783187275413,431.28905710562316,2.604720021846421,-2.9140141157821056,0.2588529501525657,0.25399058413228737,1.4766549493536474,-0.5122877953333727,0.9806272075713673,-0.8689062831991626,-1.4777436612909218,-0.8353878191359384,-0.4219450290727929,1.467623358520941,-1.3727903364551215,155.24081055750176
23.734430424841214,47.66450106810682,25.49415342224303,9.079336040055935,110.4897962016524,8.976303726099221,11.178528704441646,0.5400762509444326,0.8548254166463979,-0.25032779116991355,-0.28861373900016773,0.663099849243323,0.21743555786871396,0.8212546798386335,-0.7069152284265594,0.36420844672979663,0.6445811619470515,-0.2726952605326242,67.12974127798554
41.98102885824948,86.74653329431437,48.64068515303693,21.982047007646443,433.66289719347265,30.67314083332661,9.757695154603748,0.7399127647920276,-0.7951894858360364,0.7428255676366828,-0.5468843054529401,0.4016654434438755,-1.3420677051535264,1.2522973993139415,0.5178360139735488,0.3417956833753436,1.3732485503151763,-0.8322600948582446,131.04724476668775
20.953337733890628,41.94870697970427,22.55527738172568,24.455421321333198,341.9393639516543,36.67790866462557,-12.360754248402284,0.9851521036832852,0.2906963360384713,-0.8986810567820025,-0.016180218195530345,0.48712222549629514,-0.11629450857986465,0.0322439998154599,0.3330450236451348,-0.95486142997906,0.5851703961928189,-0.7304771987451489,-7.1377775649705395
95.11586053593722,191.3358503716056,104.04540930497429,42.39040786475011,220.27777501749642,64.84583755447515,5.743278208425465,0.3896862110193209,-2.418866757700414,0.44001326641083083,-0.2233191695800652,1.4264436607164388,-0.24470235841722074,0.4934353800024564,0.0081175140578382,1.2895034110250407,0.40378808638541613,0.4190323597219789,229.92534188798982
72.55631895574288,145.1674526470151,79.4741143523857,40.119013640964624,446.53802436545254,58.643387290571305,-3.4049451877919736,0.15748269423275552,1.099121039184567,2.073357238654051,1.6070384305419663,-0.35603443912923194,0.2342498190206779,-0.5881930432367614,0.3489753648343209,-0.3315374026031489,0.6138204034076855,0.9998821262402459,140.31921917432228
37.545833560294554,72.00150594606194,38.8222087566896,13.259067245540606,228.4290940418189,20.4473981860013,15.552818021327951,0.034222772232821774,1.5352795054278998,-1.5937120749904348,0.9316716377850055,0.28022049860653553,-0.9941301106262395,-0.7081298842881882,0.09464191922408881,0.14541401298622839,0.3510667196958181,-0.2646637168509328,116.27450657327554
98.93723574257876,199.6035089195466,110.08719974469759,49.16843936408938,442.45617061300095,72.18352559246601,4.130843820996617,0.6368552371913315,-0.42389467548940896,1.0431370303593195,0.4292865954541512,-0.3001671387441673,-0.5293888775693828,-0.7936272288843789,-1.199838733716193,-1.0393126084779092,-1.6458794749150598,0.23118601738910127,228.5759942640888
86.67716243424682,173.82032310037798,96.14865749574908,6.4903806170252984,476.9156519847975,9.925680893986371,-16.208432401040774,0.40383853228613564,0.35745805282605303,-0.3075660792313693,0.09509535479017474,0.6318033544293237,-0.4812984654772321,-0.7518037703581332,1.4658814913208342,-0.24203304324438993,-1.3018204774147926,-0.1637678600150723,236.60948113670713
89.52245558802282,179.11094369217682,97.9640749699929,21.10104761077862,364.48073132402,25.498017258692038,-18.63098748089792,0.9060145303589954,-0.23536273592304763,0.20742129395632888,0.20393380036391157,0.6005152962995414,0.16414790203563537,0.2060933665951392,0.1649893014760791,-0.5709456472781341,-0.5734552155936452,1.1699652202225945,188.8570134712063
53.54603742950588,105.52571449749576,59.600428854340905,40.8494744341,330.88059248225943,59.28147029745951,4.852502424360701,0.5458794268955514,0.597541441871983,0.5459150805714896,0.2633775206031712,-2.2542556894259818,-1.1007987142570232,1.8025733105539627,-0.06021384688870431,1.81283901549108,-1.2578183711055377,0.10014440229170218,111.52406187349604
69.69232632730385,138.48254171916633,75.59418866254212,25.953646102124207,125.24710828648287,36.077145443371855,18.590141994750134,0.1262281693114602,0.15839342644549265,1.094440741530071,0.9685680465672142,0.8129932604223207,-0.5758567532188598,1.9494516568087548,-0.375440784220161,1.0025109969138282,0.41418169670004956,-0.040959673265271467,223.14165681764018
88.02707424350962,174.0415526124465,96.1961271913053,47.06248599500368,499.41791746289914,72.54341605251273,-11.125716335799885,0.01671923845020762,-0.09724421399853023,-0.9296550543927694,-0.46219600523114546,-0.3399773085857074,0.7773965538203705,-0.9405987313531247,0.2947787126920384,-0.9022180766120893,0.2975416405756256,2.4067768998539596,199.11799885733535
57.7783066407428,114.9091134222508,63.68779203773465,8.281775800476721,353.72504847926143,8.167792049100143,10.04416725518881,0.1520510803224262,1.282187997985547,-0.48733627200356866,0.5082484604916893,-0.6279421796091185,2.358576650233588,-0.6205020901257944,-0.6193433681120042,2.059322333240099,2.0848381899094846,-0.3704956622032106,171.0645275460864
52.12037324140157,107.33611205703428,60.04162369772448,0.017680628176958146,200.53169640404298,-2.4085089926491965,16.92208609982147,0.6131172671465942,0.33804660309721557,-0.08843726389775151,-0.4711710456338702,0.29745708706187646,0.7477050439811181,-1.5276829751012801,0.8604780252637936,-2.299522210279705,0.08316574608874754,1.7548697823887078,194.7352160600672
68.14761622034635,135.27973854215242,75.0724303618111,41.71645132839953,128.2126552650483,64.9232389264601,15.705540001821674,0.12347142194195804,-0.15611956388282588,-2.398468982633146,0.6260610415009066,0.8830614011233329,-0.7936762951306521,-1.4930466234605413,0.4983783810892882,0.03377376052288172,-0.1744507666686328,0.4313946155841659,165.57618718107952
66.56911621883648,130.24707364691466,72.62401037051515,14.941110768258708,149.94579714912018,22.264644677746453,-17.183890676430803,0.9789929595161247,0.7731826101961728,-0.48723423872349353,-0.4115571876575602,2.9444123271849962,-1.5486936536806977,1.4270620406024825,0.8508851446902104,0.7298514753649733,-1.7596912470026707,-1.0403587814289372,129.9498216179546
72.22932307344341,145.38813315993377,78.11077744857076,11.231670723423104,141.2200662153153,20.926637202214735,3.961879272784312,0.362549381265734,1.0079431749336243,-1.0820196182555344,1.332120408586946,-2.1982687781795955,-1.2564850553406506,0.6736456396123891,0.5369027410815752,-0.607708086368079,-0.13041247796298464,-0.7928109624030981,211.9122194637959
32.65037244278109,63.2168981098588,35.23899671496088,41.814812366384665,493.23464440304423,63.92298753406791,12.239659573301303,0.24274421919721445,-1.3366793498546699,0.042207912941030656,-0.23692419915830926,-0.40425183396443015,0.3031619256750756,-1.5406891255505533,-1.7692386473335995,-0.7091309488163685,-0.8598728487370428,0.8510326673536185,65.48272897772526
93.2718782877932,184.5356908162391,102.90924065930969,29.517151727603984,417.43998719059755,48.041220413912264,-15.301065454861643,0.7640306743876212,-0.9576213473551654,1.1472418969662728,0.8612811457584041,-0.594951367958151,-1.2969491524360126,1.0224970191111784,-1.0112212529439724,1.442586681658144,0.7819192783784911,-1.0450650643422978,203.84223093992347
57.048885176739546,117.505523106945,63.10392561014621,31.405917459870253,411.05230877339045,46.77596250758309,2.677199894409682,0.024144423235366252,0.43008957975788165,-0.15194872822493133,1.58047898795675,-0.8602353311851895,-0.25532010281756434,-1.9291104495063764,-0.04078026750265486,1.8465879254509743,-1.5019141601037174,2.2386354617261337,130.20515285726904
32.383097446686946,64.17590530100253,35.54847428773364,22.910228632056867,496.3902760589341,33.924686351500284,-11.624759269214344,0.7708089043459512,-0.8427968172520043,-0.2579902128025477,-0.7534652647310301,0.5379275261946606,0.7717321186729348,-1.7690331345589583,0.5597085872141992,-0.7063616141272008,-1.22136179065787,-1.0960569596987195,74.14679675366233
85.26120846667384,171.0501042330239,95.80543847449843,5.064908383105438,388.7762668443694,5.933711121273065,-0.11229227796941998,0.18619214562002173,-0.580636648700262,0.5270305010474989,-0.24577332342593947,-0.8960968363144651,0.7316382265646165,-1.9968005391078367,0.07584339108547765,-2.5293698375141678,-0.21461405499460687,0.43627790142973416,249.23291826715692
62.36621519884081,127.34134400455147,68.54416625617284,28.024264535383764,402.7082310912646,39.10101186527803,7.825443469266698,0.19861961225691194,1.1373573523683438,0.7272360779018103,0.7288209915079604,-0.7113284858115453,-0.13311406797482922,1.580839921218986,-0.9841082982776072,-0.20591345276563172,0.41166600700301914,-0.22209512079877575,161.7627437866807
96.04674627084592,193.7433944952575,104.22592515649134,14.695612942211339,328.04271272046947,32.136713868951304,-2.298557810147397,0.04077284221279309,-1.4170875654822663,-0.4407062064869804,-0.17393767698889112,1.1550463986680477,1.4287221335321099,-2.4776875642782255,0.020893724687392413,0.7151908036672997,-0.4174522963406261,-0.5588780824650121,297.3163660269477
11.117651885087653,22.25157231956164,12.439039840807764,30.611025722054126,435.17228793784943,42.65350344989651,2.72342806823227,0.4123235656772407,0.7610667189099494,-1.0770552273988563,-1.460301290756717,-1.5022817279295988,1.6432080124946766,-0.2167062030274146,-0.7604713124086855,-2.7289485202189416,0.2576722492243948,-0.73854777423422,7.1179021685008586
43.32056517009665,90.44589826319965,47.412854336681036,16.007736154038128,242.8296687514795,25.568449650846997,14.397787996365984,0.9862557925465316,0.02424984097000708,1.2429744134482978,1.9433068368586495,2.037486687033485,0.25390659606356963,-1.1626975579187515,-0.8572671181211899,0.13170747538413974,0.47921390640257616,-1.2741659147607052,137.701458681009
74.80956220143176,149.03659442799292,80.70641634506988,27.703641288383874,494.03083391178785,37.72780743648722,-17.871941786933284,0.6188059407313984,-1.0703661348043907,0.019283906158658572,0.5867452259078487,-0.1778301760336498,-1.189873799303357,-0.4707474869534679,0.8644730942390867,0.3269412678177477,0.3809495392572082,-0.418250606877946,157.94062598544582
71.38063089472878,145.68206246593775,80.03140762696394,28.487681318824016,478.9404508368043,42.07074819216026,-0.36760734592973776,0.7042178196040182,2.7396225837870793,-1.0303384708109233,0.2379256874895101,1.0708684056940714,-1.455206135907876,-0.35803761534083184,-0.6295852638213627,1.1361774628188888,1.720271051688652,-1.6994565813743738,153.21791327614483
22.980976171545848,43.030492547418596,24.02710081745738,15.722929635172362,102.71013668444309,19.92889029790231,-5.666019443438151,0.1196833832161196,1.3655732426523253,-0.1956294175759948,-1.5908546744211611,-0.3011102518245799,-0.08273866824510004,-0.7518774968582075,-1.3548788350139254,-1.0043580701178756,0.27162849365554165,0.5710883111930207,21.321624801581237
68.44663123484222,135.88474419341557,75.00466498377344,4.455286299497418,478.45885575877213,0.14038203804586047,-4.501954375233073,0.4075741870797478,-0.180396253120642,-0.5154024644530438,-0.24835174229988335,0.3739930992569275,-0.9619341247051463,1.237595966133289,0.8531510031186881,-0.8106512359190567,0.40489099561213576,0.9286976812749579,186.4750102183973
30.39761842495248,63.61554965664386,34.1558586592989,16.98600852926354,400.7261547268268,24.87674213575407,4.246377069026494,0.9820101228142409,0.9005074165770223,0.35095977766342534,1.2611364533938674,2.2440798697343083,-0.0950499799678076,-0.01758824382152553,-0.177402536368829,0.1568903236492313,1.0654153163157587,-0.7226369672081246,81.67031111129823
87.34227617267541,175.9274191934213,96.27183030587634,31.043619848117736,172.7146820283353,47.11046736386443,14.88388379907044,0.9126146298249898,-1.0582202140513206,-0.765983993075878,1.2152131709543266,-0.986970103905117,0.45482099514802865,-0.4288729764954889,1.0975436921440456,1.4879059297328077,0.27613788880276036,0.05329074500389869,257.9035834843461
58.383086248792836,121.35596226371986,64.97874749500278,40.360241731348616,224.6661392898336,59.82484602066299,-12.78332960900476,0.5184888479663826,0.9503171622688271,-0.6883442825993278,-2.7409253017755444,-2.0850947514137097,2.065437343763726,-1.1354983217692443,1.1355054476941873,-0.5465226463194665,-0.8348274033462136,0.7008882098567125,99.85874852002219
20.47434650498224,39.23637097402533,21.703113843378294,18.284675531603906,195.78054237481072,28.22550747016448,-3.8286122555761395,0.35832140638399257,1.951480711358104,-1.1276063266597083,0.818847208204601,-2.0342118031598346,-0.5027764124704323,-1.8440961388773411,0.9854029208576902,0.7044634247559459,-0.4545901229213722,-0.7525291366717896,20.939317666377853
57.460373943073314,112.72560555880784,61.987874054980004,19.709245770023564,318.5524482822374,30.363845427819868,-2.0838171948425135,0.19804151574491813,0.9901883980555456,-0.3617888964258305,-0.38072209824683145,0.1643590362752689,0.4641510359146226,0.07003296466423965,-1.2713358399514987,-0.5149718559252061,-1.0731467060523776,2.9288470844036585,156.66808867415762
79.3666694748957,159.13799471135547,85.88860161349488,26.377506491265144,116.65301677012114,41.993772912376215,3.498794361308626,0.9002763448005535,-1.3798437600160598,-0.3801586113073685,-0.08338559851019614,-1.2334667849947751,0.8124793872329724,0.24831797108625533,0.9764276763816777,2.3886154761250977,1.767793153778068,0.6044475464674061,200.73407462166892
88.633468367475,177.09162057315424,96.22893210709009,8.914505879858725,248.32956993917637,11.3020563125155,-16.053970617880303,0.9499643011816247,1.2312092251288576,-0.98821390358115,0.6051040029874156,0.2986255781421976,0.3840169469471962,1.3777425469486266,2.248437423225798,0.22099116231324223,0.4171203709064031,1.471204218737621,196.4110828203271
93.18810124799424,187.8586410713149,102.97371902313805,40.68188738645799,432.5216154180488,69.82849440521427,13.06288845192546,0.37178377745735414,0.15858381869803537,-0.2577397253415069,0.47310541121098804,0.5842571888082486,-1.012525204287684,-1.802220428859797,-1.150348339451043,0.6059297004145426,0.9193909046144761,-1.0595932377903738,241.784236741931
28.438865278844162,59.24069814671329,30.863584494511308,13.630746829958035,376.11250284381924,17.76923314891437,-8.876532661129763,0.9010758041552939,0.4711653940048068,-1.057218202601099,-1.1348006310229874,-0.8258938992254439,-1.2221461477945592,0.9422449625860321,-1.400129795187061,0.46342406262745306,0.24077465519044916,1.4042879771888204,63.36557410211728
20.375056149833974,42.64257394521023,22.312762593574192,9.16792807614047,230.95142593195058,15.917635237325626,7.236224029965214,0.9306193194912317,-0.9946565296516044,0.7399467641835442,-0.2811032774990515,1.26863116352698,0.39158776409012486,0.317748637028194,0.9176276832094757,-1.861920398951905,1.21035443950259,-0.3915109008029477,64.70035621747873
54.81704933994215,114.2266160466102,64.03462436199628,23.44784940735243,143.73755786242074,35.931184584319965,-12.620866869804853,0.762541411024457,0.2581978633311333,-0.697727021016633,-0.8039827497567587,-0.7116916279919736,0.8412410648412907,1.0535455527584034,2.252024466195421,0.5941144034638576,0.06815285739600013,-0.6436258511780867,133.0068544069489
28.93882218928571,56.803869212123296,32.69130235588985,47.42947077479606,236.5389968737589,77.59172779397342,-5.995311301340038,0.20064929799409814,-0.6149961895843468,-0.7840141305559628,0.475105651012886,0.6814307820731113,0.587329888503393,0.248264300106926,0.5019397463475745,1.37623290863804,-1.8775786846766036,0.7588283973194494,-11.198335484600445
16.244459419757177,32.55400394225982,19.114340124683874,27.84265658300295,157.34538002944987,42.763272850951886,7.390513141492406,0.409924168274159,-1.356361125216432,-0.2966908124478542,1.1205974392051299,2.035790317203971,-0.3819461374159311,0.40483020236904427,0.5798443957442041,0.4427688910554227,-0.9442888943851904,0.873294587832626,20.40051894460441
83.23354590592871,166.58542088344748,91.09104800333924,11.225903690672013,351.3146371698237,15.755853747257264,5.954505152701852,0.9108114576073604,1.3282588553412278,-0.5530113068066653,-0.2803176018623762,1.3549550530167667,-1.5781496413200193,0.5163787565478253,-0.5637237349272298,-1.2565247702239302,-1.6736373853693467,2.4578212486280058,251.14081621045898
50.94858529509318,102.90566947082495,56.06640922605126,26.82273383417886,244.05405886125516,42.86462836639376,-13.025873612451647,0.967370006356029,2.0671133191044024,-0.011163594830763582,-0.13900079684457206,0.15164962702931717,0.1903687825978251,-0.5241103146423474,-1.525307854278902,0.3923265188978512,-0.6933209556972556,-0.1849899574665403,105.22070397385865
46.2007854227139,93.40284809212065,50.33384780006679,47.09405467129959,268.4562620032483,66.40007007635886,-2.24428446520146,0.388442855056503,-0.5813939439640811,0.6716129940564076,-1.29023239433106,0.9513142932964896,0.19125782337652442,0.6727270480337529,0.23847685840834612,0.6131607138520837,1.0285760215096624,-1.0467520147881437,71.76895714946879
65.69886261751756,133.44067667787903,72.14295771211837,38.19882899227675,263.2832359517116,56.01356553417607,-14.346740403702128,0.1086501817615978,-0.48710117791185115,-0.6906501353950232,0.8588827738269109,-1.4972907307114485,-0.23053715768020902,-0.22650546839409788,0.259380640061276,1.2398693635374944,0.5447446873296057,0.8204957428774837,101.73646565556604
56.57507724211025,114.06749838429266,63.48754807407064,34.698480444570365,254.38826849279673,50.85335837032382,9.838867986390042,0.5633640048596265,0.5653583511337349,0.8415972489472849,0.13201907327880824,-0.6506841957297679,-0.9542620632042924,0.594801012592495,0.3572990367927457,-0.39004870921216783,0.7918223114284306,-0.3650201956356946,126.64075279472178
93.97181956995529,185.46166442220084,101.56686484846095,43.79582853440256,370.4757633717793,65.98611886506104,-19.653252685018842,0.8622492691089492,1.8503289962981149,0.6367933412485192,-0.8343833984292601,1.9862978097383346,0.16626335969607445,0.5466383919662728,0.44144387920272665,1.865151383375791,-1.427350885131868,1.6618863403531514,170.00487826637755
62.51036689733238,126.09277485322274,68.08215190438021,35.180160841054466,215.8964195944085,55.866890881179444,16.0326823236231,0.1520168942455704,-1.0618838335490333,0.626323642497447,-0.43222984851884505,-0.3972330333851531,-1.065806153819415,-0.3635698604547452,1.5219883147967714,-0.16026051043652023,2.2473959829357346,-1.5553247953004783,177.06376467904357
69.74821809743466,140.80863923544356,77.98085289387198,37.78367565549103,154.23949623176992,54.52752988536756,-13.181681702393861,0.019954119519705826,-0.6996914129398941,-1.7080393609899787,1.2031743415750689,-0.5574950883149281,0.879904956785162,1.927219253178895,2.378715648619113,-0.44916998000012304,-1.9017005304089805,-0.8483578378201829,132.92105883727643
98.9033768896084,198.3782387812995,108.71796194461297,6.747170025121829,220.0418164651786,8.780970642524146,19.715872089573402,0.7909675386578917,-1.2453237548598448,-2.2287369689524468,-0.677513724153601,1.42353753623546,0.3950811403148432,-0.13177655892769924,-1.431097378074538,-1.0788996353511309,2.0950606183388816,0.21073961809730177,338.68797776955114
47.59647949973614,97.09407193052523,54.631587972796915,9.601157349878097,212.09833616625184,7.780681793506025,-0.4156379942394679,0.9058166531241083,0.699637666258186,0.2371407695102777,-0.38033680921195295,1.0232959789456986,-0.2622623281113612,0.11752506296357738,-2.5221046772521465e-05,-1.6888682202407679,-0.39491519390270535,0.1064712033299681,129.6446362943419
59.61467022317381,123.00108888426746,68.73241818363877,31.20848276118855,393.85650626913485,49.72804218273951,16.181392809784697,0.3800169332951093,1.4549546190436353,0.3346709069132958,-0.29639349468682474,-0.8543990846110122,0.6425327421233195,-1.8521180534941653,0.21756129589185982,-0.9992230722120908,-1.3091043379036988,2.0030894338850134,169.67684634822982
74.72053962605382,147.24845851925934,81.16035931105738,13.333626495043232,465.3429402407235,21.102422767497117,6.648903761309889,0.318613923054033,-0.4901741784508249,-0.027103446744738385,0.6749025994049669,-1.6812610526229987,0.30761101484838854,0.24501688844738276,-0.404791505101796,0.4130740402586586,0.55194600911461,-1.6472477139978365,224.68124431246358
87.73213592758059,175.79276896525647,96.61386478858255,40.34931225371912,448.06383821043795,59.23026384565262,5.045055140746932,0.8713493791901301,-1.971621181654608,0.49616341615127674,0.10646028767311709,-0.46085904716005843,1.1243343765259755,1.082433190137953,0.5163736237685903,1.573119494813877,0.38280350256532697,0.21408209564701328,208.73605144632324
95.6252729016746,194.7915601039513,106.29284319849062,11.653787348501027,119.99945258193962,19.795992965983313,1.173339245509677,0.4760441095944563,0.9662857372851505,2.8107448436122713,-0.5058907884924195,-0.39474517479674315,-0.3557250799764696,1.4589266533090923,0.23517220595795224,-0.26672271294731315,0.04474459657122825,0.10327018833296865,281.9543490658298
25.826582146265594,52.01282006067574,29.044755532833413,27.09992176869291,489.0894865672159,39.20467737826278,-16.968809608161894,0.18704805410367475,-1.3475504924041608,2.7992578180915078,0.7427029572141536,1.2106757678361362,-1.1347538846345828,-0.7434379868754222,-0.8190841768511272,-0.03426683408713533,-1.670150652740871,0.830945925340669,-12.679694025149459
76.18988388530434,149.51615318811915,82.67151673356013,48.4069521291297,200.66726887657978,72.64003899027087,-17.488680930756615,0.3442232527039457,-0.14902159799735654,-1.3828040485236173,0.16847130632572477,-0.3718540676940708,0.14372159780370833,-1.580404678506112,1.6467494937826779,0.12438681491255668,1.1324773266070316,0.7011647495201188,109.99085854309509
92.47000457572118,182.9910754797936,102.28820099828114,33.90977753672603,126.35152509570457,50.416511080629235,-1.968521965112533,0.7421926469427746,-1.1680230273794843,0.14421048437728645,0.07300429972945133,-0.8642306975122589,0.6497172000226048,-0.0036846061605294933,-0.2521534294087778,-0.15393012527715544,-0.6737145376418155,0.8926810752555571,248.57827574481297
51.547619694419936,106.5277853235313,56.8364463441157,48.61380323888424,285.44954320395686,75.57228545419514,-14.316684383791927,0.7505520834443283,-0.194829396413925,0.10775143472401374,0.5587149408265113,0.6704841162252845,1.4114276742723897,-0.09091751194362876,-0.13524711934779737,0.09902011194610194,0.37848860098233106,-1.4229606149725549,39.46484624510806
25.550195378016518,50.036592362287486,27.4345877271224,4.742310202266781,256.51665768709245,8.714469738902984,-19.132773131930104,0.3922318976992095,-0.822382496708793,2.352571376561996,-0.6846779734249846,-0.2192766112767653,-1.5982414906663982,0.1355420191481135,-2.213664994512575,0.9935490002434111,1.4155061359952323,2.2249348315338047,50.98261185034599
15.378437502706394,31.479444393644112,17.043764860663767,16.16412502006594,290.6801003450681,23.70896538794757,17.73351952261674,0.8036220462352324,-0.13976023891078326,0.08106719080517107,-0.20948690411842474,0.5490875609257373,-1.035961555584777,-1.1095828832141799,-0.45988109537389826,0.2199525944568997,0.5592187123868112,0.5912354064755798,73.97042181967338
75.22810752393247,151.85980749851115,81.30140313212102,18.478377001482126,488.1722821996303,30.72987517265348,-3.3199768525034656,0.20945598888826922,-0.3359251809136467,0.647174303038217,0.6000242322524417,-0.6240717745242378,2.314178328062253,-1.3541585358587784,0.29166983605066055,-1.2386571721691098,-0.7932363131748249,-0.41821062006640336,206.85484038965993
27.49399946009385,56.21755765204721,31.243748630686884,31.634086583657172,488.45427307898063,47.982071425751045,-10.519284959637556,0.8196569848738541,-1.1235259166875413,0.08069989484484992,1.1872145930978697,0.14541459123141318,1.3741251275523378,0.9412268757960705,-0.29374889985152414,-0.2886513146734758,-1.3563366331572266,0.07728978374961683,39.203389085906934
90.18195156189043,181.883063630519,99.45205600256783,22.474246244719797,410.9732872044495,34.330046411753074,-14.27666563875006,0.847772782875294,0.701361677158941,0.2727115382628993,-0.5968302638028445,-0.6606441685800473,0.5200909348099128,-1.0233289974070734,0.4847207990196674,0.6340634988798244,-1.2373820292932511,2.6280416585843036,203.10092390321205
64.42939221478413,125.22654973394454,69.36098410653454,32.29207887805814,483.0902782789145,47.195543773274025,9.336796719003601,0.7354948810098446,0.6072550372827892,1.6848249621820062,-0.35818027510670264,1.7319841521982537,-1.635584925489352,0.8595434714796891,0.775913598325157,0.05329166423170543,0.13976310219419252,0.17799975649375588,164.12626697196583
68.6471469548266,137.35719214880478,75.1270343602606,23.246974041982327,463.92264960104154,37.393920263331275,2.210574494891887,0.5938450652669316,0.025374618339277625,-0.4768254058757854,-0.1184861233434671,0.7948265063919436,-0.2980063690519503,-1.0578397089673979,0.2729525893593492,0.44794821363649157,0.4949383802278852,-0.14007208919971886,199.62640694799077
88.09639282068925,174.3778426822957,96.05037366155557,15.763436567710464,388.20049874493196,19.628883938891306,5.853132702077694,0.39553769810496586,-0.8804803634087619,1.6856531097190504,0.7964162577496722,0.1755732770436491,-1.187935048435296,-0.5195413268513223,0.25186362461177275,-0.22699035856135966,-0.1085956790501201,-0.5206026495511282,253.84270325608725
15.74901121426661,32.54196316531403,17.874333155153106,26.1390291763029,476.0491154010707,39.68139712079976,18.892777370536635,0.3381580492940449,-1.4222588053224932,0.8698193843491356,-1.2537416508843273,0.05947469681666024,-1.4157865286462368,-0.22131548282846944,-0.4607659712012537,0.3528373202828515,0.8109541097771175,-1.6462958695738525,77.5374762479588
50.364833133782746,104.02824962487935,57.849532638802756,13.037734563423747,195.7061501041477,17.203435709927945,-17.900675939648583,0.8428931809759719,0.04509596106942975,0.29087077945379053,0.14085758639109103,0.7140199210651658,1.161216628682651,1.6551327280978048,-0.8831820652339187,-0.003240049351181789,0.05579810779679391,-1.4885585013608533,85.61834831564393
11.73301581980455,23.692975547544684,11.815708760728123,33.48210368854633,378.8498980252108,49.406608089457244,3.5867464649693943,0.20883660934497406,-0.10398761814894436,-0.05952078953941139,-0.39350424619164787,-1.2600432184649695,-1.4459656589304255,1.5767475847026566,0.3551853819896652,0.5935774239907697,-2.1641613717992683,-0.5013388691978494,-6.64569157400569
76.98285040297557,153.46568333943287,85.78114653823214,25.543981190182187,163.94532869703275,39.545096344770336,-6.620570362874144,0.3270580835486063,-0.03271128486694733,0.5026986456618665,-0.053319466378202,0.23587866605982236,-1.1562079994626615,-0.8780050092926023,-1.0173475106887246,-0.07559910259835809,0.11614183349784092,0.26761273220386544,199.5830455072725
82.4172234505837,164.65060902993105,88.56953277820492,10.007131755262344,328.0827901831344,14.91346310009249,6.9682533187694595,0.8866521536801618,0.39137291058742013,-0.8615891460125734,1.3216715875961962,0.4699067277690153,-1.8966910929551062,-0.8470318590703504,-0.017532720839076102,1.1961959288302775,-0.2566993507867836,0.6495219394570677,226.36505702783285
26.28272322887346,51.381069840617634,29.572530090073283,35.99710516205866,387.98771002101535,51.1130435369125,10.154345680849932,0.9208189509189296,-1.3372784202454298,0.16743898044979041,0.41377999667189375,-1.4241340259117055,0.37183884822473734,-0.15313138166392226,0.018183340285750773,0.01452293526281288,0.3142471184042143,0.06240488502954526,51.02741052683744
11.009071806153948,22.01682288159197,12.113886580538193,22.25303068064932,391.4992915633646,34.696358577241966,-5.278009410110522,0.6457721158175576,1.6183654845243267,-0.29882247164405557,-0.5652266054873442,0.580919787153119,-0.4783112490248952,-0.6909070051630476,0.49363048686654054,0.11031588897221621,0.6944738516370346,0.8594949212347657,-6.391589880556735
93.90210769968164,192.21599192166633,104.3832987710481,6.016251042264087,354.6839140184537,14.11093763602263,15.211622694445566,0.9320431759693086,0.22303859518784103,0.4349055546035339,-0.17372760846845797,-1.0884187705451493,1.165013760566455,-1.0085118208285866,-0.0309426570155196,0.21136967358284975,-0.3334301618474614,-0.13990807326768373,305.55672003742797
72.26213674095672,144.95761392350008,80.6014692712224,18.871251132301282,114.86446707672901,25.245644849295985,-12.999084301916625,0.01326906365722924,1.1687230232975856,-0.8785576574984959,1.978676654354098,-0.5156132693886722,-0.3971337061515844,-1.5427789669806171,0.23095890157473023,0.7540910978771383,-1.22039889939734,-2.2615429937431513,171.02971933767017
26.92628332327056,52.503091193046544,27.519985066840853,49.79187274358504,117.6492419049766,69.2316100530999,2.3577758527238437,0.7029469347635479,0.41327506554231075,-1.5309262448708403,-0.03857354124037605,-0.8207957868796375,0.8129342374863097,0.5046253397851743,0.5391166450040821,-1.1324622899444408,-1.506796109863487,1.5399640199484506,-8.22138743353197
75.35787425631408,149.01425123255035,82.1604016254228,31.96570923432251,262.80065826762535,45.41411955105454,19.340511663984394,0.7673132888410206,0.8963213622452274,1.1958709085285397,1.1529056747490702,-0.960753354195037,-2.1351219782729656,1.3962651652708664,0.6541710515494324,0.39493897139626927,1.4755895806644106,1.73080686291237,210.48379400897596
68.09177266053828,133.8120251839276,74.56844848376103,34.01688343445813,455.89636278973734,47.305354182894725,19.308563657123685,0.14505049287373228,-0.7707148600592727,1.1870709139576086,-0.06382886212657059,-1.9506044661576067,-2.460814541432769,-1.228490266752642,0.48990134050345535,-1.8006510697992504,-1.4811497919615306,1.1289032357897737,223.72910973795666
89.2650713776737,181.03208302269144,98.86743208023054,25.978442320158816,330.1858365656152,38.85524336307183,17.6915944113439,0.7397112639753693,-0.7092517993104936,-1.6114279734375447,-0.8853786277464576,0.060284586251909404,0.4997846981674247,-0.8275629951845177,1.122641136462653,-0.46974670651156003,0.2968664630201866,-0.6375056623405448,286.9803880105857
41.602092217537525,80.4087387597031,45.835546619213474,5.321331406315716,356.1877389070459,2.5327556212697644,15.809374080097356,0.18833113250286793,1.7764504021162801,0.006653785458865241,-0.4774396600415096,-0.013536171629683685,0.23852961943661613,0.30495275073162575,0.7078531208942331,-0.22945170250447428,-1.552150944363445,1.0389507882057487,167.13661788550874
58.77701943697314,120.56964813715226,66.60623990439187,1.1752806664332704,112.43897764618418,3.1558109635670606,11.042714023733588,0.07133615066872423,-0.05298812914765418,2.4555200870752296,-0.8296972162854286,0.44319739967764016,-1.2685356068037368,0.885591558780012,-0.3073768269588751,0.9416686650651386,0.27305513674446147,1.0220107907676201,210.17894873246615
63.072171678841194,123.40704530639164,68.744751135881,2.093744158416022,296.53338783089356,5.722060740858235,-18.75838719136054,0.7006315028190425,0.6327939039179797,-0.7535211299778443,-0.4406184448667179,-0.1102362062232605,-0.5236934784099033,-1.2892374363302568,-1.5811313022072233,2.1461802798122687,-0.23497178796622833,0.014326017705899748,161.45168027636439
13.480441768833572,22.62639963031949,13.699413431861938,23.74358931636675,317.4939813972975,39.79143206165029,8.62433958986366,0.9223108894676388,-1.595892325140629,0.4670637193886613,0.15570607621547514,2.8716057484310276,0.8411844141074664,0.18437967300541383,0.3335727930406586,-1.9354180635297322,0.21449126403526775,1.005643069377011,38.29223528619279
10.926455568851084,24.610655607041476,14.285218539842854,39.04174530067881,474.21527357785266,55.23358692523096,-1.4728008881982717,0.6971310493726279,-1.7369389366057024,1.470733425951356,-0.1797676262454138,-0.2599355646488847,-1.3290851603006326,-0.7934884091730303,-2.1532283984321876,0.12054850550987595,-0.16048773880865538,0.5740206481156634,-19.897015939343078
36.12579915002607,71.7796798508677,40.0171125933596,7.739809516282664,434.9497737789769,12.697783337297324,-19.77230000874291,0.7757401149312464,0.7587429650004681,-2.0348747798431503,0.04213795640002988,-0.29657538190401966,0.3742598041723359,0.8313686688969618,-0.7894594937044773,-1.7641920145663605,0.1445023832968748,1.074937970860053,85.03512108281478
73.07020236047879,146.9269517730016,80.36930755253155,6.960265387594328,396.1425572001842,14.084728369025996,-2.476108224348529,0.36667564358068516,-0.0642655751472102,-0.19332047227466262,-1.5193344429368245,-0.24235389633451443,-0.3139467165657639,-0.35534578870585587,-0.7976273193793104,0.13323546150449112,-0.9803803894246936,-0.3689179696833648,208.30805343789893
15.865780620663354,31.34074938981605,19.764202593268628,17.882129354262915,260.53078921769134,32.53360416765014,15.02131913230636,0.1210108773716485,0.6827388271877864,1.1062392072419809,-0.5554328683155264,-0.9343683440123047,0.9665308105245309,-0.021134351795150396,-0.03035937033697659,0.37066192273905535,0.15930714481147581,-0.6204900848649174,39.79621259846965
47.193019020754726,93.03296222964966,51.24017598992865,7.369361557194254,153.28592880559606,10.918913523100871,-17.6002405553472,0.7880870924306319,1.1244630839991792,0.9634726940308436,-0.1145724935334564,-0.06831578903698973,0.3967105913801328,-0.3707358769006105,1.7439317628516031,-0.9483207304657147,0.20455391561844302,-0.6134420383694762,99.0325765777611
52.728359721934716,104.5513968448616,57.790444233114854,19.392876905587514,353.3586252541238,23.856567336424213,-14.155504206692475,0.12695558263246431,-1.9834492383252584,-0.12313524742205426,1.0923590898917934,0.49730671751266575,1.2882692323937583,-0.10251533848503498,0.030827016741315442,1.6730620340555147,0.506602714598472,-0.8008233304076344,100.06997763488734
30.2807844021753,60.50666175339819,33.64210707451523,21.5935517262328,448.26749062683456,32.52625685837564,6.866239227800143,0.9307799814170765,-1.0564917764107968,0.8653617115306764,1.1140266104608243,-1.2330581297030463,0.9624703423219971,0.9910264259999549,0.5271340367180227,-2.028293642305867,-1.0199134672593524,-1.3327735394101627,76.1842551449246
24.155661327545744,46.97253299427961,25.68977838821231,38.654958484715,273.0966109032088,59.07304668051023,-16.60629340872933,0.8916504664499164,0.8737697605417698,1.1347345586266926,-0.6821234124043392,0.7307815589195298,-1.7684285062259326,0.40104512324614694,0.7377463874137701,-0.4231977136921207,-0.8683085897046026,-0.19575732777310642,-18.789880112052032
37.73276773828343,77.73509524852739,41.80630709923926,19.30469265483979,448.46362125726847,27.212788046171006,16.93815996711963,0.6052048176477989,-0.6929770999126605,-1.1074108485987988,-0.42871265220798,0.08365857876001091,-0.9136872467480712,0.059354645813351224,-1.4047143656198497,-0.1505950141145278,-0.007909474118669392,0.7902311461287588,104.87915478068464
34.41260806268183,68.24352978265445,38.844060624564825,15.652581649579044,462.32432819653854,26.714900539297467,-6.059471377032795,0.30634763234739404,0.5531965223217521,-1.0734218255420849,-0.6649819887592754,0.41304373832079744,-1.3023454914167925,0.6754951603175073,0.2415136129568033,-2.0895581629582085,1.0986703079627151,1.3158588837467717,66.52121451088725
36.551376932091586,72.37342344825748,39.113504093945835,27.13879590962201,228.45699550051833,41.88552636388761,-13.063375616904867,0.7245926985348949,1.016075352091755,-1.0015512964006605,0.48503048324109393,1.6986810864271495,0.3077297431243972,-0.5565297098152585,-0.7039719957135544,-0.9373246312588532,0.03157000484896656,1.1504918490312828,25.336363485683172
34.366644426610705,66.47435531076916,36.60975370699117,7.316995879533033,342.39350280776694,10.85092250287559,12.524581119621814,0.9838675662359667,0.6470090171581979,0.013283422902653459,2.099143870708919,-0.9221624961946242,-2.9411644419412486,0.8592875482539905,-0.6970112698807487,-0.4038823881496339,-0.6075581270117504,-0.2741099908480067,165.91717233751066
14.589373606011176,24.095072108010193,15.764339156008104,29.76358872207968,290.54726194492645,43.4985765247441,-12.755810879791799,0.3613349330434532,0.1060540741216068,-0.31755291198833246,0.4621201504688011,-0.6603954640615438,-0.7542084382399418,-0.23717382078614088,0.4816657624232746,-2.2290298570537943,-0.2621871976337742,-0.6243511701382273,-19.571222448568307
90.21803848018293,180.1788462755614,99.10550603532076,16.88029467196623,349.74400913587795,24.780142233151373,-10.780466729272128,0.6183119014178312,-0.7114420146881716,-0.33815470896216354,-1.813167965390027,-0.6222603346682853,0.735605010136145,1.03559596986393,-0.28683215187779343,0.6436789866928628,0.6404054252930034,-1.7541904724378263,246.37195975113167
28.282708814397562,52.86316075435511,28.341315919393374,4.558887545481421,396.1824435416825,9.195685531206474,-0.5497169123401413,0.09568365846718063,0.3986252675455211,-0.5835394516424912,-0.5824455040019866,0.15147276462180556,0.3260534608323037,0.6256900137918745,0.5768128129910585,0.46144165100160456,-0.47304788006828435,1.2286178132508008,86.87733892767909
63.974470097296376,126.89976519470135,70.50976575882191,5.018330681056604,132.79885473410667,6.768906966905071,9.566575553452491,0.3844755206300793,-0.733436577061568,-0.6470448858855702,-0.7697181403718754,-0.20416275454066088,0.8567994752963646,-0.786481258289087,0.29993638104488474,-1.1808647353834418,-0.5144776421580729,1.0572319816289497,193.91351782374113
65.40740508519903,132.25265586099303,71.21813264110934,18.648052641941504,381.38255500005766,24.227904732186044,-4.893429229145752,0.7880699515641205,0.23112818744397906,0.8372291180151112,-0.6258409298853865,0.42473333775214267,-0.18319447907655814,0.7010681706495117,-0.9094241606606239,-0.6645461666034913,2.3126890464342047,0.35551693556131825,151.72288344083393
31.96656069228763,63.22336975700373,33.91206179574126,40.00503198127422,255.54795137541447,58.353239668347264,-0.3617011200511939,0.7241784888902869,0.3643549244670342,-0.2338426286637964,-0.022292480420481774,0.7200608338768917,-2.286207681349624,2.5413992045950526,-0.6020560721878201,0.08171074205233482,0.8724023071701084,-1.1446569811051124,45.41914390105696
63.91946984666802,129.26605406678863,68.9420038483207,48.95807481610927,245.82873597138678,73.52471106971907,16.63399671279003,0.09237678062505983,-0.10797439342796009,-0.30176997540302114,2.037176362583327,1.1075669334854221,-0.7970902920434649,0.24192688360885808,0.5091566182057833,-0.6274094773439816,0.6231171825503763,-0.3634402376413241,140.31964552984687
38.04385121909225,74.64722785968073,41.32277044522952,4.61354912107611,120.85861436310124,3.956715830669911,18.153555353524396,0.9415087829611818,0.5654084449135358,1.126138362424768,1.9834315037917642,-0.7563757323330431,0.1567465485621558,1.8091784315114605,0.5312745028385856,1.4869480264258432,0.4218361841123345,0.19009027783627036,127.85839727776928
83.55607845248969,167.55801688325334,92.50954993319272,23.12685644382188,404.34411278048333,34.400916463581915,17.286004181744666,0.2456465422131744,1.963670070192389,0.10802389351472291,0.12305628565161894,-1.1936706458247441,1.175053544086976,0.15383224099756584,0.5044676226146144,0.18827184399924024,0.5555744611375124,0.17414916388287613,248.18516359890418
21.906188516119865,46.26037820268963,23.383197731186737,28.69322515396679,211.71082098008753,43.08909020380153,-15.604952659180853,0.2482147973931349,-1.0672275407224137,-1.2923052862346698,0.8883578074161641,0.39825001265869525,1.1114045907068044,0.004004101587436944,0.4544515582265723,-1.4342021058000676,-0.9868121106661818,0.765281916138348,1.4002208825990827
46.3508615642141,87.64799894843445,49.068788257658134,47.16426712261742,241.57419439072822,66.98233194554977,9.973732055782854,0.751631261791511,-1.0123226910394607,-0.15037786658555513,-1.1767149315320597,-0.023311470723324432,0.22998978369249848,-0.6408580205221743,-0.7750708891813305,-0.5616219670719665,-0.40814246210066407,1.2992696497215417,69.23909813957921
47.11717035197843,92.85832605073266,52.09597485929088,15.727259027667934,179.4811390349608,26.783010586725382,5.538147017463295,0.14717016704336128,1.1709297437146606,-1.3248466436105,-0.007044157091925182,-1.4471678929083116,-0.24020437628686372,0.7092468471485499,0.7139338218474386,0.07372871819313996,-1.0712939357820666,0.4317573597090144,134.32253290545572
51.97141434371564,99.9033794328598,56.405456181368756,23.16496526092816,266.32001089936006,41.65993605956121,15.881554675109044,0.9227467261350515,-0.09301192722813773,0.3170381844353527,-0.9649149865152541,0.21511492448887223,-0.607780285848216,-0.8756392787532622,-0.7633829001704219,-0.5418090171259308,-1.135209156126855,-0.08978432157645999,167.86095119987814
94.05794611813255,189.66595230698954,103.08905653360782,17.62412165531977,177.39172074300575,28.03063997216115,19.683982462079143,0.14593902784837565,-0.19179727395426804,-0.7691315107883823,0.6941174669812825,0.10852292254560107,-0.21913178031495092,-0.029210284190529696,-1.4703490483533048,1.0208410192606627,-1.3512825857153177,0.3443183214756765,294.112042449728
35.64344527659623,73.57732081340667,40.274325378646864,6.1648897392798325,275.3591381266489,4.167594138511078,-18.55376313140392,0.7793078761398028,-0.17277283777994232,-1.2810883048476664,2.3941266147354034,1.0771740758706905,0.8891645067844223,-0.39846665209369214,-0.5733655486801983,-0.9112596840940402,-0.13532927636954437,-0.7766556324845464,71.22941061835542
22.799011756403658,46.35944945006836,25.08217094982404,19.19447678169601,257.75976246666175,31.252496970538353,18.142386416477564,0.19449344589096207,-0.942780015262979,-0.4385473877244064,0.2633251415897112,-0.5094855184436318,-0.7342495662971299,-0.22364421063339712,0.029103794968393347,-0.01694857044664664,1.8099529366313827,0.7998763445434514,83.6024163836929
33.895691971863904,67.05617660784789,37.10489807675005,23.41533076581881,492.47890760184504,38.2389140447941,-16.80121878700938,0.45960628100998524,1.1174863069420133,-0.818298374400275,1.9336973210206858,-0.250974308256118,0.7429000360985205,-0.2124530958568015,-1.9570750142257445,-0.7545716842246525,0.3526254208153892,-0.8236515567011058,32.826436654924606
69.84473496219498,136.76217591613377,75.7030609570528,41.76793274155411,335.9118328095921,60.41860962145516,11.1318444897503,0.24529653956144215,0.4232233045093012,-0.9791613849210999,-0.32957566250728315,2.3486600151607764,-0.8386591611249118,2.550073028746823,0.3240117242272405,-0.017703002139856813,-1.508440108745659,-0.979945245322625,143.5608283797479
33.18780496407085,67.51779086714389,35.7120146261593,42.22440972308682,187.58102321847122,66.56248239903472,-13.869669757470003,0.0985972337229678,-0.9165060213770638,-0.2489290929831459,-0.04895891710264201,-1.0414489268335063,-0.20091755446418857,0.358959120370771,0.5989027489536762,0.9765693292703702,0.333614054715314,-0.1610775089296075,0.014804467012313971
38.2561304669917,78.1546020917734,41.88906566754609,40.75304174131442,161.61837701267868,60.39228404754956,17.503760865443972,0.11822640380268845,0.18467787682458137,2.047333337534444,-2.5172748957992925,0.12884640930590063,-0.8661935642149458,-0.5377403006796663,0.4806348098449148,-0.6663670319956312,-0.46118100542076235,-0.38432581847307606,85.28010562896038
24.32728002830143,47.74821314712968,27.34866325450952,4.143918715663192,132.83794546815827,6.327993385024042,1.6148181046672505,0.49264847410158297,2.215731730186012,1.4517806029647808,0.5158569258242368,-1.349802961353498,0.06455929547875437,-0.0033140195275657516,0.235279410382746,0.48082366193758397,0.9509380209374817,-0.09772671569131844,74.53234848022392
71.70955324640514,144.29125001608904,78.30917993253057,28.599862786948748,116.1719327128576,44.999712152831734,-18.442310095931433,0.5828635028179421,1.3766755824687165,-0.10238969690353425,0.2835270864607669,-0.5887386152143491,0.48004407648695097,0.8723449181298161,0.476615373052705,-0.019532754393261482,-1.1513302781204353,-0.7653260349871461,125.71701879487476
57.34787439146263,115.50024273618652,62.61155609463989,3.247125991559235,342.46709302781653,4.600632062665456,7.997709070113732,0.09612018984865778,-1.1989202142853657,-0.9480089821416141,1.9158285170862608,0.3908991955614125,-0.7842965857529285,-1.326336209202486,0.34852072515795224,-0.8759058540713235,-0.8325490007715692,-0.04647844731707449,215.5440399623921
73.50916857508884,144.06900160243322,81.03128260644355,11.756254283434709,493.83946909643066,16.662770515708047,-10.372748833511247,0.14872091787483255,0.22825315766983503,0.33686081791808437,-0.4264343403178317,-0.2619945813138314,0.8512264228486865,0.6834945872749886,0.23091531717940272,0.3150170162270578,0.19470749363441503,-1.5132205059221666,205.92101961360692
62.13432745287466,123.85005698377313,67.17373499706495,6.130925167304746,357.724409306852,12.753972596534023,3.506831914945245,0.9374361985110549,0.28314918405123113,1.0962675441822052,0.5703562402046155,0.12311748681650356,0.13287378174778172,0.3449938643208779,1.9205170692788935,0.3836395147981705,-0.008809942098855635,0.642568854638781,187.82402644732153
54.78552350189801,108.4745075114336,59.09089773584538,35.45708651191533,229.43183317664935,54.97716452412105,18.66788467984931,0.42234839989546547,-0.880156809696225,2.041365106975196,-1.417703310558795,-0.6301572381237281,1.7466960523279083,0.08169789205623947,0.994365201696692,-0.2937093186221278,-2.9745363940674956,0.24549674574701155,157.35282384995048
23.33509969549098,47.77689512376154,25.50793049872379,30.19609171724231,482.82504462558717,49.29618489532089,-3.2851922397467277,0.7708599419089044,-1.0679973822326996,-1.1595550146924132,0.2998007838397656,-0.9185930438384824,1.1481528301163253,0.019749034864972904,0.5308963162760875,-1.0529746825252848,0.2177965665304407,0.8723818689418623,10.559399569939195
69.27990769743671,138.3595513068782,74.96617106750222,26.543454971421575,455.8345482609723,43.942617247205135,4.488980232674184,0.4349376616605507,1.7064138994021698,-0.5566182221867078,-1.5301922980547586,0.4450572313783904,-1.1899758538367666,-0.36300255050965263,0.010945015476342392,-0.3015788941616678,-0.507376509219354,0.8881584256681473,182.3298731283055
66.4338459585437,133.45726641554694,72.15866805103856,43.91171873258244,471.61936302048883,69.39338185168248,-10.762190543684511,0.3151795479267997,-0.9189225685236041,-0.5904298339675966,-0.4514764495592953,1.3811549458480217,0.7008006127998764,0.17389500413192893,0.6316925813518685,-0.43290223499524877,-0.11858035489365541,1.2243967075980722,102.60845186029412
13.648973181561255,29.383829015837374,15.315256302514623,19.849009067658486,272.00430347849056,34.99453461955597,-9.054611761791222,0.8144246779344521,-0.9943178852122464,-0.2993793973403083,-2.469293686581991,-0.027180934134022672,0.3956173186654375,-1.3736442851591284,-0.46833897419202514,1.2706161161378846,2.845481236752512,0.9482454582798209,-9.391840353788321
29.207309842617065,57.54342712330339,31.167850454256637,5.793582966638311,193.93336452731234,12.52983180959073,-6.856504625905542,0.5450632546551714,0.4674206412707409,1.4465188858968767,1.265747782782589,0.6925081693787755,0.193077674552447,-0.06735663326928915,1.139809910722869,1.2119033064414204,-0.07532254501722793,1.4618630771019274,71.06377815844881
70.46297805859389,137.17480321570542,77.48400591567005,10.204666379526921,165.56291985937838,20.991558126090695,-7.6203030354127055,0.5423195413616112,-0.35947885663669166,-0.11351599628505704,2.0205550519284703,-0.21904231573423472,0.0492446076178971,-0.06513453554267935,0.11393365018743278,1.7329667417159478,0.6622934518938908,-2.310673809661978,206.09490285722057
96.86293070098267,195.38427770044945,107.7628422813062,6.071952171796213,406.3999171113708,9.727364720532197,-15.116099571811596,0.6679983780858367,-0.07375802422946011,0.4104146540061954,0.2264845021030154,-0.9056849717015045,-0.4936370227870881,0.419567993743147,1.512323215740642,-0.5451062706057421,1.1793843775476938,-0.7389324700407365,246.05879375772366
97.2479903802118,195.13956015623106,104.07004957432268,8.114606568892647,236.84047508341018,7.627557227712261,-12.233182347211141,0.9911135354989311,0.04274823341456863,-0.9295144188712245,-0.5330762272549904,0.8378885673007269,0.01984507668249113,-0.46719904324370176,-1.8221687137063567,-0.1424833621832527,0.15216869726145157,0.6313806804353019,259.2345149846703
67.37403097382247,135.23564778425524,72.61603076722866,3.3450283021246086,497.2088984985687,5.65636934778265,16.515310341347906,0.49437517343057513,0.1292282867483345,-0.9813155083436045,-0.4165638110160665,-0.5201399968845668,1.0603506038999477,0.2862488163297783,0.9369295629979904,0.02191351703424049,2.3240465065203657,-0.1805205728629034,265.78626254396306
68.38451423112531,133.48068847009762,75.20139623216754,48.47918648837886,444.8027386173048,77.68384361284441,3.785939669762307,0.5614122879961516,0.401850934073476,0.3610390693958153,-3.3313537264262516,0.11840898450554392,-0.13766869667217654,-0.9023362249576774,-0.1817731040011463,-0.1816510487096007,0.4456348376069105,-0.7510834632855786,154.08806002792676
38.08523594094319,76.90069600325056,41.36354743310063,42.93284569180542,121.96520250752152,61.9986394996978,-14.523220748929152,0.25828140091667584,-0.41911183220456033,0.39565293383775396,-0.5519072041197425,0.8703772594353105,1.0984964413994243,0.5544816940449844,0.764878395496312,0.39040119668049555,-0.06603843983999533,0.20402969806285293,52.1499720172883
98.3128478054998,195.14502190351217,109.09280687512091,43.47524424546388,472.564126625521,60.53585444004631,-5.498713519163676,0.09515726547419345,-0.08030486365684814,0.8976843952704531,0.485248707277246,-0.4096748630409187,0.4211499334161646,1.7450581346506606,0.09321586527262302,0.7991629687906113,0.6871474131053306,-1.061023189284902,202.4854020320444
58.71756979947975,119.75111003136136,63.870893578827236,27.446825033131727,330.94475230664136,40.24980788598054,2.094669836133633,0.29754605964150804,1.3221701570801605,-1.021251952809255,2.1681065051656248,0.567395944926942,-1.2842676494463976,0.7042346440413145,-0.03904040209239464,0.32463857470512614,2.2154430575381485,1.0212919030059873,130.82927040118497
62.947383302158485,127.6778492681173,70.48515240324127,23.4611558949577,244.4512796580454,32.92256855189405,3.6341541825703274,0.5611904702709951,0.11318389955504093,-0.39790014401577894,0.709494900598469,1.2600107462812713,-1.8217242993366758,-0.8435102603677728,-0.12547336905483034,-0.135034858403992,0.3093919685790461,1.5386312131548672,160.70653716008857
25.243262547310813,54.33740241101608,28.393400167854406,25.484222635100235,495.8587390420153,41.87443828015183,-9.067423469814436,0.7946610132593755,0.10587033563623728,-0.6357618776170337,-0.3343693550466161,-0.1030121191871439,0.35964370439464627,1.4384627638952263,0.4332098299111098,1.1458423527624042,-0.5684458703493411,0.8447758503907273,27.246614763214204
63.16931156098001,127.73361635805433,69.46666979529405,12.451533830309225,442.455991773509,20.897137508882754,5.9335045830178,0.4976772368062483,1.0100201638207704,-0.14170273365195651,0.27592516872851564,0.7120917858930205,0.4422785788943848,0.4603791744235948,-0.32025852524264875,-0.3912153924768874,-0.2537970985166029,-0.4687728765471861,203.86161125572752
13.61855760795629,30.54266965673897,15.952814978197644,36.56262422807487,373.6272674641572,56.25583187578375,18.375992510501604,0.574574723860753,-0.9192096465532478,-1.296665916516798,0.08016876397115415,-0.1458900368688819,0.532024591058198,0.4232417310486261,0.988803896906261,1.264616092877167,0.44704003446654694,-1.9652575968023842,32.07113873674074
39.260045125726606,76.03019721497151,43.216839586980555,34.01572640056334,277.36470896935384,52.300382790479446,-11.728741410609773,0.35317818960547953,1.3523747379931297,-1.4410202847054716,-0.6074877424953427,-0.9885888468019169,1.0183402815409746,-0.3369517813518866,-0.014137274957350903,1.0656581270770875,0.9472618701371829,1.4641226431427734,63.960217695952274
85.03210362317643,170.03853978019652,92.30872271211328,10.191993941889832,144.1665943899947,14.72053748819449,-12.91759686882726,0.7690535635781856,-1.6720381974611902,0.283877991666012,1.0094872199482383,0.4390676581432615,-0.2338190699101119,0.6733112790406347,0.6060666314838756,1.9027998251555949,1.3715165592908365,-2.177217594721192,230.71254005551532
34.26755439073776,66.40392939879891,37.187189249863785,6.674336648414197,412.4031252694754,8.20296479068497,19.459724708949132,0.5517465584702619,-0.35124418994774637,-0.43498872966052626,-0.10669400070989057,0.9567324249630709,-0.013789094541654862,0.456007441378427,0.7800659312709025,-0.9191433618968775,-0.3756332566227241,0.9449718818433701,131.26520112888196
15.667099662453136,32.25196716187395,17.38253104751479,44.93878345296283,200.8395070126955,67.67860421601617,17.254865037190385,0.8558501572429695,-2.0288258654070774,-1.024341349681641,1.2392515092096636,-0.6628695174108681,0.08135368261572858,-0.011603510035746192,0.8606539076460872,-0.22894204425076045,-0.4704084890776753,-1.1802611298917112,47.33792484862592
61.11559570369619,123.5424748153876,67.62655709827207,5.423311789564389,222.5352219369434,8.337737542382268,12.183727703077068,0.5861923560460411,-1.0269444898524949,-1.0778303562427207,1.251422578186755,-0.3158352039491388,-0.6083336869191214,0.7653421219900736,-1.490029373297471,-1.482916639461374,-0.8935212128814145,1.7614230903718058,196.03943806661454
42.11925880927253,84.376772220648,45.14145299421559,24.657527442119147,272.3292766735011,32.74522358053347,-15.872303377044513,0.8959253068044464,0.23521679618456412,1.9931766567687306,0.28793603102553816,0.9901383455948995,0.38813896815396004,-0.009864292745640643,-1.1474796642421707,-2.477224545412846,-0.5037667298049383,0.19477921209809015,51.90276862503451
76.42220273098376,153.0220814147662,84.56028060276677,12.822826956099947,467.2813820466388,11.45709558860144,5.72076904434747,0.8898015651839739,0.3468141685039362,-0.27570062155202474,1.2200160308995296,-0.6355283924289677,0.6317902447800866,0.4207729605089388,-1.3503535434083251,-0.9595203474926063,0.6878202272889561,-0.28100493210352756,256.94670600113
52.84112194187717,105.47748222697027,58.6596680650356,37.866319975208064,391.4658367823261,59.91149924919884,19.69027823697285,0.795722286491163,0.3491721699054204,-0.2983416059852046,-0.7215999099152187,-0.016780684216414904,-0.012119886484359362,-0.006240258746606523,-0.7721642054283325,-2.2045194155774235,0.02665010563914405,-1.2745366971854508,134.79626199181507
24.786491933621043,49.181375752486055,24.34454095345439,28.58521119555883,366.91943787115196,44.84756740212504,-10.631217736758295,0.04520416805476113,0.8044168107346958,1.6926462056296196,0.27011820606042064,0.7912970467694151,1.0126025640677114,0.4103326099578545,-0.18587492818127757,-0.17159636511210127,-0.24362460848881476,-1.5861287547540837,40.06813576612279
42.997817147089165,86.13571193690439,45.648926111950104,41.73731978489449,272.7290098486229,60.44542197064472,-13.637245156249392,0.37808614229874904,0.12680925871423596,0.23546165764856208,0.8724542727830165,1.7148373623642874,-0.3694245301120906,0.20201612357730347,0.21402261604004694,0.32597147852039665,-0.9194065629634753,0.5433236042165719,10.771562375080514
72.97187852214246,147.5335528459864,82.11331875574204,35.68611538223823,453.53145503145976,47.199382847481985,3.6673167046830173,0.9618911066438098,-0.7686191967069727,-0.4586140039318449,-1.7975760890415307,0.5461502605448069,-1.219520022397515,-0.8206287303361836,0.23425565882148053,1.06647918119603,0.8946707740113896,1.6804090736288972,169.86990744844218
50.05682107154865,99.01764719559608,55.984278961508664,46.31065567337512,419.32084492388225,70.4821657378614,-8.17863125338372,0.772558067258058,-0.4262914940928127,0.0956576372516611,-1.5563133839653456,-0.8735376003316535,0.232501829076344,0.2377583522406665,-0.10073519911893067,-1.2308658904429601,0.7992128539486373,-1.0017558111695266,55.32542154902508
45.5146346378324,89.16771238846997,48.23234228335007,40.83521743685683,121.13267933712729,63.868981387784544,11.957715787418799,0.24048291078210815,1.8772114893715708,0.6198450143102471,-0.37791416188603105,-0.10637908766124304,-0.4052911911538046,-0.10135883648491648,-0.4376912628253925,-0.06953739071629106,-0.0882494419078047,1.2587205595697097,122.08289203514032
84.52990968561102,171.2942055230988,93.97033363463794,41.895071493573624,155.88497162720574,63.99916069448915,-16.42467632354645,0.14782222080856589,-0.9793130028901087,0.37112325393868906,-0.2725336457400058,-0.3046796829296817,0.07077242929292306,-1.1093677063274585,-1.3126268391207632,-2.8514977186768777,-0.13583335506065616,0.2210935780686548,130.94107275620047
11.037665383549628,24.989255393916725,13.268209329970661,1.2103605504653503,423.83899308171874,4.414848943992386,10.30234090751351,0.8079721379059492,-0.3563657616978127,-0.21330242176558928,0.9045130388727254,2.302356969817863,1.4267533412225086,1.0129598166784992,-0.9349890046637465,-0.2340080156244732,0.3875093515452872,-1.6156226029501015,67.5244453631897
64.43836966399634,127.72930237964775,67.60798433057931,15.642201296629404,368.8714239453004,24.447828235218033,-8.40552814229449,0.2921379302501981,0.6779956437684855,1.0576616435710384,0.8884879239470775,1.1902499230146448,-0.7969704378434562,-0.20469850967954417,-1.6927284910884017,-0.23789680698405405,1.0907992694524753,1.5128650726792474,143.65751846223833
36.00794751292011,71.5906380743534,39.27729181331315,18.97226291480451,116.15326555712127,27.82386251127721,3.968465938822373,0.0027955894323967723,-0.05319276228526385,0.7489123222753921,-0.5154627009672341,0.7548819436696963,-0.7763159412667433,0.9209900765988959,-1.0012183503820624,-0.1912222585021217,-0.6766732886104242,-0.28278859971919695,90.5140437394378
23.43457528794565,46.694187646468286,26.439327025112966,16.082020986663657,364.52956214248513,20.407850282779357,11.405596308954117,0.37532552875280145,1.5284221172859243,0.41166555219199463,-0.2334167626897569,-0.23346636507588478,0.2685516204740715,0.9918505532110597,0.7899783611773792,-1.004993804782319,-1.2954259237237307,-1.1875715243574223,97.20776210529529
11.529492657728358,21.040150963842066,11.074980130885047,46.92985112076861,469.85694326705277,70.83138060738845,-9.287572562100376,0.04698660171135216,0.7163939058855311,0.6934528877347754,0.26195039975244294,-0.44358114818879135,-1.152946549393307,-0.42159086619897496,1.4010100279254767,0.04377941133036919,-0.10727226339021212,1.9691509520458221,-49.03884302673269
25.97005657310031,54.16746593966271,28.86134593290549,46.544989291211714,306.26533983306945,66.14411687700976,1.132852032107877,0.06416592299721169,-0.06474083358507869,0.576469256525679,1.4154845589826865,0.6181452221278287,-0.6130185088556159,-0.5689920858964399,0.620870534897725,1.144149247112293,-0.7846943010321492,-1.4166908242665066,25.187807908744617
46.687709069123905,94.18562726408703,52.225581643274424,20.989985673308166,386.79644802364817,28.222726234979387,1.132841834690879,0.21387431848118366,-0.6347606973180581,1.6155162148987037,1.7682490492622092,1.0037126593943995,0.3631541846961831,-0.7467819440938739,0.9878786715147522,-0.11089528041955572,-1.018307708171831,1.3183259250185477,135.03832180558322
78.18922062333725,156.77091249299,85.90685650223442,20.163959186024595,191.63162327147757,29.016019308021605,7.327335830615553,0.2938331007336977,2.1299265655301114,-0.5580354750723097,0.415995744682282,0.061244012891277094,-0.7380844956185895,0.717314614244019,-0.15418876458120334,0.8141863770586607,-1.6323740504385473,-0.8409220967884976,209.54848546739623
55.469470340495555,113.9322843007457,61.067593160341524,36.53900366610481,247.34871757460647,51.48873325195383,-12.861814847464675,0.9822999408500879,-1.3142028142257502,2.336294804915509,-1.844307605675047,0.40395303985994796,1.414124686366994,0.5756783870905687,1.4816169706603641,0.3561082893663275,1.831595561564867,0.6924104361336019,78.75681874375714
31.493539425861748,64.17216192471051,34.65541638424857,38.25232156512796,242.0253848860529,58.47543499102723,-7.3970476140140775,0.7088780561251969,-0.5589340123267097,0.4351307853158183,0.29275252281284797,0.3603576659594998,1.121449591419552,0.7577653650063644,-1.5767751065329318,-0.2620544873085073,0.29173713994005807,-1.2194558595182814,10.473413392235834
64.58108460756483,130.01333167230752,72.56667647176003,31.543679788255304,179.19606117183284,47.94893635558893,-7.079193294214136,0.2257176044524546,1.4520710614516128,-1.3232393494402004,-0.4167202974851764,-2.4663882108404858,1.1977635761469003,-0.6769187025253471,-1.6847115083138782,-0.05174100788577642,-0.46441949981419484,0.8779217506879604,146.34351469758334
51.55418147494341,101.06310631618793,56.0916308197208,27.627491101729145,445.60634948156496,41.78303624879047,-12.606847522049085,0.8203488590312693,0.2442547331319027,-0.004200713369505123,1.3604453038386548,1.0793773050183937,0.3988643919954582,0.33856409743178395,-1.861443467737234,-1.3029513295724608,0.03432658827831045,0.9727147622354833,92.25036630171853
52.50457106020308,104.55198920141217,56.869219156179575,14.182459124565467,491.6006970288518,24.792811578135762,-3.379563714065519,0.0030741086772178017,-0.5023181210609222,-0.4780321694836338,-1.1961450917270913,1.307847502279222,0.2302390318806853,0.2576301996461634,-0.1439384940726075,0.35550925199126887,0.8738403464387632,0.8540118149177387,156.5194464820759
79.46806722695035,158.36501737529298,88.45521780834456,11.292204347010514,258.8008538779274,11.27167654437391,3.4622833547871252,0.7565211876998311,-0.5107489590604939,0.33651541355688114,-0.40308605691995314,-2.349128591047214,-0.9309880480626794,-0.7369559415494739,0.9808419461295482,0.4881870057428933,-0.5309427878180909,0.8953177979145023,239.23903589064534
18.30022672536417,39.421237162392146,20.353252088628683,42.86386397880585,217.57935324326888,61.2510600856823,9.885812712566086,0.8295830739053782,-1.1839047470840212,-1.2683420304289335,-0.6083909648198894,0.9929184797025618,-0.8468686306106026,0.6526769554690218,0.07799664228523334,-0.29807926618315167,-0.17246710656173905,-0.4669172312390751,4.97680558043653
21.590780305761385,43.253648486359424,23.584494591453918,2.107926064673049,177.17542909034813,6.791158603527133,-11.872711670004698,0.39058973936610153,0.3218660495331319,-0.28542210057312717,0.16229814980852106,-0.17016399292750553,0.6256514249054062,0.9081893781143295,-0.7076036115517935,1.4945052919293529,0.5027422089602716,0.3650018168718521,44.66404760999593
29.674366733896893,60.84858439058243,32.528651752589596,40.869883980525074,303.63032683816965,62.893011927388415,-0.5845550816123826,0.8474317154680948,-1.1419607125311995,0.586624030011063,1.139542648307698,-0.8017629016297465,1.8772670816269181,-0.19031655212766438,-0.6451930078179939,2.486843191817406,0.6356815014394566,0.5663374171692899,43.217728777770546
59.90776457225017,121.39288819283748,63.57942395032067,39.012163204725525,237.04371243250444,58.990199060002205,16.50897102066523,0.736658117873407,-1.0065831777312737,-0.18290656622130627,0.3407752555163969,1.3985389387738,-0.38725950385034613,-0.33929566905007735,0.7695605758151945,0.5776114472011373,-0.06903357141158403,-0.17796811583793054,182.065987078575
84.00311771239498,161.69519130503596,90.36330311271992,29.042181263695365,125.93597115065612,42.604025843901724,17.398463790349147,0.7146527692330146,-0.7346403959610734,0.22293673325656657,0.3578995034552548,-0.9503151038478492,-1.0653802907692793,-0.752271049598857,0.977738978271757,-0.3688184032817567,-1.2889258589576524,-1.28059355684396,261.05119949117966
88.26219923978061,174.4419323759927,94.89426224187915,32.0874659734443,403.797857762309,48.01856439980286,10.443375999103708,0.8542021621480752,1.0276001007332423,0.6490116349534447,1.070683760310919,1.3835642094414018,-1.250243741501903,-0.6799759076118057,-0.5119632947702222,-0.23606200372476618,-0.7657303903426818,-0.333304338555583,218.48162102061465
79.5069551843364,160.98663644116803,87.20530142984055,39.614927759339565,442.7338546349137,65.4628195813582,-15.665805284692471,0.8391863761867208,0.24935145467480868,-0.6652259388433706,0.3299014930737071,-1.698759759795621,-1.165298220705198,0.5494696434928612,0.3254294861006892,-0.08218865341750575,-0.15504934857501523,-0.14972121987636527,140.60921064049296
60.21176913803801,122.03097978344043,67.89783072680316,22.859074832421395,267.08146325451895,37.629042767536916,-13.0434150250922,0.21590685329960102,-2.9969345978550552,-1.2228723603285703,0.18731183540770438,1.353306135711873,-0.6755885589497587,1.3100444212310907,1.2132067362656938,-0.7930052436552415,0.9738249748000074,-0.7214376661811986,110.20835045745297
69.15332623374401,137.95824431158968,75.89369968400366,40.938649319461234,213.8805712104249,64.16562043451057,-3.7011128999940404,0.6635828846529519,2.142138472496076,-0.24878982479540407,-0.9759905428139818,-0.4316116775447299,1.7751244069779841,0.33792835738808613,0.21694524191305134,-0.9977296114661048,0.10314798358270143,-1.249832579011597,135.9119889981305
23.195104070552446,45.919702840184634,24.99799126625461,27.530697503102523,329.16531079499754,38.9232700500302,16.938456842069236,0.21663210552135925,-1.6834818242913376,-0.6885886684545367,1.5366200400834868,1.09084889891643,1.2599761055709597,-1.1495779971497588,0.3053375829305472,-0.8121787503506938,-1.1777953506237675,1.9396566894519214,83.01429372342395
20.81673422957769,43.55100990762574,22.030102519854424,19.9335245570049,159.58081555545567,25.496244928349952,13.990541550228372,0.2719014557156062,1.5815278722302488,-1.164392957370249,0.296894088443969,-0.5202831375310669,0.0006484563996673452,-0.04423681286612596,-0.5936838678107152,-1.0441338817591386,-1.7614578927478939,-1.2864220741520653,49.22738195318607
45.03576588358317,91.06822047946004,49.83347520858112,48.98252739133461,254.8749730107168,73.84013226460735,-12.266684229876477,0.6118898640188647,0.8302717157678698,-1.666593295489154,2.380248314978106,0.3844383645047322,-0.2403188566261685,0.2397414169724602,-0.2437431813923207,-0.32799317873568706,-0.2670920720361015,-0.28393049216984007,38.398710544642825
76.39573141131811,154.72059578112956,84.95668564624812,8.85946037728283,351.8148944431773,14.611164831450296,-2.267455267288323,0.41113496293855956,1.0026158873741382,1.2701389984487124,0.14926479539531012,0.7963499837366635,1.1628611347257392,0.12333896221956242,-0.7609898953548474,0.2864894062015966,0.8286808847506518,1.3487110602769814,239.4319500819694
50.412257758447495,102.12250774774691,56.62468357163834,43.15081514851976,368.5573700965308,62.45840167548147,2.2185795899233227,0.09206951965289567,1.117834577763941,-1.154265205376891,1.0403380303655807,-2.0102629901122566,2.5096882951223174,-1.316921904912015,-2.128405907509574,-0.9277414659679919,1.5838010599716124,0.7066738412521434,82.53014464231143
12.046156270467492,26.854522995928097,13.497930273818316,13.139953861817006,488.11878918191354,20.760320855646725,-16.43252613030622,0.13266567106688942,0.8551302673393163,-0.3933307338671659,0.6099872042455158,-0.2841828283280408,0.8745158174459576,-0.5111286102293673,-2.2404651360384333,0.4684900065352027,-0.6602049349587814,0.15082136735244955,10.024153190938536
99.64997769087742,201.81804753607707,109.5449253417176,3.929729239242957,165.35312533517015,4.359024059209549,-3.1240176445326284,0.8251673691965223,0.8672785853797843,-0.1120870329804128,-1.2311545927924459,0.25312339599890316,0.9605312318750563,-0.14327953195881002,0.3985313281728571,1.0137740999497586,0.9742190302487462,-0.7916078816322225,301.1609173049852
37.63884241740316,72.58852445926284,39.712088859006116,8.434678936212498,331.52260876602725,18.377872268664873,-8.239339736023958,0.04300125668256405,0.436883472158314,-0.9682169650630649,-0.07143759405232,0.3218666153597408,-1.444772644061898,0.4520468591953888,0.4967024262927923,-0.8771985720929951,-2.2393748646777425,-0.4884860238785253,101.74966417669746
91.45385139948469,182.77344397513133,99.38404540791039,25.66953941073946,466.06821175410846,43.566783982862965,5.562498596986689,0.8781814835337945,1.049912517643189,-0.822176467419822,0.21697808477717231,-0.4109060368364834,0.4216086209752675,1.13480747240294,0.6052763954126923,-0.1010255155129221,-1.5607728561149794,-0.46543567485097453,266.5358361517877
54.217526395585445,108.11362953125665,58.18657400955435,11.693225710793753,270.40820082003927,20.361489004032876,1.5743959674326717,0.8766430624945868,0.3609953276850839,-0.5097126510590412,-0.3651872582301695,-0.795854910171701,0.7089722555281203,0.13135549638587066,0.0043200412977280715,-2.5349824247433776,1.7367984521999038,0.25184625122953574,128.03707867002777
62.97504327456543,125.5428713378932,68.11202483443522,34.03726552691512,497.78707658945007,46.596604716816685,-3.8936263737368506,0.9381943829094201,0.08985325084868165,1.015184134616553,0.10509142809473881,-0.5530630855224392,0.2509612439890225,-0.9195383996556249,1.2471754309660052,0.017644176129867673,1.6537288078927566,0.968953227794484,141.52151136883586
26.240407602129416,51.25362638114055,27.84963089771227,7.960857483070017,496.8603205482863,10.034852371497498,-19.406713909719414,0.3350510190358349,2.3460857139543103,-0.1642841276941963,-0.3943646551128913,-0.9394917431869654,0.22796338076370834,0.3151805639491518,-1.3667966201314212,-1.9139591536589582,1.1668064429360707,0.5739168822351867,20.665679441885867
39.465329059273245,77.16031166216659,43.54162889161674,29.70855830419481,115.77392684676173,40.21461032736349,-9.259300757879263,0.42996107506332537,-0.6395564956863998,-0.5220940335097722,-0.17282046537658283,-0.05224801861493291,1.1494603607240514,1.7701020581793432,0.8712822969775545,0.21084540041418198,1.3324693776026368,0.288284152496627,39.79856796816132
75.66731110723254,150.02566826896646,81.77614933277938,48.750466748769924,339.2891547583075,71.84094295503644,-8.325295553096934,0.1299881733815168,0.6714177714606084,-0.6110112735554781,-0.10957844902593235,-1.1931953957340176,-0.9914381371056756,-1.0493614598527579,-0.22955674638655413,1.0722714907514268,-1.0613045197369706,-0.3133506459703848,117.73319027272312
82.92334532443951,168.4798883884513,91.20358325009123,22.070277888948358,242.7751479257624,35.8531122854144,-3.933866784698022,0.3904961830198871,0.5699653899335565,1.6145413740912302,-0.12749048383089712,-0.1920458139723365,-0.5994969976914502,-0.5324423699427928,0.4861366994970817,-2.5270244988930504,1.2956049839580759,0.5460381019707934,239.77679140548366
97.60216445868117,192.74030244149205,106.66267892263953,19.223720037183455,159.9668319732659,24.081731873302655,0.23221984422983866,0.7185397434645241,1.0760402093729848,1.5603634584078498,-0.5592452812003986,1.1862064374722485,-1.6633240330672039,0.06370722147756967,0.3104812215172274,-1.1928019991370975,-0.015086481787930414,-0.03289496243715834,243.50075632923148
67.91945127219964,134.3762111192304,72.6572041465241,18.43404585565329,378.20065101780654,30.935999986934483,14.711500811683315,0.7555671482866483,-1.2437988392931756,1.0269286628211733,-0.5434805352371389,0.9615500763662582,1.4520909423208515,0.35649808540322864,1.0577831025204019,1.8659061121365057,0.7436879799446519,1.4803703807139978,197.71669037940418
86.7233439066085,173.3008182994517,95.98265223646358,26.179243770678845,284.2743265437928,37.971125919197036,13.05873686528998,0.6113874189120819,0.2958950699296985,0.6919753589164108,1.4474233487035943,-0.45386278578373723,-0.1293797611393684,-1.9324959124211734,0.46307459225084047,-1.8256798115510227,0.4130196312151108,2.340195036874614,254.94470729998145
59.1563879433477,120.43698360189671,64.95299585888408,5.155130602488689,261.96042348272067,7.425771830009301,16.639885106051167,0.18660179177701652,0.11556644072932303,-1.5968539877274954,0.5699210042804512,-0.25879154232595425,0.934117826064237,-0.3361414238834838,0.6022246014267696,-0.12026991922310899,0.6676661055203844,-0.23534104082353396,234.44037379923626
72.51379102471722,143.51311817932307,80.45068542789507,34.3218737729087,140.88828928337585,56.02873452486251,-15.751575064678933,0.7106152876557358,-0.15527891160910834,0.16696371514245645,-0.7365272184752732,-0.9597048391565922,2.352569963779645,-0.6633500896966052,-0.1655841116198169,-0.06398181042838545,-0.49540013057086474,1.0452442097598968,104.75892900804467
71.2092759151565,143.06443927161186,77.88879598681658,9.707976991913963,351.25110037082516,17.84311002603065,0.49240792522685695,0.5769645800777498,0.4385715172066643,-0.21890550830414282,-1.142761779260458,0.1354925355360629,1.1619213446501713,0.35258326451243455,-0.37098418686389256,-1.2675993794719909,-0.03324475948819245,0.27519662950259716,224.5649961636191
85.4706537185619,171.36581850714856,94.97577940787687,16.26229930432513,281.47069247818774,23.1532276090836,-15.711111063779635,0.7289324713759844,-1.3893307406046072,1.5539013299096536,0.4680009827395949,-1.0358336357250824,0.6909285763718536,-1.0047381357187377,0.0784188668175404,1.0511773396065454,0.1823876428211268,-0.24593151066113478,218.19029597999594
96.38201896748969,192.3813115812482,107.83228103632386,34.856295907593825,357.324817187734,57.97611221687242,11.698170628290484,0.0351921899343558,-0.670690199375144,0.8775620708475117,-1.8165955077044338,-1.616183278057189,0.9640790949120148,0.9285624015012585,-0.34711432167008366,0.0597101610994906,-0.0582964675111908,-0.5280969852055369,285.2219460116343
53.021243889669975,105.89927064479835,58.8027834795297,42.23510940158954,310.7132362061882,65.07420429198847,-13.488419088666067,0.13684976797680537,-0.8856737803110059,1.589833606975385,0.38543754492756016,-0.9844801667309336,0.8268044180701986,0.3175940379114736,0.17058775683511473,-1.1760608930050647,0.2870859142739845,-1.0547296541388993,56.38779901991268
49.79813408224603,99.23171580730913,55.246193589456105,24.635593111105873,235.15620979728803,34.38324814995906,6.772590362910552,0.5413494604242771,-0.7106010203802487,1.126973813129632,1.740583371749571,-0.3944048689259269,-0.6483554728638338,1.4401131188006233,-0.47283224829244447,-0.4097710734515934,1.7363833671133986,1.8235646263950662,149.33271824222038
91.94380760698914,187.4712204686703,101.8437831259944,21.405363822499694,232.91791088997047,35.94826879583042,15.299599778474033,0.04287493345099036,0.30766978820752555,-0.9150814095906057,0.18479252740758725,1.4319056283909901,0.283253116335398,2.5063974790910666,1.3918167779846713,1.5033434473451954,1.3902783904754406,-1.2557606120777698,299.65165225195096
81.93808920188309,164.38955363060887,90.00729868654238,0.27848531453929515,235.9719082132852,2.3992525215600495,5.320205517316708,0.5555460508030289,0.19019460326451204,0.41876969739101305,-0.6410383635076434,1.8434553592746044,-0.9709483853276301,-0.15248195228808173,-2.7922204088302567,-1.6854427959488518,-1.174665313218456,0.06924100742337815,267.80845883879374
86.530783639345,174.47645383103622,95.5658854313214,22.45021793949185,354.92873128899225,26.842179041031166,5.725823763990235,0.1497046854116031,0.9544014114554958,0.03819153148034114,-1.6308786165627775,-0.15741058039945113,0.4742293485854436,0.8339546506308381,0.6408691454378405,2.441856891087174,-1.7854998605658292,-0.29232149394535234,255.99587670732166
25.558652085668747,47.571013738444876,26.55518220003586,36.85230878506816,176.16948734622792,57.128977702727845,-14.271495676438803,0.8411670449759654,0.8519807140198732,0.03794832473381738,0.812972783393072,0.5347847224648844,0.4333645007051173,0.022115172501300715,0.025738349040970138,0.7797555020275726,0.8507543333515385,1.3433860843817025,-5.816923706500861
51.68674790151893,104.56092011580287,57.30272490809062,23.58303718418827,307.47252019097414,38.201648128822356,11.476917916734575,0.899851637706814,-0.8727907372455235,0.10981576631451172,-0.018941500472751525,-0.9498425835647905,-0.799127570722248,-0.8270709350564975,-1.4433942821848742,1.3741676090089,0.8293407826200955,-0.31554094814802686,155.32650521096153
65.67503637165625,127.9010991003655,71.08925182692266,33.48921155255338,281.42931277278893,53.31228570186363,9.182250232174972,0.39249556551200493,-0.6029694951396604,-0.19329830814118393,-0.4715210786588301,0.18827862469167886,-0.35476594586641075,0.07051524439121157,-0.2545131427132783,-0.6142617794446955,0.3740188899799878,-1.5704295075634525,154.50283984588444
93.32154803576793,183.72245561497817,99.61716931246634,47.83455015639253,470.4348535217838,70.90508622871893,3.065922842977283,0.5668746151748413,-1.2342741528981256,-1.0855320649671323,1.834298093435272,-1.6890212950782462,-0.193278333994632,-1.7820094907003825,-0.7300817205321222,-1.1076037754051955,-0.4667410606998769,-0.5667804661852175,222.60698688120664
59.559303469572704,119.22123361929535,66.14748940318098,32.66598335046034,380.9881000642523,49.13453285167208,15.780866009045702,0.20318650692853102,-0.8057300396956435,-0.29549155495878643,-1.008055949055618,0.5718379462999532,-1.0050782609989146,-1.289144832155208,0.519878605712257,-0.4730152520301006,0.2960580546096561,-0.7725849212580674,183.74202768824003
94.77085114837011,188.1384754820318,103.49117662102505,12.694812408689005,424.3053852113408,19.685542699097766,9.001190995120677,0.1804604671394221,-1.7634518743204566,0.6121111053290291,0.6883379794731364,-0.8255497730710126,0.2394006130151597,0.5707967402329568,0.30570049485004364,0.14357610745907554,0.047442712678073096,2.150462082949758,272.5842617014707
52.16599120480647,102.01866057201563,56.49046601410424,5.625654464303398,296.1309990522821,10.551529193151211,3.1831422302830106,0.5583122517600975,0.6422637030010866,-0.37993847008261017,1.0822462512869244,1.4747152291142083,0.00786783770232705,-0.4554708726346223,0.26993654468569456,-0.9691476907269629,0.5029413432784781,-1.929321102432967,155.50607906907737
59.318152792451095,120.55872097774525,67.66342964482472,13.265578359736786,321.6840073136849,14.323486052322727,15.393016775131827,0.5186239965517871,-1.2963816890131223,-0.0482054948245014,-0.4018129643827946,0.5580989412241507,-0.09829183541360047,-1.5593521822056668,-0.834723636522104,0.8647005279300497,0.5685401749656224,1.306071090523377,174.22786123931428
45.491119050884485,94.52149024076037,51.81400756514996,37.53034203884603,499.0182722020465,56.53010888895425,-8.87479246318643,0.3021035286507556,1.272801831256682,-0.6734566534825923,0.777025505620552,-1.8057786246388097,-0.4306396422718303,-0.215524516136213,1.7359897844093093,0.769539871798677,0.3569478608543771,0.5866541263843428,56.14140446999984
75.51620037366786,154.2642882756193,82.84052932736994,1.142029009366341,159.68615008268256,-2.9000883038603575,9.190673810788255,0.5868795122897497,-0.12766938751212495,0.17985350555924665,-0.3712999965555696,1.0780500575098837,-0.9264655925445221,-1.340568812820398,0.48360784178262556,1.28842410122455,0.03283434403485706,0.09365400539867828,238.9131330992851
47.402596691966494,93.45461425923718,51.866076211713356,29.674248211035593,137.1716904899394,46.15664599521928,-18.063341488453545,0.15093172141727373,0.39437623801094357,0.5558336640453075,1.1232546411014965,1.0295804623080456,-0.3405552696197666,-1.057199921270467,-1.4369242780747449,0.30650219877678786,1.2881636346321768,0.45013058219478336,58.70269136544459
77.14189671434009,155.1121279784869,85.3646470187223,20.134814495036572,151.8009928264775,30.844701608900017,8.866827497457667,0.44649100404967934,-0.24858400203253225,-1.4511908518424437,1.5077519660976781,-0.7619164479325519,0.6051934372971052,-0.27370217524971724,-1.1582112623048753,-1.1290931140507028,1.2674977687261886,0.30028463273091605,227.8588586029846
48.830369667899035,96.36793841145372,54.38318060989515,33.01686092422816,282.13730052300247,53.4444119493476,11.06595025092146,0.1036295678439123,0.07335075772881346,-0.8107505155877365,0.6605280287813158,0.48281625861759875,0.3754864729236003,-1.468666107521066,-0.3884204421723615,-0.3901246943279642,-0.06899614981638362,0.11314027077206965,100.69556043159821
69.84311356691668,140.8196963705888,77.10303654708328,14.335648110351313,151.52296429012682,23.653976744844567,8.025027765891878,0.36672719563966305,1.5662600383125254,-0.32254750535654825,0.19734071956030252,-0.3124931267669539,-0.07229151960049701,-1.4574300902235044,0.23694590833723725,-0.6534731606020244,-0.6712841158462953,-1.1675026320162778,190.86039588212188
21.53829977012947,42.276806137907265,22.350984930878393,0.8544269116084968,138.8672239448524,2.760703420464938,-8.981522562874428,0.42386212151623404,-0.5626471745942263,0.6887491268321189,-0.5730889080435306,0.6362871960923606,0.6131413186410059,-0.31718150548973945,2.348519173646647,0.4029238132996099,1.3245766837396438,-1.1226540758263182,51.426755067604866
12.30809928980562,29.221954349521145,14.777203763695889,21.122989476886705,244.7290319629048,32.82640685641615,-0.2057164079157232,0.06030896429979671,-0.28951533007462626,-0.20776254200822883,-0.501574897272524,-2.529142754734981,-1.8071457447731638,0.833492634798934,0.7126612456123058,0.10088034807083537,0.5694662238133473,0.5801772538259614,17.631940003622503
68.50848432677775,138.50594640378569,75.27308729253191,13.053092715484816,445.62206911623014,21.718536126863672,5.681639315956076,0.2218369074255302,-0.20224290655637084,-0.7945556194479791,0.0009811377883758232,0.5161047145885002,-1.6281630937359384,-1.4562261700728583,-0.9709702791826407,0.6550657735631621,1.226468380067515,-0.733608757056129,187.18911334037747
43.17094890838132,87.68560875684659,47.35664934779117,3.2441192756921033,277.12490734494594,0.17990397547443493,-5.121208046363712,0.4251701075099804,0.3517945911781823,0.6642477869865805,-0.47049190063109664,0.060724339411384186,0.39436156872196415,-0.6502133418718795,-0.44327008141504687,0.194521490953754,-1.611300767859881,-0.5794339058144995,76.4705703765546
81.75331481191556,162.94671890967416,89.73565872847264,1.3322706543269502,464.58715419972856,3.0048492837069567,-15.98491238077707,0.3986383399081974,0.036639219838051226,-0.4327083113456273,0.6337479017748247,1.025115283630316,-1.159602136253526,-0.3319443983264421,0.568576517527595,-1.376671696192262,-0.53602838074639,0.18254121933307288,206.80266794578455
12.743384749881418,24.466264362245322,11.055541862418762,35.21518858552069,285.38213397394117,53.11956337269426,-1.881474822262991,0.24650300334306863,-0.7010162140104812,0.17088130408073315,0.27454372822135803,0.15027546823731003,0.6489958247059971,-0.6891191746635237,-0.7880334493022707,-0.15389038433097763,-0.5578397903742578,1.7082106096012022,-14.050986426310125
25.74825637250041,51.36896172280483,28.070019412883255,28.256560651621253,172.69034489671458,38.78072348317047,-5.786659286373904,0.42590839194810204,-0.6912487443447541,0.3280136534325953,0.49796122196220777,0.09396704547776652,0.6657157782208043,0.02287510995439096,-0.9653940394091529,-1.7838421070719537,0.3114405549730609,0.9660611150553273,19.626911659715237
84.03269024854856,169.94763216119796,92.47905117655962,12.711056634161883,274.989950327982,14.683585636232376,-16.842663480867827,0.5851471875911545,-1.8621995890427288,-0.2903384571562058,-0.35434686513445507,-1.0785013920005897,2.737412606749381,0.5594442782413426,-0.8633201180502678,0.6028349418214565,-0.3328040647246514,0.8313766437627325,223.33716499702064
63.0382773447335,126.19056209561342,67.59663031983123,2.528877722818917,335.40571476713916,3.0192971738323964,-9.907335031822107,0.019647857166995575,-0.745330967953487,-1.0982522857341122,-2.2925996867558913,-0.648570713952584,1.4420639201542687,0.6559737781548504,0.09042222700727194,-1.9734635233191506,-0.5386549654365093,-0.58142665651111,169.76573179194804
10.272420110957526,20.575687090978267,14.768790285738085,3.288941203305834,413.7830769184845,8.908812649649025,0.07344127830797476,0.8078319399777482,-0.5551166247601172,1.7992499677942007,1.002328340679324,-2.0719206441197455,-1.078602542610524,0.8366476103491086,1.4242806186780728,-0.09232273883488495,-0.3978420919212971,-0.5335457003555061,43.73019253594556
63.12854401403338,124.80432116152096,67.32247933003939,19.11106243840865,322.6168058809839,27.85006544992989,-4.7198391093456635,0.09957676491469036,0.1728249411097346,0.8035619673148422,1.08944020507395,0.34721342765233704,-0.0739485203883958,0.7251538289801067,0.40444831855538727,0.7839517585284835,0.6677142752782317,1.491682450303938,171.8793711895265
97.03367834079958,192.76771205203517,105.16983945127723,29.143196928673433,464.7878531036926,46.97439250897137,-19.41358087450397,0.7114868895899203,0.5094467364553236,-0.3185169164909441,-2.698489174661926,1.253551884507341,-0.1233314443329816,-0.19521192252706696,-1.1786090671327787,0.24586681578331077,0.5297012438284799,-1.129100688591058,213.6684186135157
25.4375365340129,51.44486486133533,28.33058396559432,7.917923726423065,366.14319282550764,17.206433122616748,5.110802727786144,0.09507804996981739,2.1302245978808085,-0.9879144972700753,1.6809647857971852,-0.620570781639858,0.14091313849689593,1.512071989806376,0.007572647540412271,-1.3019843746508202,-1.71651973955011,-1.174033144301508,89.24341220699058
80.20354839134339,159.33918750880002,88.08230425319407,5.597835065238471,490.4045207633281,13.123837308903443,1.5000726293473008,0.625960674789901,2.236217011970707,-0.5060211056529298,-1.8355519905616502,-0.09485765341792712,1.5792165553770805,-2.133860723087865,1.9066114958879614,-0.9255019861052467,-0.1819181102503235,0.5142608624005155,242.67143463516962
78.20494026557996,152.481380063955,85.46753367428659,17.802543015012994,305.25813620521296,30.204932493550643,-2.3858562193753876,0.5068479878738469,-0.1407889459974504,0.058142814850367666,0.8545708809476493,1.6158452172794497,-0.01847582224141168,0.3091384148723018,-1.1176006194384458,0.18199782002176831,1.5992511976253585,1.0678163372747234,200.27348431708668
85.79068874569452,170.9654667068214,94.47326511419004,29.784019441615605,136.60148312035068,43.92418477824562,-13.686760809749877,0.8909899480617369,-0.6115273067760068,-1.1879936729188818,0.3486527894011929,-1.3078728192898101,-1.918632642514281,1.0008707564864254,0.9425094614074074,1.3047721693503644,-1.8658732338207586,1.5024736246383834,179.08279897119363
70.32485480397455,142.3560984703899,76.66226758990126,2.5012687843793846,117.25387748730682,0.8535437514531168,-9.653942315363437,0.7904708541068209,0.261767099849235,-1.0164236032923015,-0.18333054036549323,0.2375478518631371,1.1579152700848958,-0.8458743451950775,0.36186655923837036,0.7331650288688535,1.2035288491386824,-0.9486285737187673,213.27939751475287
60.23688584694089,119.50057341617425,66.81175256983732,5.3504443835581394,472.4040670998081,2.8407580593813577,6.345246335872549,0.6411769047242267,0.594569399116727,1.2999161789716895,1.710531922282357,-1.5124840753697277,-0.24226174998811756,-0.7789606286154236,-0.7588305019324099,-0.626353465685823,0.006629325469880189,0.7843894505474901,183.74622730875376
65.06235434590087,132.29341849212992,72.3952877578152,15.619683694723768,125.90397132619148,27.267886530649022,-15.911612991709948,0.14233969271039393,0.9309196432687844,-0.11032224507342654,0.11791082888117972,-1.8649356863039201,-1.041655670976702,0.6924113021216621,0.8352960571937281,0.8359019046172566,-1.578232260341123,-0.7900898664629107,144.1696102040193
29.98023244688391,57.55155952979847,31.989358374874797,25.090439330023546,345.63209724750493,38.82729707637226,-9.65873676681861,0.4795236002753577,1.669171822824884,-0.09874984748314786,-1.232595660489129,0.4422373261073642,-1.2446116759357657,0.6350044032452299,0.7782919167851463,0.3276049153255981,0.41677645954141335,1.8348408024643441,31.80146494317866
62.78481454137992,125.70460388536065,67.49887473592116,17.88735563352001,402.19642218093804,22.367065842623912,19.943159467204943,0.873132796619617,-0.10505101065148967,-0.46631956303644556,0.36410809760524804,1.5528419261884068,0.7206146090240655,-0.5630202412727835,0.2971340409980623,-0.03561759183745598,-0.0361404089201696,1.2743151299360664,192.93745507764314
18.49560026865263,35.12660123969629,21.421452477583756,1.0965436361766445,166.2293444881325,3.6614268508702015,-7.916473300578609,0.14464456038313156,0.32091656291543164,0.3191844634363524,-0.104783492871037,0.23058598270530903,0.2883997291324319,0.774221793017348,1.273894710063886,0.2285622909059827,-0.2950165745993058,0.20854876595608254,39.28377778769785
78.00449517838805,151.6256964172762,84.70769778022766,37.37609016348927,408.9599475735045,57.687060444893305,1.529605857501796,0.7530081610874918,-0.8583119917856766,-0.9196314937537335,1.5568260683052024,-0.43721128594861675,0.7428291353982418,-0.8288404559246949,-0.4283669507060924,-0.14262380958904522,0.6974570801232925,0.3812614684754183,191.27284617048429
56.527443500617004,116.57215962875507,63.18315937349099,41.98673156144024,349.0190064451335,66.6587944599254,17.887397189446226,0.5459150181873522,-0.9250889143414851,-0.8308669530410087,0.2552863793175939,-0.7123648102774448,0.9917796877697802,-0.1554487814925524,-0.7921288333513092,-0.7303473503338124,0.8872752273799386,-0.41541247398851494,131.5161441023878
38.11152772592024,76.90219302053748,41.8544571281001,17.01424963338382,204.4875501957422,23.80827321065142,-15.574160777295587,0.6136971051601148,-0.2604787604198267,-1.4859477212668173,1.4229478115671714,0.5488332940334157,-0.9377048009672447,0.13191235838607693,-0.32048392029426737,-0.9263765983674028,-0.3164092565485612,-0.8748342216081091,81.94747774971785
16.33452909218724,35.337532690824496,19.48688534637443,3.093355978678619,433.0096083760456,-0.3683850172504215,12.300156174566077,0.20714153663254398,-0.4048592028514803,0.9455331258439391,-0.13096636938454934,-0.5016527094898217,-0.7725646260491036,-0.07140213328963685,-0.2356796380869254,0.24354408177763365,-0.31617733056522335,0.028869391626285577,75.63111959488019
63.470565371556276,125.95744947367609,68.83354600805379,6.794337294516478,312.14114120982515,8.542824717482093,-8.267305517045127,0.3763355165618658,-1.4159691282519247,1.4151744880779609,0.3635507773085561,-1.6019647297902628,-1.0012154791472394,-0.3729625581483459,-0.32025971794700875,0.005024102511056506,0.19000717562317407,-0.7562239614207028,168.33367476553173
11.291956929990821,23.018290887423348,11.716535414541273,21.179534072122863,245.6750079692283,31.87693342544182,15.69854439174658,0.5712101493077075,0.17427915549584652,-0.8411141041314295,-0.29641664200338635,0.6410455762204331,0.3530105711951702,-1.7741507655112851,0.5209131811557642,0.09561373718657779,0.5983697635460332,-0.7513534321001261,23.401835552551386
81.90369662939973,166.29428932094277,89.6104494131876,42.714411256288486,173.73014322049823,60.00677766726484,-17.83230390894452,0.3964903848813772,-0.689485105268387,1.1827183829190093,0.04391466449491853,0.32933388085472454,-0.5098901688473158,-1.410503226496852,0.3436164463015145,0.5434443695928807,0.3793418980702237,0.7434366394040849,153.0199302740641
96.69510728555389,194.0207688032,105.54459187311026,44.06771044372204,377.5798519153718,63.103761872271164,10.552356337310442,0.6132731293688138,-0.3607361361628241,0.29787939118080436,0.6969099278312484,1.408598482519413,0.7813523260153219,0.567046122803745,1.1653938226481628,-0.20405623912770768,1.1890100211285053,-0.33295519475155555,246.8954080452553
56.53625508805818,112.53552756317525,62.255934324608425,38.02464712576465,491.7715416456772,60.42539647686211,0.6508150643046271,0.39608095944822097,-0.7510284142852223,-3.0006373133210866,1.4149176844286881,1.4665610164873533,0.6266827960857764,1.1906285590526342,1.011920485521657,-0.38769665064286224,0.03672944862565302,-0.16148715285353749,118.90446865271895
82.17226076563999,158.2886143616539,89.63893443988043,20.42743406911504,205.2488888881856,33.459478485008894,-16.954412416435858,0.7304468610205331,0.2900349759544652,-0.16058489835909417,-0.709117910737595,-0.12956266055216992,0.0696842674319155,-1.1393361860065412,0.12705743611869785,0.9123013899533852,-0.8379033399861784,-0.5225069329630782,208.4699307968509
77.73030823399196,157.88737291350208,86.60961016165986,48.68514568321443,354.2232041621316,71.43345884761726,0.5622441097582644,0.3097629482143871,0.9119363399238442,0.8938489559900427,0.008762291867347036,-1.1832651964072498,0.6856171325647059,-0.6548699178415758,0.037242599464936355,-2.4476565714970797,1.4355880949431146,0.4381819860425634,167.4175975240077
48.631353027387114,96.60864715642498,54.197699241969005,32.61035176635684,235.41568142106385,50.126534843837455,15.202178977937635,0.11140366002875335,0.5437968306630341,-0.19784889939103073,-0.2514448226660734,-1.0598094379156902,0.17097229284626436,-1.3706320695127105,-0.23327071735876914,-2.739204103561716,-0.575687981994072,-1.2680354073620614,135.17956202653923
83.40390144658119,168.65792276177493,92.84536191365112,38.67768250336646,405.6629097648857,58.12809971783496,5.66062649444288,0.742261492955369,-0.24917961120809634,0.016800912862192614,0.8571913983867641,-0.9407360101981472,-0.4433005984096854,0.418878748515966,1.0181850026761283,0.500994741198955,-0.32527859642435686,-1.4222985785296878,217.5169429591702
15.47003926416971,32.50133209258526,16.36417302696785,19.351243586210977,198.7751895985054,31.615037747766127,5.413665829408739,0.033200140197671923,-1.375096476798913,-1.1213847779868924,0.2042789549222243,1.580632765859257,-0.5592738242905254,-0.010688557578905678,-0.5133098420435624,-0.5077217718723561,1.1895099891667382,-1.686402475138371,34.85133543659953
11.063377210637565,24.627705602600674,11.365936328285619,39.39196267514273,396.1225214714913,54.353785303341496,-4.146439003782994,0.47417063642409796,-0.494655762779045,2.1126133648704104,0.5056542153849951,-0.7691511522207927,0.35936811465126667,0.6761575361751908,2.1617018635930485,-1.2458308091503834,-0.07725931135708475,1.0533315105160082,-35.27870087658473
84.326666205051,169.26490699136554,94.14208620293853,18.08158818201498,126.38295434448548,25.444521528153707,8.183072145068113,0.5524710648294772,1.5153023756833641,0.14871164994685188,0.06374270319197298,-1.7942542755375366,-0.3596703223164743,-0.6495712934817216,-0.4650282888270646,-0.3192743153914369,-1.1375202184956743,0.31893725317763966,238.00600666088354
69.4963427855902,141.28601391426216,75.97475664942232,40.19525595832575,327.15941542172345,56.734706695425054,0.5796986151967047,0.15500355426072487,1.1598883324084703,-1.0004494944840945,2.9310676775874045,1.1801546282571764,-0.5184640887279143,1.2084585641308647,0.7670880791725663,0.8466976237625586,-0.1657549931968806,1.0798472180437193,157.82285164603152
22.377726233313822,44.365743458659594,24.68898132298151,4.477085866722419,391.5597557619085,2.6551754660819986,-4.7464595107815875,0.25263323020212014,-0.241915511985255,2.154057051232877,0.7098684437401879,-1.2602785002247643,-0.49836899514217214,-0.32688735712249345,0.11815594870771641,1.290255613635992,2.174229946921729,1.6475331451727937,48.006883314820996
98.67974607755558,196.09191909710157,107.1752362356044,19.594858556967452,426.76455723379956,33.03139752001887,19.336217395187163,0.5170811032275413,-0.3168815779067625,-0.029319337977332133,-2.0031552652869555,-1.0698846944758387,0.25098739459606045,0.4418530656936935,0.07003383839700343,-0.15850946466985685,0.26252144257802285,2.080114904951655,306.25722119128966
11.464970303123946,22.222083102958926,11.477123577061068,21.698526061848707,145.8457322278905,35.564807498318764,5.255163489838388,0.6714730327415145,-1.6811891782925892,-0.6426235412520672,-0.9809236163768674,0.11862279031676444,0.41685195246415485,0.029393836549957964,-0.2721680080749429,0.926549507257707,0.23956252368747305,-0.7900072397651503,4.19693233869282
92.5542258114035,185.3436311942477,103.1438127727332,46.42780882094975,359.9502570747394,68.84251404689135,0.4133900270215136,0.04736468036598551,-1.0394012488509812,0.11417030743471679,0.013304352096564697,-1.9694387609176014,-0.41497899133543115,-0.511455925283464,-0.7306991632213851,1.8684776662704645,-1.6031277472684997,-0.9991241029796293,202.21618016016498
81.10949366382683,163.51786187388524,89.75471156330087,38.65473419226152,106.76067905737176,59.541410854971275,-12.704823016074807,0.37005828184909917,0.9599745919183712,-2.196362086257615,1.273404365009756,-0.39177768818390507,-0.36366303798539934,0.15054081075379527,1.516928796927525,0.18722991392140423,-2.4657551222876117,1.0502997380443246,142.34902167205507
70.15977654676188,139.5439628124837,77.14971053845814,0.6520956400733746,358.9219343453269,3.164285641688648,-16.538330105257405,0.09029627370893689,1.7029271334734226,-2.6566139410392067,0.1284203952201165,0.804124371630509,0.4434561060132515,-1.1677362052750022,1.1135377367733355,0.8151586426524451,1.1821275085774214,-0.6269048241476429,182.0481545701695
79.51833319422035,156.6486111820384,86.98592845890785,0.752219694586187,409.202231650644,1.3321915825104127,1.9293904907411594,0.2942010950592241,0.783081314160244,0.9566572092110975,-1.2711301344245578,-0.573630104840299,0.737279489472839,1.1506392169218285,0.26662695937956377,-1.1959388751907138,-1.2378802911302613,-0.31729989999083547,238.3745883614898
56.80351123805008,112.94460658667855,61.90812532432179,26.456931231545845,372.8512783658857,36.371020578587114,-17.094086002086293,0.03063487537947107,0.34498795679704064,-1.0004274558569313,-1.2564652499790565,1.4614108649537223,-1.9320607063513329,-0.8995347713345727,1.3295055323952203,0.19666828021218397,1.6778503418349673,1.7098691539777797,80.80863136582326
21.943094498255583,46.380935370706595,23.731743191063686,17.925334518608494,439.70805097637253,24.212090287592808,13.241480550969172,0.18677196934923845,2.747477757392456,0.25435899869643386,-0.10225866940295249,-0.03558335772573703,2.001081802282621,-0.7402656033904333,-0.3711409760559224,0.4025432191223211,0.9973512371909907,0.49123942839886225,59.40154736514988
40.20529617327979,78.43423962134489,45.942108096928926,23.028532224393594,282.7672609412292,33.323651667236454,-14.481210265076832,0.29679785955769244,-1.4026171331923234,-1.047930971293886,1.2282374400515612,0.8525641651708618,0.6431000873615335,-1.090772519494353,-0.25943380192951443,1.3448039312422768,-1.9846916900359788,-1.298717355671328,39.33869660784907
49.216820925208935,98.92153542240169,54.77909853568886,47.151256530556054,233.70697054930557,67.93439633883861,12.446510406474154,0.881641447512085,0.6704274665205435,-0.4055670561848476,-0.09172593133463697,-0.7817748505368403,1.2583510008859924,1.3723124293084714,-0.47564461811522407,0.6848698499292684,-1.891118273303835,0.16550583181497464,88.77288115988657
38.70644017428598,77.60452901643988,42.12357326686489,42.246091953656766,156.61437549092926,64.97571513923147,13.220181465167059,0.7103066189179019,1.6176868049007338,0.1843765914336219,0.9306345288500639,0.39145044295257564,1.9078559484682338,-0.9669612973888928,-2.0712062327530405,1.314267802125917,-0.6666200170674899,0.17402749948265678,62.75905199728641
22.241118662507468,45.77948470870296,23.93296345303841,8.881266230009006,165.18200015885344,10.834345750389534,8.844779993736388,0.7875474637746703,0.4314482567730685,0.013713117843504978,-2.3915785559309173,-0.30473220365120013,0.2590035578280389,-0.5801570575460427,-0.5956629027311935,-1.47320908633378,0.03272739141267908,0.5402518668539066,71.80671928102554
47.77167675289451,91.96036055041348,52.96577142776725,46.20979910017259,417.9365210903555,66.91203366027386,-17.643301848679428,0.35143227087684825,-1.4298586004279943,-0.5918276081221578,0.4155269594916743,-0.13851025881475382,-2.421482198021436,-1.221584562563666,-1.481629648038966,-1.2322858332598923,0.3625555148348142,-0.315975601286844,50.50671879387733
83.46534527185823,168.0300362464781,92.47225431207245,4.043541382078647,452.0447762120354,5.982304636545341,12.677618522106002,0.7939450922652252,1.2263658014820253,0.42626049246611575,0.08044501984728578,0.24553319283326874,0.9571582190985739,0.4568868824218765,-0.0672791910535229,0.1584411233564239,0.7418382526353146,-0.20554595233857828,271.74660283068715
73.0594955734755,146.9679482006322,80.58799749350521,25.209000547976228,414.08303473072755,35.34117388943514,-8.278577260076005,0.8107281673391142,0.8199472328515479,1.0019841378928036,-1.3145612650773633,0.2651318218152723,-1.7946028915156316,-0.88735199761716,-0.45211785922067255,0.2785255537353526,-0.11154410953585901,2.501967533263282,165.4723402635007
78.93919967413721,155.09852197992365,86.83990380711155,47.966808313282286,417.21261358544336,70.30164195366622,-1.034603058640787,0.8047734820161359,0.15517110519747068,-0.3852763810166432,1.31061435410427,-0.9310350555777667,0.6972212646287022,0.33196563894943004,0.8935442415751557,0.262059657565442,-1.2725216963179762,-0.5175694430571295,160.99043079235383
29.960113477812804,60.836555201368846,34.25734307645966,14.838495930036805,488.3280810166855,23.274836521154356,-2.4859841895003427,0.524017913370884,0.546766399009771,-0.5050502234130574,0.3957735093328879,-0.41431890238578123,-1.0020591965124532,-0.19075945252084633,-0.1809626415309111,1.24302677348628,1.0275819688031034,0.25640318862669736,49.28795262223285
27.438052393091766,49.09684056546112,27.550086698870118,49.82279362208058,456.3983002292386,77.95480046922961,1.8864987205385333,0.9676730049913879,-0.29766134468409505,0.6546407548250434,1.5729490469079919,-0.8501553952643319,-1.3274130376806093,-1.4246677822390974,-0.45227284816706265,0.3036720139438025,0.8618686197854347,0.26474736314353553,3.073517429308578
50.09644704660323,98.68056224225082,54.92821117358741,2.5060476338392257,244.04243364627848,1.7188266260499754,-5.431116831028184,0.3970658940036279,0.17345962401016324,0.6112173969049033,0.6070039915275669,-1.1977806969230518,-0.8709848050241099,-0.22855017293118354,0.046767425471788304,-0.4737763959376153,-1.5500659016777387,0.06446773792838392,135.23259424074564
75.75578832984023,150.14908530885057,81.75260783604476,44.47416075824611,139.89194915009136,67.90460162880595,11.156367214772217,0.9414037867479044,2.424882559708446,1.6424911839541545,0.8860982963143035,0.10683392386927405,-0.665655025863156,2.294862226947658,-0.1380936153352198,-0.30318393808679417,-0.17772822688102366,-0.5802717905429935,180.76945045876067
12.141370673113022,23.88733778763323,12.294549147141447,11.690392090054985,427.02905511831375,21.76638959752702,-16.67368689698341,0.1771264821157671,0.4154795693922248,0.0016969422595547166,0.7084826272125327,0.8059930896301525,-0.6929722474554274,1.6365951332691693,-1.8560989228067093,-0.8155630659244439,0.545763845496367,0.21418554334505532,-14.030035991701558
47.59126848250023,96.89723869153188,50.79335908925208,3.946995481665261,144.39751904386458,6.975694519560122,-12.67628881141377,0.87850778808463,1.4262981998483768,-0.3036772590374184,-0.3016965950097606,-0.7142749532405727,-0.9253571624028926,-1.0327025069768376,0.7984677068768533,0.16269135741161259,1.119888377488892,-0.3187932527937328,141.5316983644224
78.84864717621208,156.60175670697447,84.55485397147284,23.184779508024622,320.29781356310093,39.04756498568683,3.5954876762841366,0.3661574769311644,0.7128603298914985,0.12695562893245382,0.0023085229134164748,-0.36884225971792484,0.9968198525417644,0.060971411695049924,1.3452787038663618,-0.3690023317764006,1.6909075106671883,-0.3243780476421902,203.4854729849474
11.098433794779396,21.228894970654505,10.694816037501276,0.1502097686507331,239.28392269032148,5.916486262010696,-2.86367027592447,0.506482285347392,-0.5351233684944071,-1.6032840632533654,1.1499823754406782,0.4925839301853458,-1.533000705129726,-1.5692772347856698,2.9322542929402635,-0.8436783135756376,-0.7171786125797187,1.1817870242572477,25.335753513347385
90.27161997320962,182.37029427548902,99.6113918435222,37.998259719477126,197.452392903872,54.27319593074894,-14.139682934968292,0.36134598693193754,0.3158282886192077,0.15022445349543503,1.264605358631424,-0.2930854036298886,-1.26993570126293,-0.6735106389011657,-0.8470161584222451,0.6336018594076143,1.5991316778659035,-0.9592384387228676,196.9156375367545
15.2910831319682,27.539836146241814,15.447509529102275,23.875032463210793,117.63553255287977,35.06268978165921,-0.8407206830519911,0.26705588172665373,-0.6742276958674074,-1.4379176969853682,1.4184238051091838,-0.3984339711872509,-0.7466788631645553,-0.35294326884085986,-2.2436174852218835,-1.252843636086034,-0.504805210665398,0.5050041875265415,-1.938110662257973
10.250117595022509,18.557897677838152,10.748773221757679,42.40331234280442,162.8702143853136,62.6136926600527,5.3153241717633115,0.8284422681559189,0.6200360804974683,0.3055833022251565,-0.5577569080264766,0.5271889829324055,0.5126375435358572,-0.3781724815719948,0.9772208303426947,0.7655900895152704,0.14359770267119634,0.32492338146510746,-17.41015945727609
26.809314485894372,56.5618001458007,29.864448607585608,7.472581497890923,415.7107300201725,9.113672402836114,-17.21023976348837,0.7372287719507137,0.279402306361627,0.056852081365924866,0.8271520422752329,-0.6413534176279927,-0.4167268845029739,-0.8408199909085591,1.6990692134902563,0.06000666250953295,-2.139579778458101,-0.5639029869344901,73.48195654676731
55.93930708464173,111.92918885774988,62.120994433050306,45.14264580482552,135.3544991732421,66.06308491257236,-14.556756730000288,0.927518390167469,-0.2969907409250808,1.4765860001682047,2.1878696758878857,-0.5957598541786607,-1.613264983312148,0.4518319237756189,1.2747648451381937,-0.031864778866760105,1.0883960386656866,-0.12347289085410972,71.76078573035063
87.14888789432814,174.8469916369734,95.6995701313577,29.6709543976734,337.43867805917864,42.895811997397956,-18.14295165808643,0.9532512563702781,0.09111279605353931,1.488393496984639,1.3200579430896984,-1.2041151600626128,0.4137132791523767,-0.3659203302953812,-0.8304093218744935,0.8838063917724945,0.9831756634284693,0.5224461109414783,187.7012877528569
51.70305676827976,106.06597206194841,57.87908388392965,0.054868648697026234,277.96706591407786,2.4015128073507537,-13.515894345745515,0.7136942576761122,-0.599979574422365,-0.1979954127236062,-2.2831683257190805,1.0490940778855709,1.4475927785417237,1.0375550497207877,-0.09366193314165086,-0.6050594592464297,-1.3195958050886614,1.7558898596209722,145.9825704815579
80.7108711541024,157.07694491673166,87.17276638134575,36.13946996788528,374.55818166149277,51.27725162374969,10.912102196235821,0.5031328904370254,0.23121751432769388,0.9354940243098995,-0.3921035381316011,-0.12805094157590097,-0.7357694166462877,-0.45752822386341363,-0.003610720000195685,-1.5310384473243768,-1.533507658404674,0.2880890540277213,204.99357522723295
18.477673712035838,36.38915555401157,20.05162265435997,2.51719644308554,496.9661169443327,2.5992327047949795,1.399120022531708,0.8082958362949207,-0.5541735445956617,-0.4236148925606516,-0.9273895788693288,-0.28523147473318233,1.1152502017329127,-0.4205785909372294,-1.8649758879610177,-1.0542249281077938,0.2661476857254884,-0.7585510915121216,77.95215948688808
96.53004355271243,192.8122875509339,106.41603419383614,4.798724128093168,305.56545298725996,9.670337532930892,-13.499456941718115,0.0539743391993065,-1.3108690021846268,-0.436879909875269,-1.364115703644389,-0.31984113634683004,0.38104263151372314,-0.6115576067279307,-0.30381029941103405,-0.4956710044594318,-0.009937671559022107,0.8060815361623508,286.93436203869857
53.85472222317955,107.46169158937298,59.84388322674796,6.583954738287162,399.722429693503,8.447336835495985,-3.1415927487796296,0.9534863155823834,-0.8651319661389529,1.0470830723695361,0.0474361891944793,0.1351683636966044,0.9838580196648371,1.0029961384584163,0.2703234992527963,0.022207898142184285,0.08442851392579749,0.3113660255055134,155.29754621983048
94.339415612038,188.20978230940216,102.96976739609416,6.560027275452201,386.7758078542551,3.991846615039016,-14.912315399809902,0.8758105196299807,0.06296138720813058,1.5895550544854518,1.6736412679212107,0.4457713267144256,0.3020716944685127,0.32428835159396713,-0.1587913164487664,0.26671927444830823,-0.014425001965933956,0.6623415242719866,254.4835899186335
71.3963738724031,143.62590800928137,77.966828918569,39.652359707232854,192.3236487355909,61.04214899230665,-5.7656430012334425,0.9030933647197649,1.0225858706390536,0.7039440493940504,0.2592217264569688,0.2831576604151964,0.5881834817735018,0.08528667089721192,-0.8454779298582387,-0.5999039267802919,1.1316076387835818,-1.0172694370736186,125.51496903415227
76.80667181806622,151.69924304588767,84.0976930668144,30.40592299434417,444.24024207857326,48.305156724992635,1.2354371601849081,0.1193316351183682,0.17143494814337754,-0.7633908563989646,0.9005202958350684,-1.3775625109753538,0.16091209228222528,-0.3354877415558969,-0.45142428982944166,0.38752223651862205,-1.6389336740164917,-0.7398716581706208,213.03126612338264
28.272165317086408,58.2431417092923,32.39188921989977,25.05436057443808,246.75699593383905,34.888420772421355,13.649542456175098,0.841434605193976,0.9282116908354453,-0.6104629475346066,0.0415678372893967,-2.1046867737060397,-1.1527584712204708,1.0401619724005833,0.3791429271592526,-0.17881412315075407,-0.9974959954509085,-0.07626622930228197,71.8955574171166
42.550345178246566,84.56108953251925,47.420407669843435,38.153353252717324,201.89428717047898,55.42874649733911,-2.740592839862039,0.9796965658392546,-0.5421736457278952,-1.2498246844358691,0.2686240337907418,0.6609859911420877,-0.11346634871796987,0.06535250961169314,-0.5853940727474808,-0.7768544199317743,-0.5044040896019165,0.15131387379300126,49.09342751871538
25.20489733428232,53.15057855359906,30.095929586287063,5.873557213120028,218.20708503919084,10.075159544548036,-3.562573592226329,0.13744543432917555,0.4356552450245338,-0.8074272317557524,-0.8703523424288045,-1.2728595489784211,-0.0594755107321631,0.5697146968432014,-0.8386829192694828,-1.7586519581453746,-1.6321958597386481,-1.8805146924967902,75.63383961870908
58.04208484400583,110.22984564814766,62.21896418934,47.5185504880709,347.07970052387145,70.83893603475386,-14.099243688741318,0.24010208043720482,-0.6947406562346534,1.718803626074584,1.1680371031120431,0.6871683290077254,-0.32108104727045284,-0.7134843880384835,0.2755911493665361,0.8669225204151149,0.035622815723213255,0.5351828881487948,37.78430724284436
96.9124380992093,198.6652758925634,107.89321109340139,48.70541578456608,174.66359701443736,72.37164371683514,1.2651500808746263,0.22491284642757903,-0.045345728026527185,0.6708251647631722,0.7250380178764056,-1.6686559528183844,0.02317228789582995,0.4041916208529767,0.9829280800441005,-1.6751339798830656,-1.003224431926363,-0.18486323915233713,217.95334135687727
43.647584529313484,86.92043882439452,46.95741962299576,23.345224104211482,391.1056828212866,38.35769471608201,-9.257480353301917,0.3308251708452853,-1.2733074244241906,0.38270567710042563,1.4115375995249047,-1.0961159767125037,-0.19678304434597116,1.7084711914955102,1.15750447971629,-0.8245552354858129,0.8936085683470985,-0.30915680214990754,73.51300360928417
31.593624869680042,61.63206011920516,35.107026029068,42.86231743948702,257.21098597842223,67.95416243393731,0.111590141745733,0.9622751310981309,0.6302082387531273,0.26607520802729984,-0.07695423902225067,0.3985465312757105,-0.5315306535167232,0.8008450066116701,-2.131656841453404,-0.48332698635232135,-2.0443496159475574,-1.0044891937211886,19.550198636905556
94.3161849353409,190.11596560004057,103.7670770096513,4.376918008463809,236.67619581629268,6.829554412434148,-7.076139811716269,0.9399513853431918,-0.8942379342915271,-0.46072017676338867,0.35347896716950084,-0.5255125597328538,0.4478442608629172,-0.5891268536468062,-2.6916845370401323,0.8151225023412395,0.6257118559094541,0.7252828453880991,250.50074680351625
74.56640201035974,150.6996310199183,82.43043936033553,19.240298167817222,473.2500726391009,26.521007486386786,18.1462777450001,0.6506651531492302,-0.653124474273958,-0.37811028520195056,1.9001973592468264,-1.4311827366234162,0.34378525338664406,-0.7733132682980788,-0.35000604477668107,0.7852204573257427,-0.06687585283901731,-0.3323244815739242,290.7763887410754
60.99141215636158,122.62541477381532,68.96823552325397,11.300273650977694,484.4202217682015,16.70864390514008,1.366316272502118,0.6862584406947392,1.709569486779664,1.6459310317689069,0.981222477748669,-2.020515517939224,0.317511585890504,0.3942272861694091,-0.8543363483177057,0.9287674557879079,1.9418142425787768,1.273405368772989,177.45757233753042
35.276618962363955,71.60637837452443,39.91009914200153,48.473050690420536,211.74406033493392,75.24997902901083,16.233742387737614,0.7975104783524175,-0.1181844102570144,1.9244859934314684,-0.8820179138307901,-1.221835881548364,1.1184195482309982,0.35262333291881326,-0.37280877791994377,-0.4672384618784539,-1.0989475073816926,-1.4753026420309208,50.588270168729984
12.278356643282532,21.04637250716186,12.12927003745845,43.7656040273502,428.14231558915344,66.20657245899635,-1.8813460671732187,0.5773047166315816,-0.7168128221549581,0.5186991158785488,0.4247346922794908,1.0401629602905964,1.6818572685365438,1.4178134272466356,-0.18835066286937507,-0.24505555910585433,0.12852285061318855,-1.5469975271614167,-16.113825099386315
83.37619836423589,168.56068422557237,90.11815626787052,3.1440902592936917,471.0286287547674,1.7944406139993205,6.331411893392659,0.04563028392468793,0.5669536542253503,0.09095546314972065,0.3881092810649528,-0.49177471055436583,0.5965216234508597,0.61962835991745,-0.625842068577479,1.33458032886594,0.47595198183937637,-0.170127876557438,287.60963674598224
12.38227810248269,23.11033913976799,15.609952890709874,34.61498573115491,149.36715891730597,56.3601125892058,1.1634638327726634,0.6275465242127162,2.710891777844451,1.645919509246159,0.5580782027278555,-0.36192297121626854,0.4469856824541077,1.3222048089057485,-0.34327034785559063,0.46588662188865926,0.09952416354899307,-0.6142388271191529,-27.322612957913933
74.87612569638348,148.71713474529966,81.67251941147785,36.312717434453816,442.3780783553114,55.054645938212516,8.76545976803568,0.9663602085066605,-1.2674071674083889,1.6935864131547957,-0.3737347252414131,-0.583015209063042,0.058661937304643426,0.6056004318463811,-1.0947489346644697,-1.3222518666031586,-1.4508627064411825,0.5462158266852046,177.1857266004886
27.109370011284437,51.508493740754716,28.816867707337575,0.07120865856461434,245.4362298633578,-4.443844215607899,15.776078039918033,0.8315966518376732,0.14215041770464248,-0.7006234781700347,0.15431731807377888,1.043696447605126,-2.6712653607669816,-0.12220432567524812,-0.4304305016734064,0.08339222966486395,2.6047975277968782,0.8274802354299409,126.45807740375975
14.100550756086099,29.248317043664876,17.08746989615454,39.39560985550616,148.3172677889205,57.33271423418521,14.141605854005604,0.3811329829586624,0.9464206992303661,0.6756064125900719,0.25539861655324353,0.3807838938546166,-1.5135793655297913,-1.9463951984041925,0.7037103076224999,-0.08672567601149818,1.463944787224399,-0.3490712099383753,7.32554825111061
66.89080116578775,134.13638708595866,74.08174494777879,42.951507304979536,366.48825643585866,66.175026013226,8.298058736933708,0.26213837067881496,1.1041911924047467,-1.342804248970471,-0.8773796125835426,0.11938283917951073,0.012491728330677788,-0.529833749206565,0.6610602673304549,2.56263667441163,0.3183493750496,1.4988401739012163,138.8562903277483
23.748963942729645,51.78871470386838,26.747899210835225,25.41791350278531,353.89617415109444,38.195498706095464,19.885531113734444,0.3461061161772392,1.9724457589791635,-0.1192498458339544,-1.4546572178514143,-0.6411699411739623,-0.7740527185136168,-1.3089277263880563,0.4006009816489101,-0.48280642896058606,0.9843694624664613,-0.2636219401563011,64.88186148225344
43.932424533915835,89.06270977717533,47.433786597882445,49.65290402529159,184.42541471597735,70.89556390587433,-10.310273220206465,0.897088837887583,0.28636982969189667,-1.1050750625618104,0.11198608022726901,-0.35418931479600685,-0.7378810820909272,-0.9860425877766932,-0.20486571075054646,1.5033280594408467,-0.46930743237473616,0.0242711899234349,3.730766652752674
31.268328283489954,60.80321318169697,33.95394404506179,42.838592662994,479.9111583974673,64.8641094381949,-7.041645303816452,0.013552053931941255,-0.3775092234957533,-0.5947878075474272,-0.7613285406735819,0.6680894628088812,1.639685406804189,0.6176074275842615,-0.3713519379322817,-0.6187492150368985,0.5342663996554387,-0.9988334730459805,-4.408223932239345
42.88375135325244,88.75377309984061,48.694827385434714,39.537707893604,118.01317143896854,57.68507629375695,11.971286587202513,0.9367834897801967,-0.5151516778959339,-0.8082452208817391,-1.4363754806557532,0.6967582985055275,1.1623754903853833,0.5651092505468583,0.7973608902186143,-0.4494306230335124,-0.16622763758319728,0.08044537792170227,106.46879850782955
94.00106966754254,190.68561058510605,105.07344973749635,29.621253529476345,184.6079843966204,42.80182298419621,-5.689891932948367,0.18486276313810135,-0.03216451361854356,0.004647735949277705,0.4982551226790564,0.5803319725071542,-0.5381952600938318,0.2345184768982021,1.3901914177121135,0.13060925754850625,-0.2595582421888452,-0.3670004018176856,243.02766053547992
75.60677259822872,152.66222987387587,84.0604954232134,47.040038258502385,328.6294497360316,70.59798539154977,17.865396624894203,0.4035336707737849,-1.414589284795062,-0.2881333629108254,-1.073690347248176,0.720020986540555,-0.6895334481600269,-0.10131907580273991,0.5913649144514038,0.999566253172182,-0.4060146506220129,0.04128311681500651,173.54833714508396
64.17479096843374,128.4861363935206,70.10586228081861,32.60171576939651,369.980033530714,56.36953148673864,7.818114929430369,0.9638347292722603,-1.1084927394517692,-0.24606068758090954,-0.8956898860116879,-0.2583715500026768,1.2644572488400527,-1.9743190568369593,1.415592025789763,-0.5532355546886993,1.253042959192739,-0.9090758025497867,168.59108052737716
37.78906485640538,76.23504387781833,42.05567798019557,38.49816969865234,231.52626844873038,60.55647281158908,6.884539641464116,0.785637710826236,-0.4129825766694441,-0.4800739918442025,0.21665539675379206,0.21581091021035154,0.2744586004413909,0.2611670580160475,0.9446759479150831,-1.4447515044431192,-0.9710998226346619,0.08386075143068668,101.91544438928415
99.38685860820819,196.73738667161382,108.28885177668022,46.08304101381167,291.97517635490794,69.08900608718537,-3.1654042100401014,0.5612624024172664,-0.6817371533104302,0.5244103195850456,-0.5419625020748906,-0.9214395109092813,-1.0589356157843086,0.7601119546615711,-1.8897967566987282,-1.2513467016618816,0.32359139353024435,-0.28595873900378166,219.00952282470223
83.45941661385868,165.52735733808655,91.99620575395785,34.53131056972135,113.50988822260963,52.28462090973899,-3.7317582236933973,0.35300332542311186,-0.35486238583316393,-1.0699578238836194,1.5936940350888902,0.3840426966624468,1.2745397200428197,-0.20144456062339125,-1.9096109326187,-1.7149084609721805,-0.45019684068176063,0.1737472486298631,185.00077073632193
67.14907617039187,133.65952165915309,73.23246553846913,34.79727185523395,189.0960643324143,53.46044440634732,3.7425781684969763,0.7190158442255633,0.39901602663058394,0.8376322451912634,0.31283374589610474,0.5034560674878377,-0.581994478504525,0.3515088003088661,-0.9092508401654876,2.815854398416372,0.8342607218725022,-1.0992121223572597,177.30448461511222
92.4548625737937,183.05104404890048,100.26159211136073,28.495838777516287,234.1596770635964,37.421464407683544,-3.4420997925224626,0.4346245322228497,-0.268927114892178,0.8543128046332489,-0.1583422266704302,2.14540374150336,1.4658003232081886,-0.7661561487557227,-0.2722088659988486,0.7218670658544285,1.9105338787967938,0.9433244040512063,249.92562993488573
65.0788041272618,126.52323481111567,71.89640642696666,29.454413147489785,401.19259836513083,44.40388408138604,14.308993893408385,0.2757879464203068,-0.6827046157785236,0.21760913546503238,1.5006329972412151,-1.392995590743817,-0.10574834203456039,1.2170345072811117,-0.6560999160344585,-1.308363516451248,-0.5207907637250228,-0.2113505666689922,207.29458734374936
14.296981047085575,27.60897459307717,16.351697170620774,30.271937594916682,290.81121600731024,53.62613413087706,6.76031435059679,0.53317860247601,0.15643506438939309,-1.2055822358047774,0.49807941924344806,-0.6166576636576103,0.0024179576440701575,0.46771415868502547,2.1169416612679757,0.10618010143890916,-0.4743019202103148,-0.2268658514646965,-4.988493768971537
72.21447524130596,146.14007844169356,80.70491461960768,2.1675864156075475,230.72939306902464,6.175757370412288,-12.291344318668425,0.6302972563337934,0.20616954139121796,-0.9398366098419938,-1.307758315680032,0.22724447975048367,0.3281857913409689,-0.40108373863950464,0.010355919967853499,0.2959898411640362,-0.18730590659369983,1.0483962298558762,187.04287980085792
37.394800367468065,75.8119080965537,41.196114224377055,30.546920829805007,326.6294123369684,46.55355961736144,9.491868577790736,0.3557714976864761,0.32340565871245636,0.3732147868649614,-0.11278082751938559,-1.1068460154177941,1.2591878288669274,-1.5522067103018133,-1.3224503638265408,-0.24165123179889997,0.4840278891468846,1.2296102527928034,80.28773532210838
66.52039998008811,135.79078950608147,71.81818845831154,27.768861852556643,272.09764710322725,43.99940429042594,4.379357760668057,0.9443818335889602,-0.06584400929965986,0.9432868260689583,-0.2317891505794359,0.7394560483283114,-0.4622799158998136,0.876339957695779,0.6119820944750606,0.3600699772431811,-0.9295177791549871,-0.25140041953640757,136.9281250538542
89.65162067430705,178.93541332006888,99.11618585595754,41.44067853964704,163.02853206630985,61.38707034703597,14.319010451036995,0.1949028023334396,-0.6134861163094357,0.16775087071116698,-1.216399483191877,0.8091569018464525,0.721553658844098,0.0852478171102959,-1.2537070459570154,0.4007260400657503,-1.5365335262396698,-0.042825073902119606,224.14211244466327
82.08966239707877,161.22761613024815,90.5395249369482,41.559755440063924,113.06781635334761,64.65104425194477,6.045004222927261,0.7107556217003345,1.036104037619588,-0.7811261637382106,-0.31946982638061994,1.642195343053277,0.5574960269094313,-0.14589463101236216,0.146109501260589,-0.40810477298591774,-0.6029406127086687,-0.9861916926463492,147.46680118151437
90.03417146015296,181.50618356964785,99.77689320667378,49.677349641002664,220.83922984552177,75.0820139655984,-10.864764292072802,0.7939392163706945,1.2310780412113764,-2.090167182936238,0.9513924033494382,1.5717420303344767,-0.6265992686127585,-0.5150737124493615,-0.489302654964146,0.40043766649468493,0.016329677497032923,-1.617764265780099,164.00113646094752
77.8502528593342,155.7739295236409,84.99219867049298,6.673828333733212,497.60651336109044,8.449205958449863,-14.548313016819442,0.13444204874477572,-2.5128322633952602,1.7951558890410968,0.4406775412549303,2.0025575302458005,0.08944815800743328,0.6982381770403226,-0.025702026932774173,1.1239397144897152,1.3983523705022363,0.6337173845436362,199.72103677653794
70.32947690100471,138.67452483926985,77.25104277614783,46.64073393336873,104.2824668810951,70.98613719565694,-0.8644751877568666,0.6099611546648551,0.00494132619993611,-0.8701721039510424,0.2746151034034588,-0.20311399930779417,-0.1682679923310291,0.9467715067253618,2.2369203694680193,0.822052037709112,0.3368303620737164,0.6414302337489491,125.86129283477469
62.354908511426856,125.16151334243223,66.89961819253584,8.531366003672701,111.61735420460946,11.920653527414949,11.696150342169396,0.04666671251547183,-1.072427936472913,-0.2766729548834844,1.692716433387814,-0.5908815717186537,0.6523375650759992,-1.6628780844546236,0.15776674617398204,-0.09028923399236269,-0.5721168559757305,0.16926457425380978,235.5852070006322
24.706592705641427,49.898262881125085,26.52672093491833,44.054002081342,123.395876405676,67.96925291553619,16.65167296866342,0.2589435030561227,0.8270649185266382,-0.7469116109011021,0.07582071837577758,-0.4566282430832576,1.2446698660044548,-0.7115621177914954,-0.31892828846378496,-0.8202996979417656,-0.03104046923061301,0.47206629422690666,13.51971181616669
80.79937647965862,158.38755832918764,86.73828333547343,46.282965415608004,120.01857574676676,67.04026378030825,1.472917459129441,0.9204981955938506,0.852906094864069,1.2396423194118846,-0.627926952107464,-0.6596655575842983,0.2528102904087689,-0.26183346104151856,0.7557803953919976,1.1204340648437177,0.43085413202342965,-1.254191657930037,183.88910053633074
71.92833327421388,141.32470112799737,79.4737754841345,14.087371048559078,201.88898418801455,16.215370238126578,17.886172606767843,0.4854677859626991,-0.7640206645152099,-0.7854506253528967,0.04849948825102568,-0.3954787818582462,0.20560432360797481,0.486034649415795,0.266554554984075,0.15980120339213938,-2.551741241709409,-0.5020058252563977,234.13552699235586
13.77672680626479,25.68978296757112,11.907343102608761,27.639945751402024,422.93696677152275,41.416148093069026,16.653231349842365,0.9759979687542285,1.7571314107933318,0.8805276491866035,0.7503846024708709,-0.8735309515786197,-0.6207233115840454,-1.6772183735798234,1.230987254636643,-0.5555103832723144,-0.7994681278745077,1.0644881795090397,33.54426301205202
65.74837234282901,131.4753384104716,73.25314779704621,29.908881082512224,394.0874602965996,46.01757037732514,-15.919053503077185,0.17550288991708285,1.9968747108649703,-1.3512858770403988,-0.007439018023565775,-0.7580926531576466,-0.5924840155820826,-0.2241206502353616,1.9548993843349798,0.26525247238842964,0.28869114766799,0.3955356064504526,120.11392134913197
25.853281124827078,50.39695952430241,26.67378436902696,13.033654015922025,451.62802829160984,13.960975414170415,16.350865124255037,0.7400379086728436,1.2454262137146517,0.011798684142711782,0.917879865792672,2.574964664551208,-0.29800308932356206,1.0396744983102106,0.15982301021641185,-0.108845400640419,-1.20900275281406,-0.016738583473344074,126.26380565027868
55.77171149797609,109.97376788470636,60.445812958739154,13.548106128210174,108.32382382285442,23.312387570976753,4.553986693357395,0.3775231597271206,-0.9261206486894037,-0.043597994516865565,-1.5541010923511722,-1.3202077535742334,0.5618600641466,1.4053148779949662,-1.398249562813574,0.02780792386418993,0.8278685274502263,-0.5719926277446784,184.92842035313743
67.11947537372959,135.47050144838843,76.55027352135119,29.88663306127522,226.61296252642524,45.032462859965655,16.851276009681264,0.47416530042072214,0.16401128233685333,-0.5673181376423255,-0.36447022632109943,0.44801092335955006,-1.8151470696250334,1.0223692394122674,-0.24427443564724446,0.33938997902037643,0.19582551539585413,-0.49897923802885946,200.33786889792262
68.87078466415173,133.6301151399798,73.51405723339727,7.5454688044373555,214.3350127846766,17.45715150569368,18.202009775917844,0.7686049298235231,0.11323758198169086,0.5621968673254116,-0.6950249643328946,1.5329846785398824,-0.3066107901488595,-0.9669878389201134,-1.0262989790761055,0.43730925212912236,-0.10771414722522583,-0.5685682358983859,253.48101969444934
46.77449923390479,95.03315046947368,50.47776630126597,33.204015256444194,481.5821414586466,52.61983187628672,-6.591020028816068,0.25920894461499433,-1.4358789376072205,-0.1300167794129992,-0.42876280289109026,-0.14297076470428677,0.13339043775777523,0.4565909489236681,-0.9526249836753496,-1.396101381835418,0.7722377422430712,0.20059307281381486,85.87805448203953
58.09894238896733,118.04887239711763,63.20684567694367,7.851696038332706,427.56881905307233,16.835874119485105,-16.22555138177967,0.8288356898195726,0.19333426225836567,-0.9452050665994212,-0.4208748130044134,1.4130477336458702,1.1719845365394053,-1.053894412633988,-1.9607252436496394,-0.48150982349221405,-1.1930169532062815,-0.3339573129362764,155.94567410929977
99.22905494370836,198.38085058627246,109.2530867893077,38.1787957932238,143.8941107119271,55.49531592404282,-17.660494330685314,0.30930388710515055,-0.18326808492955018,0.5031398233824964,0.022740317495512953,-0.0374671267709789,0.17303603884360283,-0.6010528544412194,2.000170676985754,-0.971027355267821,-1.4259720136743315,0.019461403464785768,218.46528390138627
53.23973880715426,107.67354707222772,57.86611886462473,38.7969191136766,483.90509005700585,56.61379612429252,14.80865132787698,0.7489343308716432,0.07887994653052653,-0.4965986715984015,-0.4834013837134014,0.20794564750442146,-0.1804616870341599,0.6041930504487687,-1.2173375289376114,-1.0137220621664866,-0.5149268458753303,0.2185444520195474,124.8850754267662
16.7593344852158,34.21652844444677,19.424223433933324,3.1981922855496894,213.7288426253055,1.9750212084512238,11.833507410460783,0.11276789964291822,-0.2550090265582997,-2.342072477488956,1.124097284227266,-0.6455190047866518,1.2957069632670577,-1.5292495451111863,1.682243384117756,1.068290023406732,-1.7637277093183514,0.6160987529440309,65.52757245832994
46.56261438825336,88.88524554562483,48.20626021499552,13.884254014256337,376.2618766035019,22.286303435224596,7.9323587415106545,0.11089366477247953,-0.3261711527644808,-0.10496698669424606,0.7415358460629267,-0.7398289606204056,1.513477388262396,0.2002538419240843,0.03215129284466537,0.056857178218840114,2.3450283754655366,0.07933947350035427,148.15055791022291
77.31961685803851,153.36765346820528,84.51008774486819,19.8014833735496,449.1872700940405,33.941825558142305,-6.934501585479644,0.1794604306679427,0.04418445243890524,1.2271092186426151,0.14858814747132376,1.5659450018347276,1.165889676723335,-0.5017660147546271,0.5472618575917277,0.8847785421847009,0.22652198936113377,-0.5688194937418972,196.9436542067038
80.05180709667482,160.18156068904702,87.72337498274715,22.555093243013165,313.59274893255974,28.75178563805507,10.25146050338379,0.9335623848741175,0.39154219289811143,-0.4868750744727395,-1.9713359528670897,-0.7210788774995905,0.870433519440304,-0.79690450232776,1.1698494827167156,-0.9317256548961677,0.5001693287382923,-0.45360503399669316,242.86005264058315
83.31016260034365,163.84886617735162,91.71988260038178,25.28290910133067,353.9998951972864,43.658384391314655,16.522038224734445,0.750042534076806,0.07030803007154938,-0.6202704634320255,-0.7245815049313158,0.21112370657037705,-2.4529833819645313,-0.8338213093380381,2.0868533166151253,1.6970078746283135,0.5446641068784585,1.3724365076427247,223.71090451184133
81.19917470303636,162.8306741783537,90.13042742409438,30.438689944280146,139.65974054642584,42.199867004524684,18.8326582979577,0.3493276156314574,0.6319103888453435,1.507716387774268,-0.04910410482469427,-0.3582941437939307,-1.553070874051999,0.22730333822994417,0.21277617920580413,-2.3694512152697946,2.4509837264311636,0.30626561481937775,229.76145739564
53.40506363191269,104.62665236514896,59.045215471225184,21.12459680271061,351.65986634299657,28.970168924774548,-19.749042202590687,0.8988539571637837,-0.4469262192520994,-0.10945686293818555,-0.44574781846232997,-0.6487637722318526,0.17744735833893538,-1.3819722901321891,-1.0613837774837562,0.22266281957777534,-0.9372845580833726,0.5968732696719997,109.14856236195287
55.285117943073956,114.63578251814067,63.72939275929153,20.949962578548266,441.2915186084539,29.097870507651923,-8.043656840937285,0.660741154085685,0.6542070480126368,1.3502975845827838,1.8544773245276547,-0.10877083307214111,0.5817652132392452,0.8079178266422347,-1.6793383220608504,1.8192314035928567,-0.7942915502411197,0.5827961115653824,111.21925392491131
25.373343564921612,52.53561565243469,27.493379721279545,4.710039547967093,229.46911289756704,8.24577081022549,3.727064599247093,0.8911091309221394,0.46422241625459276,0.7576238548461435,-1.1935562560053727,-0.8943189870359963,-0.09327506771728485,-0.09719449209008976,-0.790070582361648,0.2881627015596486,1.301172071757911,1.5043052543830748,104.60329923727946
12.022733241726922,23.78750604231696,14.275786030201791,38.24160904338306,264.80229325011777,48.73380546407199,-17.482834528544593,0.4378727568245999,-0.8453280971881258,-0.781274285401305,-1.1730109457879214,-0.485323347098627,-0.707441828435723,-0.48265716357850136,-0.3278710461831633,-0.6935426248012811,-0.828874573123932,1.1120367415747563,-84.91685339138758
61.3880718915194,122.1200009401379,67.55110568378745,25.45294694361882,421.0910815246778,40.0444210039257,-15.498217519833602,0.46204333188035984,-0.26847450722462396,1.0743084059610926,0.8604524249595165,-0.3175980295611705,-1.0613338938803323,0.7847588728755144,0.17060145393177883,-0.443649199241683,-1.2678284738014187,1.1783273409663206,93.24653026588214
58.03337724891225,115.9002923091688,64.65440283760147,39.61676195447445,166.66611630583208,55.96112763720036,15.033531191919074,0.326667017972861,0.9061454754059473,1.6706145892193833,0.5964703413510511,-0.05039460772107292,0.708675596270429,0.8516288414692187,-0.6591997874264354,0.5000925750727556,-0.28511639951919643,-0.2121985433263854,120.25136141989927
85.5880554690419,172.24145264224188,95.58277676873087,12.633133440676797,308.03338320366936,18.96221935001638,15.09039298880814,0.5731343966390527,0.5453704145253779,1.3762834043293477,1.1096169750041163,0.29345612539768645,-0.6232410902704574,-1.0809061632302217,0.11002770286605991,1.3400194105937233,-1.8675156109138438,0.3111193803834702,274.8747627381358
76.9161548430913,155.28591133667177,85.61486439348968,49.21239982004974,194.62496046593452,78.31906982105882,11.532111576365828,0.9151985720748108,0.6616111824184363,0.20237063927460597,-0.6826770410699231,-1.4426849996086482,0.062356894752868534,-1.0142895900085693,-1.6888226598992773,-1.104402000358051,-1.1830385435809834,-0.8197393615902046,204.8412393378423
11.55586557093591,24.95544538448238,13.078130408103572,14.63919211070664,323.18326014595993,22.170486283143777,-2.469003206864624,0.5413623054695609,1.7106202914025324,-2.5283370927741977,-1.1815502376832479,0.5380263545116959,-1.1432068166920795,-0.01906260844250856,-0.03595047462498667,-0.1952035090871855,0.8321416150357535,0.7650180633454013,5.117291858787889
47.30008526918901,94.2673887040147,51.721928919167986,5.6499289836821625,400.04809261573826,2.827220036926157,-15.084990248797702,0.2309261953188726,0.7418371884221997,-0.4143229529038303,0.5209832207436914,-0.10302120919242384,-0.24566954140859076,-0.16764826095386454,-1.4719521087970602,0.14896346214587378,1.2274798800396665,-0.3591920695755528,128.3453366294519
93.62130624114151,188.05059517337077,102.34587680381364,15.044173948466222,115.44774585315527,25.839959075646398,-15.32683392655633,0.9101611922993733,-0.8193471858345805,-0.689012973247755,-0.8620430805660281,0.12165483264297476,-0.5591682993398367,0.2828326995391415,0.5856390364974173,-0.23639174583693445,-0.6954964824259159,-0.5679576563038229,250.67822915394396
29.39093682071799,56.84214260670049,30.64519216915744,21.978841272416783,111.75982433146174,29.53548170433286,-4.448094575532085,0.5411838538093395,-0.35392812719344546,-0.8141478902147354,-1.1097735803326958,-0.7777526913107273,-0.20756629447411584,0.3995355619216676,0.32596237261329497,-0.6488878159966951,0.01716064077166012,0.10934458428386344,47.068108846463716
84.73930297319002,171.09501412067848,93.54108159237195,36.432707811779586,187.26454407461696,57.481271628272914,15.978832720497856,0.05635660144183263,-0.05646376209101226,-0.99991911933194,-1.3170146896827446,-2.030221918033534,0.3400666131571968,-0.1586726523143215,-0.23185494830268802,-1.106663165593974,1.2661119379810848,-0.6639104271962557,253.71290582991514
66.99765970775448,132.85713414274198,73.48952087303654,38.620044764392055,314.42868305009017,55.76549985738873,-6.139797998760628,0.32098501706395666,-0.576275799918151,-1.1328830569544646,0.6313684669458811,1.165206888118875,-0.5146934700550462,1.421934946919412,-0.8983135029684997,1.2993091327962745,-0.39139851829508204,0.9427774012819828,127.29889792692195
97.97485273489458,195.05075135394233,108.34909877418247,4.201669785613815,126.62404493909811,5.797080672113656,14.067179154375815,0.047163608396595724,-0.15858242155670582,0.4117251185372023,-0.8119287104075833,0.2737922318477241,-1.674097559860096,0.30176871634083624,-0.6048646330283364,-0.7184598243493452,0.6787089396390502,0.8325527203027009,326.24158986413914
57.603195651337586,115.07076800705335,61.70085572133433,5.606749219174246,415.7882864597573,5.676764319499934,-7.988789766333152,0.8057776539026371,-0.6015827530199268,-0.28806731719280415,-0.527137510696185,2.08650605731604,0.26115571073695326,0.8618805203156014,-1.2330010179810036,0.09056885731593961,0.0895913036352199,0.5085331635910632,163.45101263885581
29.599591552582947,62.2497473036275,34.3529483863567,34.41904194691749,195.85837073772635,47.48876347851235,19.216121489471142,0.4271240155126086,1.1030351939236382,0.26433574052722353,-0.6055406510817534,-0.13514623169520132,0.32212435013601176,-0.194324516760599,0.31490510290918666,-1.099261695530086,-0.13752404896140782,0.021588760028048277,47.74656819052801
84.44889314425494,167.29903967415993,92.76130171804294,3.129743901439358,172.61571026512127,2.2823725979643257,-6.931410780032806,0.6608938292615628,1.4469121635304278,-0.7192111016855048,-1.799615580759232,0.19718112550988262,-0.4614447313137289,-0.03444380060743106,-0.43800419968220905,-0.18799150877862228,-1.0160507077205656,0.5188639551781172,246.63036161902116
36.32836271173856,74.2538085606198,39.583044023280166,36.76103334098712,277.0772330233656,53.84727313334318,12.36288678571298,0.5888503337811115,0.790564669549249,0.34390458883315655,0.2503597905565863,0.9725534511629119,-1.115622117382591,-0.6852052275576842,1.0776093824506414,-0.9068795344049932,-2.4157479584982178,1.1365491944116959,84.24430861630843
40.73095451846156,79.4413744830309,43.36648346843036,39.514830719304506,375.7974923757649,62.08949428233506,2.1641434253109466,0.47969056090619433,-1.088202223511409,-0.5756433935048952,0.23284280990869188,2.3014497543819106,-0.152822918431532,-0.5781372579265198,-0.3533054744671861,-1.1956374093848525,-1.0243336474407299,0.6536902566677879,79.89008690721052
91.41418945695523,183.6318327335741,101.52957619817136,13.846767595456,475.153203352093,21.187695887947452,10.043303054321726,0.900944008226488,-0.773302779529026,-1.4064639123836111,-0.9314415679495212,-0.533916958204327,-1.8979163910626875,-0.7658218345446579,0.9404122038495594,-1.8780680394249318,-0.7457785588400921,1.3854300952546903,271.47555921588383
41.36765307099398,77.94918836066691,43.76780776573505,37.09486280052434,437.03480837445187,57.22571306770347,-2.355704681517956,0.5838069875744042,-0.16216477280582994,-1.361188882693772,1.5438850179211043,-1.1638297080504125,0.9784343241563792,-1.5723491512788224,-0.37967416719197145,1.1877935327659335,-1.3976373501412078,-1.6743559607331213,69.00792959065797
50.6667893445807,101.62993685368599,55.906217374535565,16.40830999263106,332.23979928827555,22.241961644855238,17.017621495941718,0.8108851842498893,0.44161006705827704,-1.7241142506503497,0.31889734300248673,1.1269477147026128,0.8542121398206798,-0.8666615897644455,-0.9439264159549102,0.7687865355814482,1.3954514061315604,0.8017741745751797,205.2183063626257
67.43757890665265,135.4642765457564,75.50291741607236,37.59927505046778,439.56851225011366,57.33403242533624,-10.169532415343943,0.9860714970964196,-1.2423758934154299,0.06497364209397485,-0.3499598454820374,2.200409813183349,-1.853905473699446,-0.9658054864740591,1.7620876239573828,0.25263407304701174,-1.110227742722179,-1.6715853825219884,132.1604926077834
85.93390364059942,168.39796341970154,92.63155810628349,41.66972566595902,278.117956125767,59.95070228730508,-14.087721538462041,0.8614430608244645,1.1805548289730914,-0.6051555847722169,0.319685508708902,1.73568949491149,1.5905885695248418,1.0014492523436203,-0.4575586651179058,1.0933387274088622,0.009035491349649784,-1.6760652927155033,158.46389041876563
51.821150455673276,103.62084320532695,55.285440382781125,33.44679784715805,178.0635479883448,49.89099317455273,9.776528215866644,0.12186053824181309,0.07381582784866164,1.323277366066522,2.5175482559554885,0.16530377893431014,-1.9166193536852285,-0.3986494999736086,0.853120215300683,-0.08194786034292495,-0.527589350217865,-0.6919232486074893,120.70315683288365
20.913632377247787,41.72987827475956,22.685965700405788,2.95354041832851,312.4475161078277,6.905279379804262,14.223410338845397,0.7171788597331713,0.8592840093757208,0.2363303321517798,0.6123954035739857,-0.5800241096780748,-0.14993188142063654,-0.6635780537773387,0.8305214955678,0.38876840501443355,-0.5732330839706001,-1.6626777100491683,73.33490312282703
54.65704149386094,107.84324867212364,60.37983713494591,45.75063043827966,131.5463579208641,67.31181353655796,3.9833540919253885,0.568349936942354,0.18971522174249544,0.7198176062731466,-1.1467766847815113,-1.059160547627321,-0.877697941580352,-0.8958776308486728,2.7074196286666425,-0.42135741506495444,0.5770341183892296,-0.88993127933561,80.55872411693886
43.004624597416964,88.11289641438611,47.635082128878246,12.315512853096505,360.26460926029756,22.03779497575839,-10.423648481135617,0.48734341240003565,0.3614789895815024,0.8490133971879252,0.3312744275950602,-0.32215629385491745,-0.24952919857486397,0.9673764156741192,-0.12755468062511738,-0.26602886215709953,0.7931727559283949,0.888631699953287,76.87221420273565
